# Blender 5.0.1
# www.blender.org
mtllib Untitled_decimated.mtl
o input
v -0.262406 -0.387914 -0.104867
v -0.262395 -0.386404 -0.106551
v -0.242917 -0.279460 -0.136344
v -0.244107 -0.282527 -0.139079
v -0.238808 -0.267606 -0.141789
v -0.237122 -0.262746 -0.139658
v -0.194623 -0.103145 -0.130379
v -0.195238 -0.105473 -0.131334
v -0.142759 0.100586 -0.118793
v -0.143617 0.097207 -0.116033
v -0.167049 -0.059300 -0.121906
v -0.148132 0.078926 -0.101990
v -0.147221 0.080867 -0.102648
v -0.098873 0.204814 -0.126830
v -0.199186 -0.126924 -0.143846
v -0.208308 -0.150744 -0.147538
v -0.209714 -0.168109 -0.104011
v -0.215814 -0.186366 -0.144670
v -0.208957 -0.154104 -0.143766
v -0.214503 -0.186342 -0.145156
v -0.229429 -0.236609 -0.143945
v -0.219088 -0.202696 -0.108375
v -0.232373 -0.258282 -0.112915
v -0.247960 -0.292846 -0.146571
v -0.245640 -0.288847 -0.145682
v -0.211779 -0.172749 -0.145265
v -0.212534 -0.173618 -0.144845
v -0.241643 -0.276729 -0.146111
v -0.260045 -0.376722 -0.114064
v -0.259000 -0.388716 -0.098166
v -0.262559 -0.398730 -0.094699
v -0.250426 -0.380466 -0.133725
v -0.253446 -0.408847 -0.104569
v -0.238886 -0.458716 -0.102125
v -0.208924 -0.493899 -0.103767
v -0.250010 -0.407268 -0.100318
v -0.256558 -0.425442 -0.143295
v -0.256525 -0.427899 -0.144947
v -0.214503 -0.488054 -0.145442
v -0.227644 -0.471446 -0.144481
v -0.259043 -0.414640 -0.135107
v -0.253129 -0.406373 -0.143966
v -0.255462 -0.431936 -0.147518
v -0.251142 -0.440962 -0.138211
v -0.251678 -0.449503 -0.152089
v -0.257207 -0.433146 -0.148006
v -0.259112 -0.417311 -0.132664
v -0.256688 -0.422029 -0.136430
v -0.256654 -0.423554 -0.137967
v -0.037516 0.317075 -0.187371
v -0.035182 0.317205 -0.187828
v -0.034940 0.327090 -0.186496
v -0.033103 0.327692 -0.186744
v -0.016503 0.334902 -0.187674
v -0.014486 0.337538 -0.187277
v -0.002684 0.316423 -0.191213
v -0.003193 0.318569 -0.190972
v 0.012086 0.330018 -0.188904
v 0.013311 0.332386 -0.188390
v 0.019970 0.283143 -0.190895
v 0.024013 0.282735 -0.190407
v -0.106378 0.224356 -0.146504
v -0.105649 0.221683 -0.141568
v -0.095498 0.151249 -0.145272
v -0.106172 0.159089 -0.145468
v -0.094630 0.164012 -0.143723
v -0.124313 0.152725 -0.142222
v -0.133157 0.132643 -0.144051
v -0.107025 0.109360 -0.144802
v -0.101218 0.135899 -0.145890
v -0.125099 0.114398 -0.145703
v -0.121003 0.081515 -0.137477
v -0.136763 0.112437 -0.141714
v -0.142762 0.091679 -0.143806
v -0.109421 0.100249 -0.143708
v -0.130671 0.071624 -0.145808
v -0.141429 0.063842 -0.145830
v -0.146821 0.070052 -0.145037
v -0.145900 0.085563 -0.145195
v -0.139504 0.087492 -0.145695
v -0.128512 0.026077 -0.145786
v -0.128886 0.024347 -0.145141
v -0.132268 0.063656 -0.145761
v -0.138190 -0.004235 -0.145772
v -0.156045 -0.018442 -0.145793
v -0.143419 -0.038620 -0.149588
v -0.171576 -0.042810 -0.139530
v -0.167063 -0.003564 -0.143961
v -0.151343 0.061577 -0.141789
v -0.161319 0.020041 -0.143846
v -0.147169 0.003574 -0.145373
v -0.136359 -0.003256 -0.144747
v -0.152581 -0.020242 -0.145785
v -0.162654 -0.056403 -0.145805
v -0.173605 -0.032214 -0.145688
v -0.152477 -0.040781 -0.145782
v -0.187561 -0.085832 -0.144202
v -0.163350 -0.060727 -0.145845
v -0.171278 -0.083905 -0.145748
v -0.185872 -0.072212 -0.143899
v -0.172794 -0.026360 -0.143445
v -0.113707 0.198328 -0.140832
v -0.100265 0.197734 -0.145317
v -0.095314 0.184655 -0.168852
v -0.088339 0.199801 -0.145333
v -0.081079 0.191314 -0.144895
v -0.100973 0.220970 -0.145505
v -0.088216 0.203411 -0.146153
v -0.089019 0.178957 -0.144457
v -0.104677 0.222770 -0.143685
v -0.180202 -0.090610 -0.145740
v -0.177501 -0.096351 -0.145728
v -0.162907 -0.110213 -0.145502
v -0.125105 0.123343 -0.145763
v -0.179056 -0.122575 -0.145739
v -0.197125 -0.128156 -0.141476
v -0.179725 -0.131586 -0.145797
v -0.163805 -0.112462 -0.144734
v -0.205832 -0.149708 -0.145596
v -0.183925 -0.154966 -0.145671
v -0.171549 -0.145685 -0.145211
v -0.210454 -0.169402 -0.144365
v -0.172784 -0.149119 -0.144882
v -0.181604 -0.184227 -0.145208
v -0.208871 -0.200188 -0.145506
v -0.214607 -0.190078 -0.143267
v -0.205614 -0.172674 -0.145036
v -0.190150 -0.209459 -0.144575
v -0.227664 -0.263375 -0.137314
v -0.192174 -0.218621 -0.145426
v -0.188521 -0.241971 -0.144949
v -0.184829 -0.236305 -0.143477
v -0.201054 -0.257394 -0.145802
v -0.225376 -0.233055 -0.140832
v -0.229793 -0.242169 -0.146116
v -0.218162 -0.228633 -0.145327
v -0.229579 -0.240926 -0.145478
v -0.211416 -0.172068 -0.145185
v -0.206361 -0.155086 -0.144871
v -0.186906 -0.071860 -0.144952
v -0.128348 0.025665 -0.145636
v -0.215828 -0.196860 -0.142985
v -0.182799 -0.186832 -0.144983
v -0.180783 -0.185855 -0.145725
v -0.230086 -0.246104 -0.146020
v -0.231566 -0.247969 -0.145853
v -0.231662 -0.282626 -0.146857
v -0.216495 -0.276184 -0.143552
v -0.251285 -0.334416 -0.135952
v -0.241085 -0.289233 -0.147154
v -0.240754 -0.350891 -0.146835
v -0.243183 -0.362945 -0.145660
v -0.084150 0.181152 -0.137571
v -0.078739 0.169125 -0.132784
v -0.065742 0.178528 -0.136485
v -0.068283 0.165681 -0.136715
v -0.071667 0.180057 -0.140970
v -0.074050 0.183408 -0.138720
v -0.059208 0.174714 -0.137213
v -0.057127 0.154572 -0.136763
v -0.078967 0.162284 -0.130939
v -0.055421 0.141393 -0.136842
v -0.080329 0.126432 -0.136639
v -0.040224 0.132069 -0.136841
v -0.049260 0.125306 -0.136873
v -0.049701 0.108684 -0.136880
v -0.044327 0.112090 -0.136850
v -0.049186 0.100929 -0.136860
v -0.062243 0.121387 -0.136863
v -0.067327 0.119361 -0.136884
v -0.023549 0.110928 -0.136862
v -0.030836 0.135727 -0.136835
v -0.019082 0.120111 -0.136901
v -0.078492 0.079570 -0.133848
v -0.056387 0.074878 -0.136881
v -0.039939 0.069230 -0.136841
v -0.054716 0.055555 -0.136854
v -0.021140 0.043858 -0.137100
v -0.003260 0.067453 -0.136902
v -0.018748 0.035095 -0.136996
v -0.021883 0.028969 -0.138499
v 0.028227 0.039938 -0.136986
v -0.014375 0.028714 -0.136745
v -0.058310 0.044969 -0.136917
v -0.079702 0.036047 -0.145953
v -0.048503 0.052123 -0.136830
v 0.023620 0.061667 -0.136873
v 0.022459 0.072985 -0.136871
v 0.047264 0.073527 -0.136873
v -0.062854 0.058319 -0.136907
v 0.034174 0.052453 -0.136927
v 0.053712 0.065828 -0.136853
v 0.056300 0.055240 -0.136888
v 0.055965 0.033941 -0.137057
v 0.067284 0.057841 -0.136937
v 0.030642 0.031495 -0.141017
v 0.035988 0.092416 -0.136919
v -0.007538 0.133129 -0.136966
v 0.013621 0.110907 -0.136867
v 0.008881 0.122234 -0.136831
v -0.063778 0.043973 -0.136933
v -0.058360 0.051468 -0.136889
v -0.024342 0.075937 -0.136864
v -0.038759 0.097826 -0.136919
v 0.050208 0.082342 -0.136888
v -0.020474 0.114685 -0.136819
v -0.010368 0.081027 -0.136872
v -0.006226 0.096454 -0.136918
v 0.079058 0.024544 -0.130955
v -0.066509 0.060575 -0.136871
v -0.014544 0.082856 -0.136860
v 0.005757 0.116886 -0.136878
v 0.065704 0.047123 -0.136975
v 0.073555 0.057679 -0.136873
v 0.052491 0.072997 -0.136895
v 0.045708 0.089622 -0.136850
v 0.080184 0.060578 -0.134588
v 0.063336 0.095399 -0.136894
v 0.070970 0.105280 -0.137006
v 0.051789 0.100930 -0.136886
v 0.081808 0.136029 -0.136791
v 0.070170 0.101020 -0.136882
v 0.074406 0.061920 -0.136893
v 0.071295 0.075093 -0.136891
v -0.045973 0.106651 -0.136870
v 0.018104 0.138578 -0.136895
v 0.003902 0.162780 -0.146032
v -0.040837 0.152427 -0.136858
v -0.037970 0.166185 -0.137983
v 0.025022 0.120278 -0.136863
v 0.034099 0.127815 -0.136865
v -0.034564 0.142354 -0.136848
v 0.019688 0.149095 -0.136775
v -0.032550 0.165900 -0.140607
v 0.050776 0.127076 -0.136825
v 0.056386 0.119498 -0.136876
v 0.079407 0.142964 -0.131606
v 0.073450 0.129768 -0.136849
v 0.054353 0.144170 -0.136838
v 0.032839 0.151754 -0.136905
v -0.070868 0.126521 -0.136927
v -0.080134 0.125100 -0.136299
v 0.055166 0.167714 -0.136886
v 0.063560 0.175235 -0.138192
v 0.069243 0.174619 -0.137055
v 0.017534 0.150992 -0.136925
v 0.066445 0.128495 -0.136851
v -0.054600 0.152478 -0.136803
v -0.047233 0.171031 -0.139504
v -0.042687 0.178383 -0.147091
v -0.060851 0.184774 -0.142976
v -0.050192 0.196713 -0.157693
v -0.035725 0.185762 -0.155089
v -0.025351 0.198465 -0.164671
v -0.017361 0.184920 -0.156021
v -0.001114 0.203493 -0.168645
v -0.025015 0.202500 -0.167632
v 0.006663 0.206901 -0.167800
v 0.030065 0.202599 -0.165453
v -0.022502 0.215727 -0.174638
v -0.054945 0.204463 -0.158119
v -0.022659 0.233094 -0.174212
v 0.053694 0.160934 -0.136708
v 0.033146 0.156129 -0.136417
v -0.000018 0.191931 -0.161990
v 0.049131 0.169007 -0.142637
v 0.020035 0.155965 -0.136949
v 0.027866 0.155473 -0.136896
v 0.000331 0.182046 -0.156045
v -0.004519 0.184913 -0.157028
v 0.043259 0.088769 -0.136864
v 0.001961 0.182510 -0.156217
v -0.025461 0.179468 -0.150716
v 0.071167 0.177499 -0.137755
v -0.040364 0.179535 -0.149130
v 0.078169 0.171626 -0.142719
v -0.033546 0.181319 -0.151521
v -0.054008 0.173747 -0.138374
v -0.248423 -0.385847 -0.149619
v -0.256766 -0.388921 -0.141966
v -0.259454 -0.373074 -0.145908
v -0.253020 -0.411899 -0.141742
v 0.028606 0.195649 -0.163326
v 0.046484 0.190748 -0.152250
v 0.052140 0.213902 -0.166446
v 0.032074 0.230462 -0.178188
v 0.058166 0.207525 -0.161792
v 0.069146 0.231923 -0.168677
v 0.057986 0.235113 -0.173386
v 0.063387 0.213949 -0.161830
v 0.070835 0.240807 -0.169971
v 0.058260 0.198605 -0.153806
v 0.054029 0.238479 -0.176703
v 0.046794 0.242285 -0.179955
v 0.055155 0.248770 -0.178355
v -0.068839 0.232583 -0.167553
v -0.042825 0.211096 -0.149952
v -0.046620 0.239095 -0.178903
v -0.067233 0.237556 -0.167315
v -0.029910 0.233685 -0.180749
v -0.033298 0.244764 -0.183336
v -0.021272 0.263090 -0.186240
v -0.031859 0.253706 -0.184907
v -0.047047 0.263166 -0.178862
v -0.041200 0.265215 -0.175563
v -0.038930 0.245744 -0.181450
v -0.215541 -0.230613 -0.145346
v 0.002639 0.236301 -0.183829
v -0.004556 0.258028 -0.187677
v 0.008607 0.251462 -0.186342
v -0.011034 0.258541 -0.188858
v 0.015474 0.259229 -0.187961
v 0.021241 0.274532 -0.189379
v 0.001375 0.265219 -0.189262
v -0.012260 0.275501 -0.190486
v -0.009617 0.261704 -0.189048
v -0.017521 0.284866 -0.191331
v -0.020857 0.280881 -0.189541
v -0.001183 0.282744 -0.190615
v 0.002073 0.293305 -0.190823
v 0.015237 0.303321 -0.191640
v 0.010198 0.279167 -0.191304
v 0.021463 0.298030 -0.190087
v 0.035443 0.297332 -0.189192
v 0.035848 0.283741 -0.186906
v 0.053227 0.308015 -0.182810
v 0.044919 0.320884 -0.185168
v 0.041810 0.273624 -0.186617
v 0.032692 0.282883 -0.189163
v 0.042504 0.263425 -0.183432
v 0.028819 0.281708 -0.189691
v 0.029549 0.255772 -0.183390
v 0.044131 0.244244 -0.180656
v 0.052199 0.263690 -0.182012
v 0.056868 0.256924 -0.177726
v 0.061678 0.273156 -0.179900
v 0.057643 0.282634 -0.181776
v 0.069757 0.293205 -0.177435
v 0.069210 0.275592 -0.168644
v 0.049022 0.278752 -0.184121
v 0.045210 0.271955 -0.185395
v 0.053073 0.269931 -0.183298
v 0.072251 0.261568 -0.175126
v 0.062261 0.265960 -0.179650
v 0.064349 0.252137 -0.173209
v 0.072694 0.244485 -0.170303
v 0.082664 0.267319 -0.163030
v 0.083299 0.222130 -0.154953
v 0.068803 0.219114 -0.163394
v 0.071907 0.231655 -0.165457
v 0.060858 0.205224 -0.159414
v 0.070257 0.207605 -0.151869
v 0.092536 0.241793 -0.148326
v 0.088176 0.225982 -0.154248
v 0.017944 0.283492 -0.190819
v 0.055658 0.297812 -0.183717
v 0.035647 0.308416 -0.187621
v 0.020455 0.305440 -0.190303
v 0.026202 0.321038 -0.188653
v -0.003148 0.334842 -0.188326
v -0.001192 0.323935 -0.190388
v -0.001024 0.322145 -0.190634
v -0.012340 0.318361 -0.184229
v -0.017686 0.320456 -0.190053
v -0.009175 0.308732 -0.190748
v 0.000337 0.310950 -0.191521
v 0.018082 0.331345 -0.186205
v -0.035575 0.312700 -0.187597
v -0.040766 0.315154 -0.186940
v -0.046762 0.327344 -0.183029
v -0.035689 0.302616 -0.186547
v -0.064043 0.275678 -0.179479
v -0.066633 0.299951 -0.178442
v -0.052565 0.317423 -0.179760
v -0.023312 0.316350 -0.189591
v 0.029343 0.324852 -0.187565
v 0.004295 0.346465 -0.181704
v 0.013116 0.349507 -0.182016
v 0.004750 0.306453 -0.191574
v -0.087245 0.267377 -0.160006
v -0.050342 0.278296 -0.184329
v -0.061283 0.262976 -0.181759
v -0.062251 0.259509 -0.184441
v -0.059311 0.247444 -0.176169
v 0.029587 0.342442 -0.182852
v -0.019191 0.334160 -0.185859
v 0.003584 0.332080 -0.188536
v 0.001607 0.334292 -0.188888
v 0.065096 0.301559 -0.178472
v 0.007455 0.311433 -0.190048
v 0.014092 0.309287 -0.191211
v -0.025555 0.325450 -0.187732
v -0.036393 0.324920 -0.186121
v -0.003529 0.312155 -0.191592
v 0.064472 0.239995 -0.173218
v -0.039744 0.288870 -0.187102
v -0.007372 0.341565 -0.185128
v 0.037788 0.315964 -0.186429
v 0.021003 0.226409 -0.172482
v 0.011038 0.227010 -0.178716
v 0.002501 0.230711 -0.178809
v -0.009524 0.230038 -0.174927
v -0.032746 0.331847 -0.186122
v 0.031301 0.324767 -0.187534
v 0.045506 0.324358 -0.184785
v 0.037252 0.332579 -0.184329
v -0.025438 0.339432 -0.184409
v -0.028812 0.285850 -0.188979
v -0.037268 0.331470 -0.184744
v -0.039384 0.339502 -0.186881
v -0.000150 0.362344 -0.178618
v -0.019639 0.291786 -0.190382
v -0.010941 0.187429 -0.159281
v -0.083353 0.250246 -0.166286
v -0.076133 0.231246 -0.151957
v -0.069924 0.212755 -0.159360
v -0.064849 0.196298 -0.151826
v -0.070359 0.195868 -0.150248
v -0.095352 0.240814 -0.156303
v -0.097705 0.244392 -0.155581
v -0.078196 0.263312 -0.171619
v -0.066104 0.214802 -0.162348
v -0.017453 0.353049 -0.181857
v -0.027449 0.343239 -0.182264
v -0.059771 0.199880 -0.156521
v 0.006217 0.260377 -0.188211
v -0.058818 0.195630 -0.154279
v -0.198875 -0.258025 -0.144364
v -0.187501 -0.264585 -0.136731
v -0.183682 -0.242939 -0.141534
v -0.173598 -0.252512 -0.137776
v -0.171309 -0.269179 -0.134985
v -0.176165 -0.287356 -0.135563
v -0.169642 -0.283231 -0.134502
v -0.162809 -0.296847 -0.133680
v -0.169653 -0.281301 -0.135712
v -0.174222 -0.296894 -0.136044
v -0.169083 -0.320082 -0.137341
v -0.015168 0.341777 -0.185760
v -0.171359 -0.258326 -0.134899
v -0.170386 -0.277564 -0.137430
v -0.232063 -0.247948 -0.145373
v -0.198634 -0.256600 -0.144981
v 0.030589 0.324556 -0.187707
v -0.175626 -0.327141 -0.136411
v -0.173076 -0.340483 -0.136960
v -0.166508 -0.351914 -0.131866
v -0.170632 -0.357728 -0.134496
v -0.174002 -0.357285 -0.135620
v -0.175170 -0.343971 -0.135716
v -0.172397 -0.347275 -0.138209
v -0.166896 -0.320402 -0.138185
v -0.164764 -0.316810 -0.136744
v -0.164051 -0.310905 -0.136940
v -0.249825 -0.438692 -0.143612
v -0.245984 -0.451104 -0.150985
v -0.232155 -0.452391 -0.150446
v -0.241642 -0.470350 -0.149546
v -0.248125 -0.449348 -0.150337
v -0.236116 -0.471694 -0.149302
v -0.231642 -0.461136 -0.152195
v -0.231141 -0.459684 -0.150953
v -0.216989 -0.486707 -0.142865
v -0.233368 -0.474421 -0.148482
v -0.105116 0.225634 -0.142392
v -0.229968 -0.240839 -0.144802
v -0.096599 0.153673 -0.144855
v -0.105109 0.154684 -0.145660
v -0.094470 0.166687 -0.145498
v -0.104943 0.179053 -0.145590
v -0.091388 0.182084 -0.147563
v -0.086426 0.186978 -0.145493
v -0.085477 0.197857 -0.142173
v -0.087605 0.201940 -0.143023
v -0.088417 0.199827 -0.145293
v -0.091572 0.202295 -0.145143
v -0.108916 0.193248 -0.145509
v -0.105301 0.189781 -0.145577
v -0.125847 0.157672 -0.141340
v -0.125433 0.164143 -0.147019
v -0.121770 0.134690 -0.145650
v -0.129655 0.130813 -0.145727
v -0.126301 0.119980 -0.145694
v -0.122929 0.112905 -0.145741
v -0.127645 0.113421 -0.145757
v -0.134254 0.106183 -0.145655
v -0.133533 0.081211 -0.145703
v -0.129284 0.084780 -0.145741
v -0.141531 0.087435 -0.144377
v -0.142822 0.091693 -0.145484
v -0.132848 0.132383 -0.142277
v -0.132771 0.136779 -0.146452
v -0.141771 0.082487 -0.145771
v -0.142206 0.074101 -0.145737
v -0.122506 0.097614 -0.145602
v -0.114547 0.104476 -0.145831
v -0.099185 0.204095 -0.145329
v -0.097059 0.209193 -0.145414
v -0.147414 0.066354 -0.140264
v -0.148725 0.063447 -0.140040
v -0.130471 0.068230 -0.145786
v -0.125978 0.069129 -0.145765
v -0.136356 0.057170 -0.145782
v -0.131677 0.060172 -0.145742
v -0.174447 -0.044636 -0.145774
v -0.176711 -0.038568 -0.143578
v -0.189478 -0.090129 -0.145757
v -0.183855 -0.093275 -0.145682
v -0.180264 -0.126079 -0.146532
v -0.189212 -0.125316 -0.145461
v -0.192213 -0.135948 -0.145671
v -0.184891 -0.140691 -0.145658
v -0.199778 -0.180586 -0.145728
v -0.195408 -0.170917 -0.145237
v -0.221821 -0.236670 -0.145606
v -0.218039 -0.230293 -0.145737
v -0.215372 -0.221858 -0.145444
v -0.214142 -0.228780 -0.145435
v -0.208986 -0.195173 -0.145520
v -0.215542 -0.197631 -0.145668
v -0.205269 -0.156128 -0.145676
v -0.202964 -0.153809 -0.145442
v -0.210229 -0.173468 -0.142006
v -0.206819 -0.170342 -0.139776
v -0.178807 -0.090565 -0.145756
v -0.170968 -0.086347 -0.145733
v -0.178136 -0.082644 -0.145721
v -0.172998 -0.081242 -0.145703
v -0.166712 -0.062627 -0.145550
v -0.167024 -0.055546 -0.145565
v -0.150964 -0.039207 -0.145813
v -0.145936 -0.043342 -0.145812
v -0.159069 -0.058580 -0.145729
v -0.149142 -0.058114 -0.146592
v -0.193583 -0.217831 -0.145034
v -0.191622 -0.214762 -0.145260
v -0.186520 -0.190732 -0.145711
v -0.192053 -0.190605 -0.145632
v -0.174637 -0.147480 -0.141453
v -0.173554 -0.144926 -0.141420
v -0.165843 -0.110021 -0.144846
v -0.163486 -0.109277 -0.145982
v -0.137660 -0.004052 -0.145795
v -0.139772 0.002786 -0.145931
v -0.131334 0.026317 -0.142922
v -0.128286 0.025741 -0.145525
v -0.147874 -0.016621 -0.145764
v -0.152881 -0.018115 -0.145761
v -0.155290 -0.020606 -0.145976
v -0.154295 -0.026270 -0.145922
v -0.172454 -0.027858 -0.145648
v -0.167627 -0.028403 -0.145611
v -0.164530 -0.004216 -0.145573
v -0.159370 0.001870 -0.145673
v -0.101222 0.135902 -0.145374
v -0.105551 0.140362 -0.145302
v -0.116408 0.188864 -0.142022
v -0.117084 0.195272 -0.144205
v -0.136930 -0.006897 -0.144234
v -0.137381 -0.003703 -0.141516
v -0.215806 -0.195632 -0.144055
v -0.216786 -0.197266 -0.143519
v -0.253875 -0.381308 -0.150241
v -0.250060 -0.385917 -0.150797
v -0.221854 -0.269164 -0.146827
v -0.214050 -0.272959 -0.146623
v -0.221950 -0.263423 -0.146261
v -0.234093 -0.275693 -0.146902
v -0.233719 -0.281280 -0.147183
v -0.239369 -0.291211 -0.147210
v -0.239801 -0.297219 -0.147320
v -0.230087 -0.246117 -0.145765
v -0.224976 -0.246313 -0.144914
v -0.246444 -0.353683 -0.149061
v -0.244979 -0.360032 -0.146249
v -0.244059 -0.361265 -0.145627
v -0.243712 -0.363669 -0.145673
v -0.253710 -0.434898 -0.151212
v -0.254171 -0.443069 -0.148954
v -0.235213 -0.470513 -0.150960
v -0.231211 -0.471657 -0.148625
v -0.158920 0.031769 -0.145920
v -0.160496 0.026099 -0.146384
v -0.173309 -0.023930 -0.145558
v -0.173087 -0.026656 -0.145675
v -0.206732 -0.155318 -0.145620
v -0.206270 -0.150265 -0.145471
v -0.201871 -0.136289 -0.145614
v -0.201430 -0.131725 -0.145454
v -0.239593 -0.336932 -0.148216
v -0.239106 -0.332916 -0.148090
v -0.109663 0.098568 -0.144217
v -0.110080 0.100597 -0.142740
v -0.169319 -0.007670 -0.145487
v -0.167708 -0.003263 -0.145604
v -0.213675 -0.182245 -0.145565
v -0.212853 -0.177483 -0.145470
v -0.185468 -0.240451 -0.140316
v -0.183040 -0.241747 -0.142550
v -0.247048 -0.420427 -0.151736
v -0.246084 -0.423262 -0.151616
v -0.199917 -0.255408 -0.142759
v -0.198440 -0.253358 -0.144308
v -0.256954 -0.317452 -0.147629
v -0.256090 -0.314538 -0.147545
v -0.092524 0.162893 -0.145472
v -0.091850 0.167789 -0.145554
v -0.262411 -0.374508 -0.148899
v -0.261777 -0.377061 -0.149385
v -0.104925 0.114459 -0.145508
v -0.104934 0.116682 -0.145622
v -0.190198 -0.251297 -0.142314
v -0.187955 -0.243335 -0.135512
v -0.121214 0.053949 -0.145611
v -0.119966 0.057339 -0.145541
v -0.144259 0.090536 -0.145628
v -0.143643 0.095215 -0.145439
v -0.214482 -0.273772 -0.146224
v -0.215784 -0.275847 -0.146141
v -0.138032 -0.014100 -0.145448
v -0.139033 -0.016646 -0.145602
v -0.212792 -0.485811 -0.151002
v -0.213013 -0.483685 -0.150745
v -0.215033 -0.498311 -0.150635
v -0.215177 -0.497305 -0.151000
v -0.242614 -0.442948 -0.151585
v -0.242770 -0.441719 -0.151577
v -0.145645 -0.042780 -0.145614
v -0.146307 -0.046936 -0.145450
v -0.173327 -0.275271 -0.134864
v -0.170968 -0.277192 -0.138037
v -0.173392 -0.292283 -0.133007
v -0.175872 -0.287381 -0.134946
v -0.174947 -0.254826 -0.139738
v -0.173433 -0.253095 -0.138601
v -0.166595 -0.314306 -0.136694
v -0.166559 -0.319018 -0.136714
v -0.168403 -0.322678 -0.137953
v -0.166664 -0.320637 -0.137184
v -0.161944 -0.295165 -0.137265
v -0.161968 -0.299048 -0.137309
v -0.165815 -0.348293 -0.134664
v -0.165461 -0.348950 -0.134548
v -0.169662 -0.279327 -0.137418
v -0.170063 -0.277691 -0.137643
v -0.174558 -0.343885 -0.134861
v -0.172854 -0.340313 -0.133713
v -0.172505 -0.346621 -0.137067
v -0.172228 -0.341597 -0.137107
v -0.172338 -0.356242 -0.137320
v -0.171281 -0.353994 -0.137873
v -0.174824 -0.305426 -0.137568
v -0.175461 -0.301785 -0.137459
v -0.187394 -0.265149 -0.136722
v -0.185901 -0.263977 -0.135951
v -0.163833 -0.312862 -0.136782
v -0.164013 -0.310854 -0.137057
v -0.190852 -0.214036 -0.143240
v -0.190388 -0.215388 -0.145713
v -0.174602 -0.250627 -0.139165
v -0.173191 -0.252397 -0.138366
v -0.078884 0.167468 -0.133196
v -0.080119 0.173691 -0.137672
v -0.073946 0.168492 -0.136975
v -0.071406 0.162386 -0.137008
v -0.060131 0.128275 -0.137082
v -0.062106 0.120161 -0.136939
v -0.020779 0.031351 -0.137004
v -0.020378 0.036628 -0.136968
v -0.013128 0.029394 -0.138399
v -0.012505 0.036597 -0.136868
v 0.044478 0.030397 -0.138163
v 0.050355 0.030439 -0.138068
v 0.080521 0.039335 -0.135759
v 0.081782 0.036214 -0.136336
v 0.075918 0.041599 -0.137162
v 0.077942 0.057386 -0.137528
v 0.080150 0.063450 -0.137165
v 0.067650 0.060532 -0.136855
v 0.072789 0.060420 -0.136831
v 0.069633 0.076774 -0.137064
v 0.076147 0.079292 -0.136987
v 0.074595 0.138720 -0.137011
v 0.079570 0.136875 -0.134114
v 0.069953 0.130877 -0.136908
v 0.074085 0.131005 -0.136858
v 0.061985 0.119215 -0.136751
v 0.065928 0.129207 -0.136870
v 0.075135 0.172331 -0.137405
v 0.073092 0.176722 -0.137076
v 0.058771 0.154398 -0.136832
v 0.056336 0.160260 -0.137470
v 0.055963 0.167113 -0.137464
v 0.044665 0.126789 -0.136871
v 0.052265 0.121947 -0.136927
v 0.045848 0.078792 -0.136881
v 0.046336 0.088798 -0.136781
v 0.049946 0.074800 -0.136919
v 0.050340 0.078845 -0.136910
v 0.045869 0.067671 -0.136898
v 0.053006 0.070164 -0.136845
v 0.057232 0.051083 -0.136826
v 0.052288 0.052894 -0.136824
v 0.069510 0.036041 -0.136429
v 0.067492 0.043599 -0.136765
v 0.059115 0.055191 -0.136879
v 0.061262 0.061145 -0.136896
v 0.035921 0.048283 -0.136915
v 0.035748 0.039683 -0.136483
v 0.028419 0.058189 -0.136948
v 0.033378 0.063100 -0.136897
v 0.008199 0.036092 -0.136955
v 0.000992 0.039814 -0.136912
v 0.013332 0.067174 -0.136959
v 0.022175 0.070281 -0.136958
v 0.027885 0.078472 -0.136869
v 0.031768 0.086022 -0.136863
v 0.023749 0.087766 -0.136872
v 0.019368 0.087481 -0.136903
v 0.001023 0.068058 -0.136578
v -0.007844 0.070570 -0.136923
v -0.014193 0.076612 -0.136844
v 0.050646 0.149665 -0.136791
v 0.054353 0.144170 -0.136870
v 0.036441 0.156607 -0.136892
v 0.033836 0.152455 -0.136891
v 0.030654 0.153835 -0.136965
v 0.032536 0.151647 -0.136937
v 0.027370 0.127785 -0.137022
v 0.027388 0.133171 -0.136952
v 0.026528 0.112767 -0.136751
v 0.013573 0.110342 -0.136897
v 0.028665 0.151598 -0.136900
v 0.026834 0.153046 -0.136944
v 0.018293 0.150684 -0.136905
v 0.022449 0.153008 -0.136928
v 0.013209 0.140428 -0.136805
v 0.017485 0.146690 -0.136844
v 0.004731 0.128539 -0.137004
v 0.010524 0.132684 -0.136924
v 0.003752 0.110284 -0.136840
v 0.003813 0.115668 -0.136840
v -0.010076 0.089662 -0.137005
v -0.004132 0.092970 -0.137060
v -0.010817 0.083879 -0.136891
v -0.027660 0.073898 -0.136959
v -0.019455 0.070114 -0.136909
v -0.000100 0.149136 -0.137008
v -0.005339 0.151229 -0.136861
v -0.019928 0.099987 -0.136956
v -0.027511 0.105072 -0.136957
v -0.040362 0.055460 -0.136911
v -0.030310 0.050973 -0.136822
v -0.041937 0.077420 -0.136869
v -0.039986 0.081068 -0.136863
v -0.023265 0.115069 -0.136861
v -0.023248 0.119160 -0.136858
v -0.013897 0.118568 -0.136884
v -0.012880 0.135622 -0.136996
v -0.022607 0.139477 -0.136825
v -0.029553 0.144783 -0.136889
v -0.035055 0.143641 -0.136901
v -0.036560 0.159201 -0.137349
v -0.031108 0.164947 -0.138146
v -0.051800 0.158923 -0.136807
v -0.056867 0.156261 -0.136770
v -0.050596 0.125794 -0.136712
v -0.045174 0.132269 -0.136831
v -0.062621 0.142189 -0.136899
v -0.057791 0.148208 -0.136782
v -0.051827 0.148558 -0.136767
v -0.046884 0.108582 -0.136870
v -0.044725 0.112168 -0.136870
v -0.049285 0.101014 -0.136872
v -0.047733 0.105609 -0.136881
v -0.048435 0.097656 -0.136664
v -0.044382 0.097125 -0.136860
v -0.038470 0.106852 -0.136861
v -0.040084 0.111515 -0.136869
v -0.035562 0.140499 -0.136897
v -0.032503 0.133004 -0.136951
v -0.038882 0.143518 -0.136943
v -0.043868 0.146138 -0.136923
v 0.012181 0.112897 -0.136852
v 0.009543 0.117136 -0.136804
v 0.016693 0.151285 -0.136869
v 0.015536 0.154584 -0.137175
v 0.033617 0.123793 -0.136885
v 0.039596 0.128284 -0.136912
v 0.067503 0.096800 -0.136831
v 0.068481 0.101479 -0.136815
v 0.070267 0.103436 -0.136874
v 0.076972 0.105804 -0.136876
v 0.051253 0.099940 -0.136759
v 0.057450 0.093074 -0.136845
v 0.048496 0.098642 -0.136920
v 0.042701 0.089271 -0.136875
v -0.051954 0.054194 -0.136770
v -0.058192 0.051525 -0.136880
v -0.058457 0.051422 -0.136880
v -0.059590 0.056059 -0.136948
v -0.060831 0.046575 -0.136912
v -0.057300 0.050167 -0.136890
v -0.064763 0.041586 -0.136927
v -0.060993 0.041281 -0.136929
v -0.066269 0.062415 -0.136874
v -0.060754 0.062923 -0.136865
v -0.075193 0.063463 -0.136883
v -0.066626 0.060762 -0.136856
v -0.078244 0.069572 -0.131740
v -0.078437 0.072874 -0.132066
v -0.067327 0.119361 -0.136866
v -0.066576 0.123532 -0.136863
v -0.075672 0.125413 -0.137362
v -0.079457 0.126033 -0.137162
v -0.079749 0.091140 -0.136143
v -0.077756 0.093647 -0.131712
v -0.079905 0.036181 -0.135349
v -0.078766 0.039706 -0.133241
v 0.067288 0.176035 -0.137608
v 0.071193 0.177984 -0.137638
v 0.059087 0.171846 -0.136287
v 0.054153 0.169755 -0.135984
v 0.081361 0.112067 -0.136897
v 0.081878 0.108536 -0.136784
v 0.081196 0.079949 -0.136858
v 0.081890 0.075923 -0.136790
v -0.005441 0.160322 -0.138538
v 0.002407 0.161667 -0.139256
v 0.081796 0.149752 -0.136744
v 0.081326 0.152384 -0.136840
v -0.076369 0.182598 -0.136149
v -0.071851 0.180430 -0.136390
v 0.016912 0.029042 -0.137267
v 0.020715 0.029900 -0.137111
v -0.080080 0.124890 -0.136899
v -0.080573 0.128539 -0.136778
v 0.009617 0.162178 -0.139741
v 0.011959 0.160639 -0.141146
v 0.067443 0.177992 -0.137101
v 0.064173 0.176703 -0.137283
v -0.053138 0.170407 -0.139298
v -0.055084 0.171109 -0.141168
v -0.061865 0.174459 -0.138823
v -0.064724 0.176679 -0.138315
v -0.039121 0.165945 -0.138956
v -0.040479 0.165176 -0.143834
v -0.221253 -0.209914 -0.145126
v -0.220456 -0.205549 -0.144880
v -0.033391 0.172663 -0.142825
v -0.040979 0.179263 -0.147325
v -0.035997 0.183878 -0.152812
v -0.040579 0.183886 -0.151881
v -0.033387 0.202350 -0.166876
v -0.025797 0.198494 -0.164467
v -0.028080 0.228172 -0.176320
v -0.039355 0.223997 -0.174830
v -0.027049 0.238246 -0.181956
v -0.019757 0.238883 -0.183421
v -0.011531 0.246594 -0.186017
v -0.011044 0.242257 -0.185192
v 0.006140 0.260117 -0.188843
v -0.003797 0.262822 -0.189047
v 0.003060 0.280358 -0.191010
v 0.007188 0.278343 -0.191278
v 0.000216 0.296519 -0.191381
v -0.002670 0.301782 -0.191575
v 0.005752 0.304929 -0.190911
v 0.004489 0.297960 -0.191391
v 0.018364 0.305266 -0.192622
v 0.019873 0.297339 -0.190508
v 0.014717 0.280261 -0.190773
v 0.018069 0.283589 -0.191009
v 0.011909 0.305341 -0.192882
v 0.014125 0.309317 -0.191729
v 0.006961 0.264731 -0.190185
v 0.012454 0.264949 -0.189830
v 0.021781 0.305371 -0.190679
v 0.023829 0.309368 -0.190827
v 0.034414 0.303515 -0.187038
v 0.035134 0.298525 -0.188684
v -0.003345 0.310827 -0.191775
v 0.000141 0.311224 -0.191722
v 0.002357 0.310178 -0.192037
v 0.005100 0.313282 -0.191497
v 0.035716 0.288472 -0.188745
v 0.033224 0.290864 -0.188627
v 0.033643 0.279636 -0.186127
v 0.035791 0.281195 -0.186044
v -0.009219 0.279044 -0.190789
v -0.005292 0.280138 -0.191441
v 0.024375 0.273424 -0.189518
v 0.027869 0.268927 -0.188530
v 0.019290 0.259376 -0.188526
v 0.023809 0.261745 -0.187898
v -0.017781 0.288562 -0.191041
v -0.016495 0.289996 -0.191673
v 0.003693 0.257436 -0.188411
v 0.007437 0.253691 -0.188110
v -0.016469 0.302419 -0.190730
v -0.011338 0.305361 -0.191516
v -0.006176 0.258022 -0.188663
v -0.010244 0.259851 -0.188943
v -0.016848 0.265867 -0.188574
v -0.011113 0.261688 -0.188275
v -0.018152 0.268868 -0.189484
v -0.017050 0.273664 -0.189901
v -0.021550 0.283250 -0.191806
v -0.027108 0.286310 -0.190943
v 0.040199 0.312264 -0.187539
v 0.045078 0.308682 -0.186358
v -0.005318 0.312631 -0.192012
v -0.003318 0.317192 -0.191321
v 0.043000 0.270923 -0.185974
v 0.041177 0.266284 -0.185880
v -0.000606 0.323335 -0.190386
v 0.001774 0.324224 -0.190243
v 0.046336 0.275299 -0.184637
v 0.041724 0.273626 -0.186574
v 0.052454 0.266698 -0.181866
v 0.052991 0.270006 -0.183092
v 0.028294 0.320692 -0.188156
v 0.030909 0.324408 -0.188406
v 0.049109 0.284687 -0.185203
v 0.048778 0.280447 -0.185355
v 0.023483 0.322404 -0.189068
v 0.025288 0.324863 -0.188050
v 0.040123 0.256354 -0.184815
v 0.047125 0.259734 -0.183840
v 0.028288 0.241772 -0.182834
v 0.027875 0.234356 -0.179887
v -0.019171 0.317841 -0.189851
v -0.016226 0.314988 -0.190563
v -0.002010 0.321320 -0.190379
v -0.010432 0.326501 -0.188991
v 0.051961 0.297486 -0.181382
v 0.053973 0.287282 -0.185211
v 0.030344 0.327026 -0.186881
v 0.030823 0.324505 -0.187688
v 0.041734 0.317459 -0.186660
v 0.044743 0.322644 -0.186549
v 0.000544 0.332433 -0.185545
v 0.002638 0.331111 -0.189111
v 0.001143 0.237053 -0.182780
v -0.004955 0.231529 -0.183211
v 0.015226 0.333548 -0.187939
v 0.013832 0.329355 -0.188675
v 0.012429 0.336107 -0.186856
v 0.005449 0.335968 -0.188900
v 0.053357 0.272346 -0.182943
v 0.057508 0.273553 -0.181817
v 0.047271 0.244383 -0.180177
v 0.051326 0.249859 -0.180442
v -0.027743 0.320820 -0.187847
v -0.024284 0.323119 -0.188549
v -0.017596 0.320413 -0.189828
v -0.035049 0.257142 -0.183808
v -0.029449 0.263946 -0.185225
v 0.007420 0.234692 -0.187953
v 0.009355 0.230703 -0.183219
v 0.043113 0.240311 -0.178985
v 0.044100 0.244161 -0.181276
v 0.016414 0.232580 -0.181870
v 0.011683 0.234609 -0.182890
v -0.036477 0.295304 -0.189087
v -0.035931 0.299060 -0.188959
v 0.046193 0.321317 -0.184804
v 0.047080 0.323959 -0.184180
v 0.052483 0.251215 -0.179652
v 0.054244 0.246976 -0.178460
v 0.053413 0.311039 -0.183904
v 0.055274 0.311075 -0.183298
v 0.056399 0.262517 -0.181407
v 0.060950 0.262417 -0.180796
v -0.035421 0.299167 -0.188862
v -0.031980 0.305292 -0.189147
v -0.034828 0.249902 -0.183238
v -0.033217 0.244775 -0.183131
v 0.065196 0.266262 -0.178475
v 0.064488 0.273103 -0.179208
v 0.034459 0.331402 -0.185691
v 0.032599 0.335679 -0.184952
v 0.059808 0.297014 -0.181073
v 0.067831 0.299567 -0.178795
v -0.000223 0.337207 -0.187056
v -0.003443 0.349155 -0.185280
v 0.005833 0.362182 -0.183558
v -0.023998 0.329517 -0.187534
v -0.031443 0.331415 -0.186187
v 0.055725 0.248655 -0.178648
v 0.059048 0.250491 -0.177413
v -0.042352 0.280122 -0.185751
v -0.038709 0.284699 -0.187370
v 0.019186 0.341328 -0.185179
v 0.020294 0.343777 -0.184312
v -0.041721 0.311865 -0.187248
v -0.038253 0.308621 -0.188699
v 0.066140 0.264267 -0.177062
v 0.071069 0.263320 -0.175156
v 0.068067 0.277058 -0.177414
v 0.073677 0.275765 -0.175467
v 0.062868 0.248245 -0.175737
v 0.060932 0.236140 -0.171918
v -0.036268 0.242760 -0.181629
v -0.041563 0.243409 -0.181012
v 0.005232 0.223566 -0.177407
v 0.004179 0.215647 -0.174917
v -0.012360 0.337512 -0.186654
v -0.015695 0.338930 -0.185142
v -0.036369 0.330279 -0.185751
v -0.026985 0.340110 -0.185057
v -0.036188 0.317466 -0.187594
v -0.036133 0.320048 -0.187287
v -0.022386 0.341365 -0.186278
v -0.023308 0.345462 -0.187281
v 0.055378 0.235581 -0.173941
v 0.053374 0.224489 -0.171144
v 0.030446 0.220651 -0.171055
v 0.028981 0.210122 -0.169541
v -0.046786 0.265705 -0.182849
v -0.055395 0.261956 -0.179185
v -0.051463 0.272398 -0.183730
v -0.045751 0.272955 -0.185363
v -0.048851 0.280683 -0.184349
v -0.054450 0.284253 -0.183575
v 0.001866 0.213885 -0.174413
v -0.006934 0.217427 -0.176576
v 0.072379 0.261525 -0.174807
v 0.075200 0.259466 -0.172286
v -0.053797 0.248825 -0.179367
v -0.049539 0.248181 -0.179340
v -0.025091 0.219844 -0.175438
v -0.020612 0.217117 -0.174065
v 0.068084 0.239317 -0.170923
v 0.073623 0.247639 -0.171361
v 0.008707 0.349500 -0.185436
v 0.010355 0.359160 -0.182153
v -0.050347 0.302824 -0.184174
v -0.057842 0.304036 -0.182915
v -0.043854 0.330425 -0.187141
v -0.035851 0.322471 -0.187652
v -0.014262 0.347833 -0.184520
v -0.012721 0.344621 -0.185217
v -0.048066 0.242534 -0.178909
v -0.047657 0.245406 -0.179006
v -0.046934 0.237829 -0.177194
v -0.063821 0.242237 -0.173029
v 0.079962 0.263263 -0.172136
v 0.086281 0.272727 -0.170485
v 0.073473 0.231046 -0.165520
v 0.070282 0.234832 -0.168034
v 0.077411 0.240988 -0.167633
v 0.073255 0.239967 -0.169350
v -0.050298 0.316278 -0.183629
v -0.052695 0.323036 -0.182359
v 0.068781 0.228459 -0.165545
v 0.069342 0.222581 -0.163803
v 0.067738 0.219598 -0.161139
v 0.064367 0.214785 -0.159553
v -0.000078 0.193332 -0.163661
v 0.004972 0.197521 -0.164881
v -0.063507 0.261417 -0.177073
v -0.061065 0.254768 -0.177490
v 0.020487 0.197344 -0.164542
v 0.025372 0.195009 -0.162564
v 0.053051 0.203836 -0.161392
v 0.048672 0.204883 -0.162881
v 0.031716 0.197345 -0.164890
v 0.042662 0.195802 -0.162028
v -0.020753 0.201237 -0.166363
v -0.014665 0.199542 -0.166430
v -0.064236 0.290308 -0.172643
v -0.067981 0.296691 -0.182661
v 0.059070 0.204279 -0.159604
v 0.056527 0.208315 -0.162880
v 0.061286 0.210142 -0.161454
v 0.061104 0.205631 -0.159450
v -0.003074 0.189731 -0.161226
v 0.001866 0.185229 -0.157861
v -0.073225 0.269809 -0.175655
v -0.070453 0.273997 -0.175153
v 0.087372 0.234973 -0.159280
v 0.084724 0.229694 -0.158685
v -0.037324 0.198201 -0.162740
v -0.043862 0.202188 -0.163564
v 0.093728 0.257419 -0.162442
v 0.097404 0.255668 -0.159577
v -0.064002 0.235888 -0.171022
v -0.068492 0.234240 -0.169048
v 0.062301 0.196856 -0.153483
v 0.060844 0.200910 -0.155805
v -0.069371 0.232392 -0.167616
v -0.072913 0.229859 -0.163290
v -0.013557 0.186443 -0.156856
v -0.007870 0.183458 -0.156853
v -0.035160 0.185529 -0.154668
v -0.031164 0.184190 -0.152054
v -0.059045 0.204225 -0.156831
v -0.053797 0.199343 -0.154848
v -0.083020 0.256545 -0.168772
v -0.083812 0.260718 -0.169154
v -0.024287 0.178693 -0.149912
v -0.015010 0.182136 -0.154308
v 0.001204 0.182413 -0.155639
v 0.004558 0.178878 -0.151886
v -0.068012 0.215545 -0.161811
v -0.068086 0.219838 -0.163927
v -0.066707 0.211047 -0.158998
v -0.060261 0.206247 -0.160258
v 0.007340 0.174575 -0.147524
v 0.008141 0.178342 -0.152432
v -0.091370 0.246519 -0.159576
v -0.094440 0.241076 -0.156253
v -0.063940 0.196019 -0.152284
v -0.060440 0.197090 -0.154535
v -0.048761 0.185163 -0.150866
v -0.041240 0.179631 -0.148861
v -0.066799 0.196560 -0.153929
v -0.064999 0.191239 -0.151724
v -0.071581 0.196636 -0.148837
v -0.068463 0.194736 -0.149219
v -0.066828 0.194676 -0.148450
v -0.064465 0.189329 -0.145522
v -0.166930 -0.331747 -0.121984
v -0.165577 -0.333653 -0.122103
v -0.250983 -0.446145 -0.095065
v -0.256040 -0.444987 -0.094290
v -0.237816 -0.468729 -0.096894
v -0.242198 -0.468769 -0.096317
v -0.102396 0.179876 -0.116020
v -0.166042 -0.052650 -0.118775
v -0.176151 -0.035901 -0.103046
v -0.197576 -0.171631 -0.120736
v -0.188597 -0.225450 -0.107620
v -0.224393 -0.268863 -0.116447
v -0.253704 -0.366374 -0.111324
v -0.254292 -0.402929 -0.105097
v -0.246404 -0.415443 -0.095104
v -0.251187 -0.434916 -0.103943
v -0.241926 -0.445752 -0.100824
v -0.235921 -0.465681 -0.104088
v -0.172474 -0.021985 -0.103872
v -0.213537 -0.493798 -0.102368
v -0.247628 -0.318580 -0.117088
v -0.188414 -0.224793 -0.108493
v -0.245613 -0.417717 -0.095761
v -0.174494 -0.279812 -0.125628
v -0.160976 -0.296950 -0.120874
v -0.171268 -0.326016 -0.126965
v -0.180854 -0.263008 -0.127513
v -0.179413 -0.248175 -0.114469
v -0.164881 -0.334496 -0.123342
v -0.169516 -0.359663 -0.121529
v -0.165087 -0.358886 -0.123568
v -0.163738 -0.337135 -0.122968
v -0.174725 -0.357642 -0.123654
v -0.169727 -0.359997 -0.122452
v -0.241556 -0.465947 -0.106282
v -0.238956 -0.474226 -0.110064
v -0.249794 -0.443253 -0.108936
v -0.254829 -0.445791 -0.109496
v -0.251687 -0.376650 -0.108619
v -0.254123 -0.407605 -0.102492
v -0.248983 -0.437368 -0.101042
v -0.245346 -0.446020 -0.106352
v -0.233283 -0.464988 -0.097813
v -0.212680 -0.492204 -0.103231
v -0.253471 -0.410833 -0.142973
v -0.254882 -0.374570 -0.136676
v -0.247997 -0.441467 -0.143188
v -0.235352 -0.466699 -0.146327
v -0.218114 -0.486697 -0.145354
v -0.245225 -0.382436 -0.130716
v -0.246116 -0.382717 -0.130023
v -0.255323 -0.381808 -0.121815
v -0.260046 -0.374374 -0.119361
v -0.260784 -0.374113 -0.117502
v -0.247086 -0.379006 -0.121304
v -0.230415 -0.395345 -0.131605
v -0.180781 -0.446951 -0.131963
v -0.209674 -0.422901 -0.132482
v -0.162746 -0.458813 -0.130646
v -0.232971 -0.417670 -0.139371
v -0.233446 -0.415528 -0.140264
v -0.216400 -0.428141 -0.136224
v -0.216817 -0.427250 -0.137447
v -0.165739 -0.466784 -0.128750
v -0.164002 -0.467154 -0.131540
v -0.222999 -0.422252 -0.124903
v -0.224692 -0.420863 -0.126995
v -0.251744 -0.436602 -0.102184
v -0.255201 -0.395464 -0.107331
v -0.228353 -0.489142 -0.104268
v -0.231861 -0.464273 -0.108123
v -0.227338 -0.464609 -0.107503
v -0.229601 -0.462951 -0.107019
v -0.227443 -0.464645 -0.107187
v -0.241932 -0.439560 -0.150285
v -0.242396 -0.441051 -0.149451
v -0.245971 -0.427831 -0.150990
v -0.245191 -0.430319 -0.151790
v -0.255858 -0.416265 -0.142099
v -0.253832 -0.375807 -0.136023
v -0.240335 -0.364156 -0.139783
v -0.238152 -0.363284 -0.139698
v -0.243048 -0.432811 -0.150843
v -0.241009 -0.436731 -0.151851
v -0.242478 -0.440011 -0.151422
v -0.243645 -0.437867 -0.150869
v -0.219734 -0.475175 -0.138658
v -0.217649 -0.477321 -0.137073
v -0.233619 -0.476387 -0.143423
v -0.230565 -0.459158 -0.151608
v -0.230907 -0.460055 -0.152738
v -0.210858 -0.499300 -0.149574
v -0.212990 -0.497123 -0.140019
v -0.235189 -0.343302 -0.117548
v -0.235119 -0.344565 -0.119318
v -0.235319 -0.332990 -0.114331
v -0.235346 -0.333685 -0.112881
v -0.200266 -0.258624 -0.112703
v -0.200218 -0.259208 -0.117968
v -0.240429 -0.389944 -0.129070
v -0.234348 -0.358160 -0.140486
v -0.237187 -0.335951 -0.104463
v -0.236607 -0.331849 -0.107129
v -0.232376 -0.322672 -0.139421
v -0.237622 -0.315157 -0.111235
v -0.241884 -0.375558 -0.109629
v -0.227900 -0.414048 -0.132563
v -0.216147 -0.254455 -0.129889
v -0.247701 -0.303748 -0.130593
v -0.245004 -0.428301 -0.150390
v -0.244433 -0.430131 -0.151263
v -0.223079 -0.414107 -0.129133
v -0.206469 -0.428967 -0.129797
v -0.234229 -0.392669 -0.131603
v -0.240410 -0.369264 -0.132278
v -0.171035 -0.458620 -0.130659
v -0.166324 -0.463621 -0.135814
v -0.167009 -0.464384 -0.135380
v -0.223207 -0.416535 -0.133509
v -0.205588 -0.430811 -0.133801
v -0.200748 -0.430322 -0.125440
v -0.191326 -0.435341 -0.128958
v -0.187815 -0.446550 -0.133799
v -0.169935 -0.457605 -0.133077
v -0.233705 -0.405354 -0.121772
v -0.236946 -0.378128 -0.123538
v -0.235289 -0.403763 -0.123060
v -0.200792 -0.429473 -0.126851
v -0.239381 -0.348493 -0.148156
v -0.238322 -0.349638 -0.147176
v -0.239639 -0.328202 -0.143775
v -0.239322 -0.350852 -0.144118
v -0.243020 -0.359955 -0.147139
v -0.235197 -0.316205 -0.146875
v -0.240107 -0.361994 -0.145264
v -0.242780 -0.364134 -0.147270
v -0.246106 -0.367949 -0.144480
v -0.229775 -0.307557 -0.144570
v -0.235997 -0.359712 -0.137665
v -0.236954 -0.364776 -0.140561
v -0.239384 -0.364529 -0.139450
v -0.240034 -0.371472 -0.139047
v -0.242467 -0.376380 -0.138835
v -0.235001 -0.368150 -0.136093
v -0.239381 -0.348493 -0.148156
v -0.238854 -0.350495 -0.147522
v -0.238947 -0.351072 -0.147629
v -0.237643 -0.350434 -0.146490
v -0.223801 -0.473745 -0.108192
v -0.228048 -0.466913 -0.106925
v -0.219015 -0.480404 -0.107110
v -0.217581 -0.482708 -0.107522
v -0.231984 -0.463855 -0.107269
v -0.215198 -0.482544 -0.106602
v -0.214993 -0.484875 -0.108056
v -0.210985 -0.497833 -0.109705
v -0.216331 -0.483018 -0.108773
v -0.215704 -0.482662 -0.109912
v -0.214548 -0.482395 -0.108701
v -0.204842 0.250616 0.051235
v -0.108099 0.223841 -0.093612
v -0.204926 0.252474 0.090587
v -0.221645 0.244950 0.185402
v -0.204567 0.257565 0.088345
v -0.119952 0.267707 -0.139438
v -0.180985 0.153771 0.191585
v -0.135367 0.153642 0.057262
v -0.139180 0.157123 0.056627
v -0.151486 0.146971 0.111451
v -0.157374 0.136196 0.181918
v -0.175594 0.148354 0.192146
v -0.097597 0.247596 -0.152766
v -0.071633 0.197927 -0.141928
v -0.060609 0.179175 -0.140163
v -0.048239 0.174047 -0.140116
v -0.180524 0.154771 0.190762
v -0.181914 0.155936 0.189712
v -0.226722 0.293231 0.183066
v -0.226567 0.295141 0.181634
v -0.225414 0.261864 0.172432
v -0.225689 0.261284 0.174820
v -0.226159 0.295657 0.177770
v -0.225769 0.296521 0.174301
v -0.226181 0.325144 0.182106
v -0.225971 0.324826 0.180318
v -0.224216 0.257361 0.164455
v -0.223691 0.257156 0.160868
v -0.224135 0.291220 0.160674
v -0.223894 0.289654 0.158857
v -0.214854 0.275494 0.117315
v -0.215389 0.277610 0.118953
v -0.213861 0.257287 0.116804
v -0.212889 0.257805 0.113503
v -0.213374 0.326334 0.118938
v -0.213606 0.323104 0.118777
v -0.213772 0.356571 0.156354
v -0.214357 0.354459 0.156923
v -0.213527 0.366538 0.172481
v -0.213782 0.366764 0.175412
v -0.208443 0.316775 0.099497
v -0.209140 0.315875 0.101627
v -0.202696 0.325215 0.083635
v -0.202774 0.322834 0.083045
v -0.196684 0.328766 0.067110
v -0.198100 0.325793 0.069995
v -0.197417 0.359496 0.095581
v -0.197768 0.357323 0.094384
v -0.193488 0.289920 0.048251
v -0.192716 0.291346 0.045787
v -0.189404 0.321245 0.041060
v -0.188955 0.324453 0.040967
v -0.189779 0.344758 0.056976
v -0.188869 0.346797 0.055850
v -0.186208 0.369822 0.072679
v -0.186582 0.370287 0.074575
v -0.184379 0.305113 0.019545
v -0.185151 0.300240 0.021437
v -0.181492 0.382033 0.076023
v -0.181099 0.381478 0.073748
v -0.176487 0.319068 -0.003361
v -0.175624 0.319296 -0.006341
v -0.169774 0.330676 -0.022223
v -0.169601 0.332392 -0.021628
v -0.166179 0.303921 -0.050931
v -0.165693 0.306656 -0.052509
v -0.164246 0.351576 -0.024416
v -0.164401 0.349102 -0.026733
v -0.160958 0.343668 -0.048360
v -0.160787 0.346121 -0.046264
v -0.158320 0.350892 -0.051061
v -0.159102 0.350530 -0.048156
v -0.157175 0.364283 -0.036666
v -0.155407 0.367383 -0.038920
v -0.152280 0.357609 -0.066213
v -0.151068 0.360494 -0.066825
v -0.144567 0.379572 -0.060928
v -0.143946 0.378803 -0.064502
v -0.141478 0.373111 -0.080476
v -0.142565 0.372366 -0.078400
v -0.131499 0.340341 -0.122363
v -0.132629 0.338852 -0.121326
v -0.127912 0.310552 -0.134678
v -0.126353 0.308183 -0.136793
v -0.216609 0.330679 0.132305
v -0.214092 0.326792 0.121773
v -0.217113 0.288833 0.133674
v -0.225140 0.298018 0.168497
v -0.225998 0.318584 0.192234
v -0.226630 0.294589 0.182044
v -0.226708 0.293403 0.182949
v -0.225231 0.297991 0.168481
v -0.227961 0.254734 0.192400
v -0.221299 0.254117 0.146537
v -0.226803 0.259149 0.183630
v -0.223184 0.253617 0.163883
v -0.219967 0.331396 0.150189
v -0.223303 0.329071 0.190185
v -0.125239 0.349261 -0.126830
v -0.125362 0.338208 -0.131875
v -0.147229 0.332869 -0.093454
v -0.122746 0.322635 -0.138543
v -0.120946 0.371711 -0.106949
v -0.121115 0.308291 -0.139950
v -0.121423 0.299747 -0.143812
v -0.120572 0.269207 -0.137182
v -0.144276 0.281458 -0.089724
v -0.165861 0.270871 -0.047333
v -0.163773 0.267858 -0.053882
v -0.194289 0.277746 0.051297
v -0.192635 0.282178 0.044619
v -0.186395 0.305723 0.026520
v -0.184944 0.310502 0.022729
v -0.175866 0.289155 -0.010362
v -0.175188 0.284228 -0.012194
v -0.180262 0.340179 0.023946
v -0.181402 0.338246 0.024972
v -0.171646 0.302642 -0.025930
v -0.170786 0.308843 -0.029136
v -0.158285 0.347218 -0.055694
v -0.158664 0.342832 -0.058146
v -0.208629 0.291959 0.095677
v -0.207913 0.296559 0.093777
v -0.164938 0.291400 -0.057043
v -0.164149 0.294470 -0.060459
v -0.184020 0.289367 0.017150
v -0.184370 0.284380 0.018691
v -0.204162 0.279737 0.081426
v -0.203597 0.284873 0.079380
v -0.163315 0.326936 -0.053086
v -0.164518 0.321500 -0.051473
v -0.168624 0.327813 -0.029241
v -0.167837 0.329551 -0.030723
v -0.164475 0.318797 -0.053211
v -0.164548 0.315470 -0.054518
v -0.213084 0.352585 0.145133
v -0.212037 0.353713 0.140938
v -0.188833 0.357098 0.064634
v -0.188696 0.358176 0.066009
v -0.209429 0.298202 0.098942
v -0.209400 0.294454 0.098360
v -0.181332 0.300222 0.008493
v -0.180322 0.303373 0.005498
v -0.199496 0.324379 0.073661
v -0.199789 0.320262 0.073146
v -0.159395 0.340746 -0.057985
v -0.159791 0.336383 -0.060245
v -0.184780 0.279407 0.020825
v -0.184223 0.283207 0.018351
v -0.167386 0.356728 -0.005761
v -0.167553 0.353510 -0.009013
v -0.163697 0.360234 -0.015323
v -0.162760 0.362848 -0.015363
v -0.217206 0.298153 0.125789
v -0.216119 0.301994 0.122749
v -0.199946 0.318092 0.072991
v -0.198730 0.319608 0.069752
v -0.162828 0.316889 -0.061140
v -0.162775 0.313774 -0.062636
v -0.218133 0.344488 0.169565
v -0.217767 0.343847 0.164390
v -0.167728 0.319954 -0.038075
v -0.167385 0.323855 -0.037263
v -0.182053 0.346671 0.033824
v -0.183950 0.342395 0.036252
v -0.163083 0.323722 -0.056294
v -0.162137 0.325999 -0.058743
v -0.211501 0.278907 0.105445
v -0.212533 0.274070 0.109507
v -0.155762 0.317225 -0.084349
v -0.154605 0.318776 -0.086818
v -0.190726 0.288360 0.039468
v -0.190571 0.285134 0.039116
v -0.189322 0.294494 0.034959
v -0.189235 0.290775 0.034584
v -0.163468 0.336721 -0.044366
v -0.164453 0.333150 -0.043256
v -0.177629 0.326398 0.004415
v -0.175940 0.329335 0.000197
v -0.164861 0.337998 -0.036956
v -0.164693 0.343969 -0.031414
v -0.210708 0.269829 0.103840
v -0.209613 0.272627 0.099765
v -0.169881 0.288506 -0.034704
v -0.169454 0.284716 -0.036021
v -0.159214 0.328948 -0.068164
v -0.158677 0.332773 -0.067417
v -0.188999 0.351903 0.060952
v -0.190847 0.347766 0.062951
v -0.185191 0.267875 0.025271
v -0.185056 0.270831 0.023888
v -0.194292 0.281983 0.051194
v -0.194316 0.277894 0.051750
v -0.213970 0.349497 0.145672
v -0.213254 0.349728 0.141876
v -0.171585 0.347712 -0.000458
v -0.171745 0.344187 -0.003292
v -0.169101 0.329909 -0.025635
v -0.168196 0.332666 -0.027327
v -0.213778 0.286767 0.113095
v -0.212633 0.291849 0.109312
v -0.163312 0.334183 -0.047396
v -0.163967 0.331305 -0.046995
v -0.182831 0.282063 0.013896
v -0.182574 0.278821 0.013661
v -0.170488 0.331991 -0.018309
v -0.171192 0.328003 -0.018294
v -0.182686 0.361112 0.050325
v -0.181664 0.361683 0.047674
v -0.167812 0.289754 -0.044204
v -0.167371 0.291565 -0.046389
v -0.196488 0.319648 0.063097
v -0.197128 0.316788 0.064176
v -0.174002 0.302506 -0.017081
v -0.173681 0.305717 -0.017791
v -0.204588 0.291268 0.082539
v -0.204454 0.287836 0.082020
v -0.216597 0.348792 0.163583
v -0.216084 0.349114 0.160048
v -0.193676 0.296328 0.049101
v -0.193788 0.291443 0.049233
v -0.162392 0.321827 -0.060331
v -0.161783 0.323366 -0.061866
v -0.190618 0.351538 0.065657
v -0.191884 0.348514 0.066870
v -0.166902 0.313852 -0.044771
v -0.167450 0.310413 -0.043571
v -0.157802 0.315290 -0.079283
v -0.158720 0.313872 -0.076903
v -0.175405 0.309276 -0.010539
v -0.174933 0.306971 -0.012823
v -0.210619 0.302115 0.103663
v -0.210219 0.299317 0.101785
v -0.194013 0.341527 0.067610
v -0.194073 0.339681 0.066370
v -0.183038 0.324471 0.021764
v -0.183408 0.320381 0.021039
v -0.208043 0.318678 0.098637
v -0.207589 0.318715 0.097161
v -0.213833 0.347944 0.142447
v -0.215002 0.344701 0.144333
v -0.199127 0.275676 0.066592
v -0.197892 0.278261 0.062629
v -0.174773 0.339387 0.003278
v -0.173631 0.343783 0.003050
v -0.173282 0.311600 -0.017896
v -0.174418 0.311170 -0.013667
v -0.218244 0.349305 0.184747
v -0.219093 0.344885 0.182863
v -0.214421 0.362182 0.171813
v -0.213261 0.365619 0.168292
v -0.179079 0.319045 0.005763
v -0.179592 0.315897 0.006261
v -0.166394 0.338554 -0.029713
v -0.167561 0.336100 -0.027060
v -0.187345 0.320024 0.033888
v -0.187467 0.317128 0.033200
v -0.195739 0.279880 0.055948
v -0.196047 0.277063 0.057257
v -0.200262 0.308465 0.071555
v -0.200355 0.303091 0.070757
v -0.170095 0.316442 -0.029429
v -0.170947 0.313271 -0.027026
v -0.190885 0.340249 0.056859
v -0.191182 0.337931 0.056076
v -0.181981 0.302213 0.010925
v -0.182833 0.297871 0.013308
v -0.177811 0.321899 0.002670
v -0.178038 0.325164 0.005172
v -0.210949 0.326470 0.111115
v -0.212012 0.323961 0.113845
v -0.218819 0.275745 0.131104
v -0.217708 0.276931 0.126944
v -0.200895 0.298549 0.071705
v -0.200231 0.295640 0.069316
v -0.201611 0.347733 0.097356
v -0.202845 0.342076 0.096245
v -0.157537 0.324905 -0.076165
v -0.158384 0.320936 -0.075353
v -0.170643 0.339160 -0.011882
v -0.170227 0.341504 -0.011394
v -0.203073 0.343964 0.098679
v -0.204690 0.342695 0.102982
v -0.202485 0.320958 0.081546
v -0.202716 0.317015 0.081189
v -0.176473 0.361127 0.030774
v -0.177249 0.358469 0.030247
v -0.216859 0.294217 0.124095
v -0.216599 0.296600 0.123525
v -0.161580 0.336718 -0.052579
v -0.161916 0.334365 -0.053233
v -0.209090 0.326134 0.104568
v -0.209384 0.324168 0.104915
v -0.175512 0.326234 -0.003228
v -0.175091 0.324901 -0.005490
v -0.201979 0.326472 0.081941
v -0.201053 0.326046 0.078984
v -0.171629 0.291476 -0.027321
v -0.171063 0.293846 -0.029859
v -0.190054 0.328096 0.046280
v -0.189800 0.325422 0.044130
v -0.206898 0.276805 0.090452
v -0.206673 0.280947 0.089373
v -0.161620 0.345094 -0.043804
v -0.160977 0.343360 -0.048608
v -0.160843 0.301548 -0.072458
v -0.160504 0.305539 -0.073068
v -0.211397 0.364296 0.152872
v -0.212153 0.362363 0.154731
v -0.212048 0.335588 0.120898
v -0.210708 0.339362 0.120248
v -0.159791 0.336383 -0.060245
v -0.159429 0.334595 -0.063141
v -0.160550 0.313485 -0.070995
v -0.161602 0.309753 -0.068375
v -0.190348 0.301190 0.038908
v -0.190853 0.297013 0.040120
v -0.199843 0.309729 0.070547
v -0.199172 0.309908 0.068544
v -0.205429 0.330251 0.094522
v -0.205833 0.326513 0.093957
v -0.213616 0.362699 0.165704
v -0.212912 0.365295 0.164845
v -0.207981 0.340250 0.111983
v -0.208804 0.339072 0.113667
v -0.214549 0.269809 0.116901
v -0.214528 0.272630 0.116498
v -0.212629 0.363326 0.159495
v -0.213139 0.360644 0.158644
v -0.200805 0.298330 0.071388
v -0.199953 0.299149 0.068896
v -0.177008 0.341283 0.012495
v -0.175880 0.341445 0.008788
v -0.207076 0.315229 0.094640
v -0.205928 0.316546 0.091288
v -0.208840 0.299432 0.097180
v -0.208465 0.297150 0.095632
v -0.192308 0.314064 0.048089
v -0.192412 0.317730 0.049521
v -0.201267 0.339185 0.088587
v -0.199788 0.342062 0.086342
v -0.192812 0.350120 0.071324
v -0.191220 0.352472 0.068464
v -0.215639 0.345431 0.149906
v -0.215156 0.345929 0.147393
v -0.183021 0.271268 0.017206
v -0.182812 0.274816 0.015439
v -0.188383 0.329355 0.041602
v -0.189090 0.328392 0.043332
v -0.204629 0.339102 0.099478
v -0.204099 0.336352 0.095308
v -0.152589 0.324381 -0.089787
v -0.151576 0.328528 -0.090519
v -0.167330 0.314458 -0.042583
v -0.167029 0.316087 -0.043220
v -0.212837 0.309833 0.113100
v -0.211452 0.314182 0.109367
v -0.172560 0.354798 0.010467
v -0.172387 0.356510 0.011768
v -0.195051 0.329824 0.062806
v -0.195552 0.331229 0.065086
v -0.211885 0.364685 0.156667
v -0.211207 0.366584 0.155333
v -0.167658 0.360014 -0.000697
v -0.166593 0.362529 -0.001265
v -0.168746 0.370744 0.021491
v -0.175153 0.364305 0.030639
v -0.165903 0.373665 0.012662
v -0.182922 0.343820 0.036519
v -0.169150 0.363329 0.007802
v -0.166701 0.371187 0.014478
v -0.179242 0.348627 0.029450
v -0.166225 0.357409 -0.008955
v -0.167515 0.360745 -0.001800
v -0.165353 0.353833 -0.017673
v -0.162916 0.364219 -0.013656
v -0.160955 0.380951 0.007139
v -0.158189 0.375214 -0.013227
v -0.158172 0.374243 -0.014874
v -0.158216 0.365581 -0.026730
v -0.169442 0.346053 -0.009537
v -0.163976 0.351519 -0.024982
v -0.166816 0.345719 -0.019626
v -0.165603 0.344988 -0.028265
v -0.161652 0.349739 -0.036369
v -0.163837 0.355476 -0.021182
v -0.166510 0.343228 -0.024688
v -0.171938 0.330065 -0.016150
v -0.170092 0.340929 -0.011497
v -0.172946 0.327062 -0.012831
v -0.166040 0.337432 -0.028091
v -0.168925 0.323254 -0.025523
v -0.173830 0.317513 -0.013595
v -0.160892 0.358129 -0.030802
v -0.178271 0.368136 0.046464
v -0.184818 0.354716 0.053198
v -0.172537 0.379171 0.045628
v -0.178020 0.384235 0.067903
v -0.187127 0.350056 0.055690
v -0.187817 0.347726 0.053285
v -0.191086 0.345104 0.062409
v -0.191851 0.332601 0.054588
v -0.194143 0.339654 0.066307
v -0.192719 0.330309 0.060056
v -0.194209 0.341246 0.068308
v -0.196743 0.340720 0.075671
v -0.191025 0.352453 0.067782
v -0.195223 0.348925 0.079464
v -0.186973 0.361316 0.065664
v -0.190132 0.354334 0.064980
v -0.194239 0.361358 0.094938
v -0.187289 0.384439 0.100416
v -0.198562 0.360264 0.099019
v -0.189566 0.371938 0.086558
v -0.190804 0.363291 0.081552
v -0.191220 0.352472 0.068464
v -0.182518 0.367392 0.063242
v -0.202875 0.363953 0.109609
v -0.201602 0.354298 0.108015
v -0.200495 0.368623 0.115443
v -0.193847 0.376731 0.109221
v -0.209183 0.340408 0.119142
v -0.200486 0.342329 0.088370
v -0.215301 0.341140 0.140494
v -0.210517 0.338147 0.118939
v -0.208209 0.330941 0.113073
v -0.215404 0.332707 0.129835
v -0.159976 0.349395 -0.045178
v -0.157338 0.355668 -0.047573
v -0.151957 0.367940 -0.050736
v -0.157827 0.352140 -0.050989
v -0.149887 0.364435 -0.064338
v -0.149568 0.344770 -0.063931
v -0.152947 0.355911 -0.066096
v -0.153156 0.350878 -0.070806
v -0.150426 0.369283 -0.056040
v -0.152957 0.338801 -0.081643
v -0.146466 0.344809 -0.091705
v -0.141934 0.380549 -0.066566
v -0.150500 0.383691 -0.026584
v -0.149032 0.367771 -0.064163
v -0.146361 0.370478 -0.069058
v -0.149298 0.370883 -0.058010
v -0.186301 0.382672 0.093348
v -0.183169 0.387425 0.091144
v -0.213314 0.336067 0.125343
v -0.199555 0.330091 0.082020
v -0.202167 0.312487 0.082851
v -0.199876 0.318277 0.072820
v -0.198408 0.323265 0.070373
v -0.198404 0.312681 0.068363
v -0.196937 0.316422 0.063643
v -0.194244 0.319191 0.056633
v -0.192644 0.309130 0.048194
v -0.191436 0.325683 0.052887
v -0.194669 0.301967 0.052755
v -0.187489 0.293489 0.043832
v -0.195837 0.324426 0.062358
v -0.190365 0.286133 0.039318
v -0.194834 0.291334 0.052517
v -0.186354 0.309613 0.026750
v -0.187017 0.318907 0.034489
v -0.198908 0.301560 0.070204
v -0.187474 0.294705 0.029521
v -0.185093 0.300516 0.021329
v -0.184707 0.302509 0.019970
v -0.184442 0.280757 0.020117
v -0.189384 0.290906 0.035170
v -0.185770 0.260652 0.032176
v -0.189606 0.327718 0.045863
v -0.190547 0.318536 0.044242
v -0.181276 0.300801 0.009204
v -0.182577 0.311446 0.015336
v -0.177190 0.313331 -0.002989
v -0.180734 0.313975 0.008693
v -0.179724 0.314981 0.005909
v -0.179290 0.288233 0.005700
v -0.177202 0.316575 -0.001668
v -0.183826 0.295451 0.015652
v -0.183026 0.320532 0.019875
v -0.183055 0.313862 0.017891
v -0.175154 0.327982 0.002731
v -0.180867 0.330539 0.019852
v -0.189404 0.294180 0.035195
v -0.196486 0.319321 0.062979
v -0.200477 0.309196 0.072637
v -0.188072 0.329630 0.040776
v -0.182950 0.292814 0.013456
v -0.173867 0.306786 -0.015614
v -0.176151 0.310645 -0.008536
v -0.176456 0.343534 0.012497
v -0.171547 0.350789 0.002564
v -0.175300 0.357117 0.022808
v -0.172717 0.353435 0.009551
v -0.172050 0.355482 0.009935
v -0.171736 0.359673 0.013295
v -0.177365 0.350739 0.022622
v -0.178477 0.341929 0.017811
v -0.187968 0.331728 0.042128
v -0.188860 0.335057 0.048193
v -0.182083 0.337353 0.026562
v -0.182363 0.277350 0.013884
v -0.173192 0.276050 -0.013753
v -0.170561 0.282648 -0.029184
v -0.171756 0.269511 -0.020325
v -0.171865 0.303014 -0.025751
v -0.175766 0.276102 -0.007158
v -0.168602 0.296125 -0.041059
v -0.170516 0.296517 -0.032190
v -0.172006 0.289476 -0.025543
v -0.171505 0.311776 -0.024960
v -0.168542 0.320290 -0.035295
v -0.167183 0.313098 -0.043965
v -0.167312 0.314616 -0.042603
v -0.166968 0.294938 -0.046366
v -0.170199 0.301548 -0.034439
v -0.166155 0.305761 -0.050613
v -0.164810 0.311156 -0.054801
v -0.171201 0.293657 -0.026698
v -0.166789 0.316820 -0.043721
v -0.165517 0.330097 -0.041445
v -0.178749 0.271068 0.004117
v -0.172243 0.266155 -0.017593
v -0.165302 0.312089 -0.052288
v -0.163194 0.326061 -0.040497
v -0.162043 0.333987 -0.052906
v -0.161176 0.332764 -0.057307
v -0.162103 0.325576 -0.059593
v -0.158838 0.329695 -0.068607
v -0.158898 0.334599 -0.064844
v -0.159732 0.342078 -0.047500
v -0.164282 0.332914 -0.044495
v -0.164124 0.330686 -0.047213
v -0.159887 0.334967 -0.060391
v -0.157885 0.330130 -0.072124
v -0.156529 0.324984 -0.077399
v -0.159259 0.316091 -0.072964
v -0.160050 0.313701 -0.071345
v -0.161379 0.310312 -0.070027
v -0.161078 0.302562 -0.070897
v -0.181736 0.264786 0.018123
v -0.169327 0.320145 -0.030674
v -0.162951 0.300605 -0.064697
v -0.155096 0.268414 -0.069719
v -0.156849 0.293337 -0.079409
v -0.158724 0.284030 -0.070837
v -0.152668 0.308176 -0.088463
v -0.158833 0.273824 -0.046054
v -0.161999 0.294173 -0.068803
v -0.163648 0.301851 -0.062371
v -0.184485 0.273024 0.021012
v -0.181513 0.382528 0.079138
v -0.162666 0.362913 -0.016852
v -0.211903 0.339303 0.124147
v -0.172340 0.337752 -0.004745
v -0.207908 0.347770 0.120721
v -0.174832 0.315382 -0.010772
v -0.204291 0.291947 0.085573
v -0.202266 0.286312 0.075080
v -0.197810 0.288512 0.065661
v -0.195181 0.285075 0.054210
v -0.199225 0.274885 0.067810
v -0.197936 0.278091 0.062928
v -0.198678 0.270004 0.065203
v -0.206530 0.256486 0.096273
v -0.193639 0.258840 0.076422
v -0.192573 0.262373 0.050128
v -0.212076 0.272131 0.108450
v -0.212799 0.257377 0.113453
v -0.215620 0.256220 0.122411
v -0.205570 0.266484 0.094761
v -0.210437 0.283800 0.107194
v -0.209936 0.294404 0.099921
v -0.218074 0.256909 0.133609
v -0.217157 0.270891 0.129118
v -0.218507 0.275294 0.131291
v -0.217655 0.276909 0.126695
v -0.211284 0.297281 0.105501
v -0.215566 0.296350 0.127962
v -0.217961 0.313401 0.131969
v -0.214190 0.323428 0.118951
v -0.209463 0.317364 0.103480
v -0.210376 0.321513 0.108379
v -0.210532 0.306080 0.105687
v -0.209546 0.300505 0.100030
v -0.216899 0.322310 0.130881
v -0.205726 0.330878 0.102728
v -0.210402 0.273651 0.102249
v -0.172106 0.344725 -0.001341
v -0.155028 0.372996 -0.030211
v -0.156075 0.365771 -0.038021
v -0.188028 0.357772 0.063703
v -0.208528 0.356124 0.128536
v -0.184267 0.320172 0.024269
v -0.205297 0.317689 0.092902
v -0.202966 0.333898 0.089929
v -0.202624 0.283840 0.076359
v -0.200232 0.369298 0.144855
v -0.211407 0.364467 0.153159
v -0.208651 0.356305 0.129287
v -0.187059 0.372474 0.079833
v -0.180292 0.379097 0.069591
v -0.172276 0.346328 0.000059
v -0.170648 0.351330 0.000221
v -0.140621 0.384872 -0.064984
v -0.140581 0.383674 -0.067388
v -0.136826 0.384023 -0.076117
v -0.155178 0.314377 -0.084342
v -0.151016 0.327615 -0.090793
v -0.157250 0.314936 -0.080705
v -0.174353 0.321053 -0.009360
v -0.195096 0.329983 0.063018
v -0.212591 0.364707 0.161477
v -0.213081 0.361567 0.159742
v -0.213464 0.357385 0.155813
v -0.212565 0.363750 0.159643
v -0.212075 0.362626 0.154626
v -0.216106 0.349438 0.161206
v -0.216585 0.345737 0.158445
v -0.217905 0.339408 0.153495
v -0.216179 0.341530 0.147776
v -0.221675 0.333939 0.172159
v -0.218654 0.341210 0.162233
v -0.218346 0.343773 0.168957
v -0.215528 0.341276 0.184928
v -0.217386 0.351885 0.179816
v -0.219075 0.351088 0.190405
v -0.216895 0.356011 0.183288
v -0.216067 0.356790 0.177114
v -0.213427 0.351429 0.146416
v -0.215322 0.356154 0.169558
v -0.212891 0.366503 0.168997
v -0.151238 0.354571 -0.073031
v -0.145553 0.351108 -0.090487
v -0.187297 0.320523 0.033744
v -0.187340 0.325276 0.037993
v -0.215025 0.364113 0.182539
v -0.185085 0.300669 0.021259
v -0.156791 0.331021 -0.075273
v -0.153669 0.335679 -0.081032
v -0.206844 0.369368 0.183507
v -0.163697 0.360234 -0.015323
v -0.172655 0.360898 0.017519
v -0.161096 0.321190 -0.065703
v -0.163351 0.321828 -0.055492
v -0.161892 0.308390 -0.064141
v -0.163648 0.314363 -0.057315
v -0.195378 0.281758 0.054644
v -0.180967 0.341177 0.026440
v -0.146976 0.365881 -0.073873
v -0.139827 0.371961 -0.082856
v -0.159573 0.359465 -0.033797
v -0.139926 0.359665 -0.096183
v -0.136459 0.367555 -0.097561
v -0.131441 0.378163 -0.093903
v -0.155495 0.322338 -0.082957
v -0.168089 0.359014 -0.000403
v -0.148225 0.335243 -0.094551
v -0.162392 0.321827 -0.060331
v -0.137214 0.377987 -0.084389
v -0.213167 0.256338 0.114917
v -0.160620 0.334002 -0.058935
v -0.175678 0.361698 0.029158
v -0.148078 0.363680 -0.072293
v -0.151275 0.357245 -0.068714
v -0.202610 0.333728 0.096378
v -0.146764 0.359235 -0.081965
v -0.161582 0.336538 -0.052743
v -0.147874 0.360081 -0.077176
v -0.161011 0.298382 -0.072155
v -0.195233 0.331056 0.064864
v -0.208023 0.253580 0.099461
v -0.215884 0.332400 0.136780
v -0.160839 0.301901 -0.072464
v -0.169551 0.360029 0.005442
v -0.171977 0.357816 0.009458
v -0.167141 0.372142 0.016181
v -0.164493 0.375671 0.012188
v -0.170970 0.366496 0.010923
v -0.168402 0.372117 0.011511
v -0.159888 0.370550 -0.017020
v -0.162771 0.362773 -0.019119
v -0.158047 0.376215 -0.011617
v -0.156680 0.378078 -0.013569
v -0.158345 0.373347 -0.015454
v -0.158517 0.374257 -0.013024
v -0.161111 0.377662 0.002143
v -0.159863 0.379341 0.000544
v -0.158159 0.363677 -0.034852
v -0.154383 0.368674 -0.037464
v -0.154181 0.374113 -0.030180
v -0.154465 0.372433 -0.032375
v -0.151828 0.383021 -0.021715
v -0.151182 0.382520 -0.025153
v -0.154233 0.381157 -0.017598
v -0.152796 0.382039 -0.021636
v -0.150424 0.368978 -0.056263
v -0.149565 0.369160 -0.058657
v -0.150544 0.365622 -0.061678
v -0.153119 0.361087 -0.058144
v -0.151156 0.368965 -0.054148
v -0.149327 0.372666 -0.055848
v -0.148633 0.367879 -0.065092
v -0.147289 0.369581 -0.066801
v -0.146638 0.369414 -0.069934
v -0.147074 0.365905 -0.072862
v -0.168437 0.376819 0.025038
v -0.167664 0.381230 0.031761
v -0.142367 0.378795 -0.069796
v -0.145680 0.373118 -0.069807
v -0.141590 0.382888 -0.067414
v -0.144529 0.379367 -0.062335
v -0.170073 0.381235 0.037026
v -0.174085 0.375020 0.040909
v -0.158561 0.355490 -0.046650
v -0.159083 0.350306 -0.049179
v -0.160043 0.346294 -0.047369
v -0.156408 0.357949 -0.048682
v -0.155783 0.361836 -0.045786
v -0.159770 0.358292 -0.033323
v -0.159947 0.355999 -0.036198
v -0.159941 0.362524 -0.027021
v -0.160430 0.360001 -0.028478
v -0.177719 0.365480 0.039684
v -0.178315 0.362240 0.039760
v -0.146963 0.359121 -0.080846
v -0.147951 0.360604 -0.076567
v -0.148175 0.361773 -0.075063
v -0.146925 0.365567 -0.074334
v -0.151072 0.356379 -0.071114
v -0.154710 0.353955 -0.067776
v -0.149214 0.357881 -0.076283
v -0.140817 0.366017 -0.089426
v -0.141580 0.365345 -0.085907
v -0.137590 0.378350 -0.082717
v -0.141544 0.372943 -0.080492
v -0.181933 0.379935 0.074353
v -0.180697 0.387111 0.071088
v -0.178925 0.378312 0.067567
v -0.183249 0.370953 0.066211
v -0.179861 0.371944 0.055317
v -0.181666 0.370484 0.060143
v -0.185679 0.383365 0.092573
v -0.186260 0.383358 0.094832
v -0.195799 0.372384 0.108652
v -0.198819 0.366047 0.109532
v -0.189548 0.378451 0.097258
v -0.188619 0.380394 0.097298
v -0.190212 0.370896 0.087509
v -0.188337 0.372764 0.081809
v -0.190307 0.367646 0.085956
v -0.194182 0.363086 0.087923
v -0.196361 0.360631 0.101744
v -0.195545 0.365353 0.097910
v -0.183453 0.368341 0.060123
v -0.186606 0.360556 0.062907
v -0.201740 0.366012 0.118073
v -0.203006 0.362130 0.114823
v -0.190013 0.360233 0.074381
v -0.191946 0.357342 0.076828
v -0.204009 0.363070 0.120054
v -0.204098 0.367686 0.127260
v -0.139156 0.372903 -0.088567
v -0.138121 0.376821 -0.084790
v -0.203328 0.368149 0.130953
v -0.205134 0.368441 0.134669
v -0.196512 0.340997 0.076064
v -0.197651 0.339765 0.077738
v -0.200481 0.340494 0.086638
v -0.203512 0.332657 0.089367
v -0.197095 0.346316 0.081473
v -0.198669 0.345050 0.085508
v -0.197713 0.336901 0.075700
v -0.195075 0.339898 0.069951
v -0.188788 0.332684 0.044338
v -0.189470 0.330191 0.047747
v -0.187796 0.332493 0.042052
v -0.187728 0.329379 0.039945
v -0.185407 0.326750 0.028187
v -0.187587 0.320252 0.033700
v -0.185538 0.340175 0.039487
v -0.181893 0.341509 0.028698
v -0.179454 0.346458 0.024292
v -0.178949 0.341730 0.018100
v -0.182212 0.333691 0.016689
v -0.181140 0.348466 0.036136
v -0.189339 0.337472 0.050284
v -0.190503 0.340232 0.056157
v -0.186478 0.347884 0.048529
v -0.186653 0.352724 0.054909
v -0.190050 0.350047 0.062536
v -0.191644 0.345306 0.066471
v -0.189217 0.351617 0.061345
v -0.185582 0.357241 0.056638
v -0.184894 0.358092 0.054752
v -0.189196 0.345782 0.056720
v -0.188509 0.344400 0.054616
v -0.190867 0.352398 0.067285
v -0.191884 0.348514 0.066870
v -0.197846 0.355315 0.093165
v -0.200535 0.357703 0.098496
v -0.205009 0.336987 0.098482
v -0.208356 0.332681 0.104865
v -0.208588 0.353489 0.125993
v -0.210723 0.347176 0.127464
v -0.208081 0.356141 0.128965
v -0.210439 0.340016 0.125748
v -0.213755 0.335780 0.128181
v -0.208439 0.336414 0.110134
v -0.209760 0.338172 0.115736
v -0.201276 0.344143 0.093622
v -0.202826 0.339946 0.094300
v -0.211489 0.339308 0.122202
v -0.213183 0.334573 0.122936
v -0.151888 0.351393 -0.074513
v -0.152661 0.349801 -0.073523
v -0.215611 0.334237 0.135989
v -0.215432 0.340157 0.134610
v -0.155395 0.337856 -0.067045
v -0.156861 0.330324 -0.070909
v -0.157267 0.345590 -0.061650
v -0.158247 0.345428 -0.057876
v -0.153020 0.337762 -0.081835
v -0.150054 0.335127 -0.091577
v -0.149674 0.327768 -0.092091
v -0.154672 0.338856 -0.074960
v -0.153315 0.337859 -0.079562
v -0.167291 0.359024 -0.003525
v -0.167872 0.356737 -0.004676
v -0.163714 0.364330 -0.011184
v -0.164996 0.360705 -0.013119
v -0.173365 0.360386 0.021685
v -0.173082 0.360573 0.018347
v -0.175650 0.354516 0.023263
v -0.178471 0.349968 0.026414
v -0.175859 0.345228 0.012029
v -0.176608 0.345825 0.014941
v -0.174198 0.364362 0.028301
v -0.174410 0.365886 0.030309
v -0.169411 0.366523 0.017021
v -0.172278 0.361467 0.017622
v -0.176307 0.361208 0.030324
v -0.176245 0.362219 0.031314
v -0.171009 0.349804 0.000736
v -0.173931 0.344644 -0.009550
v -0.174847 0.333304 0.001769
v -0.172062 0.329327 -0.001733
v -0.172180 0.344223 0.000362
v -0.172792 0.328329 -0.011444
v -0.174420 0.328994 -0.004936
v -0.175444 0.320424 -0.008710
v -0.174198 0.324569 -0.009553
v -0.173283 0.325061 -0.011435
v -0.174433 0.309108 -0.012256
v -0.174375 0.314012 -0.012319
v -0.173686 0.316526 -0.013530
v -0.178705 0.314528 0.002702
v -0.177450 0.313721 -0.000829
v -0.176281 0.304849 -0.006351
v -0.178064 0.302167 -0.001823
v -0.182632 0.294236 0.011928
v -0.179145 0.299410 0.006082
v -0.174705 0.316905 -0.010565
v -0.174040 0.319405 -0.011466
v -0.167041 0.326691 -0.026725
v -0.167336 0.338121 -0.029113
v -0.164881 0.338621 -0.035397
v -0.165032 0.343389 -0.027857
v -0.170291 0.332528 -0.021285
v -0.171299 0.328188 -0.019460
v -0.169932 0.319768 -0.027710
v -0.172386 0.312982 -0.023022
v -0.169086 0.319862 -0.032148
v -0.167972 0.320634 -0.036560
v -0.164759 0.320051 -0.048775
v -0.166318 0.314840 -0.044519
v -0.165609 0.330178 -0.040798
v -0.163662 0.339082 -0.039552
v -0.168892 0.344768 -0.013451
v -0.167913 0.344908 -0.017132
v -0.166767 0.344097 -0.022281
v -0.165565 0.344365 -0.027196
v -0.163912 0.355179 -0.019695
v -0.164552 0.355661 -0.015998
v -0.163511 0.354462 -0.023749
v -0.163752 0.351454 -0.025309
v -0.161725 0.349467 -0.036161
v -0.160513 0.345717 -0.046447
v -0.158547 0.350171 -0.051738
v -0.156464 0.352070 -0.057834
v -0.164287 0.330624 -0.046676
v -0.164910 0.328224 -0.045611
v -0.163927 0.322900 -0.053165
v -0.163357 0.326316 -0.053401
v -0.162392 0.323622 -0.059126
v -0.163234 0.322809 -0.056212
v -0.161280 0.332124 -0.057782
v -0.160714 0.333152 -0.059276
v -0.160547 0.334108 -0.058056
v -0.159071 0.343900 -0.053742
v -0.163174 0.318187 -0.059120
v -0.163322 0.314343 -0.060194
v -0.163289 0.301221 -0.062377
v -0.163567 0.294023 -0.061940
v -0.174222 0.302713 -0.016412
v -0.174112 0.300093 -0.016307
v -0.182402 0.300386 0.013672
v -0.183381 0.296679 0.016471
v -0.194539 0.282235 0.053602
v -0.193707 0.290361 0.049298
v -0.193501 0.274722 0.051680
v -0.198990 0.288201 0.065326
v -0.194698 0.287929 0.055705
v -0.201246 0.299608 0.072824
v -0.200736 0.293711 0.073880
v -0.203904 0.288220 0.081337
v -0.201556 0.286014 0.075675
v -0.208881 0.299599 0.097343
v -0.209400 0.294454 0.098360
v -0.213902 0.290301 0.117782
v -0.214567 0.283815 0.115495
v -0.215610 0.269859 0.120495
v -0.214737 0.275480 0.116990
v -0.211186 0.269415 0.105533
v -0.210149 0.273063 0.101492
v -0.211617 0.284017 0.104961
v -0.210454 0.281034 0.101912
v -0.209620 0.279896 0.098989
v -0.207874 0.287573 0.094222
v -0.206548 0.293366 0.092647
v -0.207254 0.281677 0.093201
v -0.208299 0.271589 0.096326
v -0.205285 0.273728 0.085552
v -0.205794 0.267793 0.088890
v -0.200626 0.285790 0.070543
v -0.199949 0.276898 0.068662
v -0.201969 0.269031 0.076179
v -0.202869 0.266088 0.079537
v -0.200459 0.268986 0.071895
v -0.198183 0.278005 0.063484
v -0.198435 0.273554 0.065253
v -0.189581 0.283661 0.038467
v -0.192479 0.276584 0.044437
v -0.190816 0.262026 0.050578
v -0.189205 0.266576 0.050091
v -0.208588 0.262926 0.097272
v -0.206651 0.258360 0.097053
v -0.184536 0.272621 0.021626
v -0.183147 0.264722 0.022645
v -0.184435 0.275414 0.019455
v -0.182814 0.274927 0.015268
v -0.217655 0.272703 0.128186
v -0.217607 0.276883 0.126687
v -0.219164 0.277824 0.132807
v -0.217708 0.276931 0.126944
v -0.210973 0.293696 0.105170
v -0.210232 0.299496 0.102069
v -0.208225 0.296677 0.094804
v -0.208822 0.292531 0.096307
v -0.188487 0.296503 0.031757
v -0.188870 0.290722 0.033100
v -0.192629 0.304308 0.047236
v -0.192684 0.307260 0.047952
v -0.192055 0.292134 0.043018
v -0.188566 0.297915 0.035552
v -0.190761 0.302240 0.040420
v -0.190853 0.297013 0.040120
v -0.197005 0.304416 0.060600
v -0.197386 0.298238 0.056009
v -0.200690 0.315017 0.075255
v -0.202181 0.312161 0.078290
v -0.202821 0.306120 0.079464
v -0.200125 0.300497 0.071461
v -0.205035 0.311968 0.088775
v -0.207912 0.316627 0.099491
v -0.209520 0.323833 0.104894
v -0.210175 0.306701 0.102973
v -0.209995 0.300428 0.100702
v -0.211515 0.307172 0.107923
v -0.210615 0.302064 0.104049
v -0.218382 0.293876 0.129330
v -0.216844 0.295179 0.124963
v -0.212705 0.318198 0.115436
v -0.212306 0.316438 0.113230
v -0.212584 0.322770 0.115853
v -0.213261 0.324341 0.118092
v -0.211216 0.313000 0.108573
v -0.211897 0.307746 0.110733
v -0.203306 0.320301 0.085324
v -0.202515 0.325071 0.084724
v -0.202679 0.327704 0.084351
v -0.201842 0.327222 0.081843
v -0.191484 0.321206 0.048070
v -0.191840 0.314703 0.047494
v -0.193484 0.320555 0.054386
v -0.192855 0.325924 0.054258
v -0.192067 0.328736 0.059153
v -0.196931 0.325351 0.062704
v -0.197325 0.315608 0.059087
v -0.196506 0.320620 0.069247
v -0.195761 0.331413 0.064237
v -0.185384 0.315571 0.024416
v -0.184536 0.311526 0.019428
v -0.182882 0.293656 0.015228
v -0.183651 0.290043 0.017480
v -0.183102 0.285498 0.016761
v -0.179918 0.284518 0.003734
v -0.176118 0.274419 -0.007160
v -0.175715 0.270895 -0.006123
v -0.170919 0.296902 -0.030666
v -0.170493 0.300000 -0.032186
v -0.169644 0.301062 -0.035624
v -0.168836 0.299439 -0.039015
v -0.171744 0.287099 -0.026454
v -0.169863 0.287762 -0.034628
v -0.169319 0.279021 -0.032050
v -0.168797 0.293323 -0.043464
v -0.167219 0.294151 -0.048304
v -0.165834 0.309565 -0.049484
v -0.164896 0.310992 -0.054399
v -0.163798 0.313932 -0.055714
v -0.160425 0.304512 -0.064996
v -0.160339 0.315327 -0.071095
v -0.160673 0.313154 -0.070705
v -0.160755 0.319237 -0.067634
v -0.160084 0.318069 -0.069797
v -0.158270 0.326087 -0.074531
v -0.156914 0.330325 -0.075957
v -0.163685 0.320472 -0.053455
v -0.163709 0.317018 -0.055664
v -0.176901 0.319212 -0.003058
v -0.177758 0.314806 -0.003470
v -0.179519 0.324624 0.011866
v -0.182452 0.321297 0.018200
v -0.170586 0.351701 0.000269
v -0.170279 0.353689 0.002814
v -0.206171 0.324890 0.095881
v -0.205540 0.331552 0.096682
v -0.205980 0.328715 0.102574
v -0.182057 0.314561 0.012305
v -0.183066 0.311493 0.015189
v -0.169828 0.329125 -0.023140
v -0.169601 0.332392 -0.021628
v -0.182216 0.326806 0.022451
v -0.183221 0.321177 0.023395
v -0.189832 0.319253 0.041080
v -0.188542 0.318321 0.036976
v -0.187212 0.320496 0.033654
v -0.210724 0.276195 0.104821
v -0.210956 0.280366 0.103469
v -0.210451 0.327394 0.108612
v -0.206843 0.328402 0.113028
v -0.154764 0.324097 -0.082336
v -0.153260 0.326792 -0.086928
v -0.204467 0.332675 0.094577
v -0.204192 0.330079 0.093678
v -0.157055 0.315141 -0.080953
v -0.155176 0.321019 -0.083771
v -0.213166 0.355028 0.149201
v -0.213874 0.350465 0.145574
v -0.212825 0.357771 0.152552
v -0.213654 0.356587 0.156315
v -0.211147 0.362338 0.149673
v -0.216954 0.346716 0.166464
v -0.216180 0.347632 0.160809
v -0.213156 0.361468 0.160132
v -0.212574 0.364267 0.160679
v -0.215885 0.355110 0.169752
v -0.216064 0.354897 0.176498
v -0.217857 0.351869 0.185978
v -0.216998 0.353809 0.180114
v -0.220480 0.345397 0.185117
v -0.216146 0.358573 0.182918
v -0.215758 0.359584 0.180652
v -0.213873 0.364352 0.172446
v -0.213056 0.366597 0.169285
v -0.214842 0.367364 0.183733
v -0.214603 0.364594 0.180790
v -0.214511 0.359395 0.167207
v -0.212803 0.365138 0.166740
v -0.212179 0.365892 0.158747
v -0.212072 0.364197 0.156726
v -0.212195 0.363743 0.157229
v -0.211416 0.365407 0.154800
v -0.217623 0.340607 0.148156
v -0.220134 0.337743 0.152100
v -0.216115 0.343813 0.151174
v -0.216343 0.345588 0.156930
v -0.217843 0.340248 0.162486
v -0.221158 0.339306 0.172260
v -0.212134 0.353467 0.141506
v -0.210985 0.355638 0.140688
v -0.145988 0.346929 -0.093115
v -0.147080 0.350562 -0.088088
v -0.148246 0.347609 -0.085702
v -0.148851 0.345220 -0.087395
v -0.161149 0.295255 -0.070168
v -0.161023 0.292032 -0.071561
v -0.155456 0.310812 -0.086583
v -0.157874 0.304482 -0.081672
v -0.159465 0.298616 -0.074542
v -0.159391 0.301437 -0.077060
v -0.211078 0.370945 0.176702
v -0.212582 0.372407 0.182137
v -0.139667 0.363184 -0.093986
v -0.139167 0.366497 -0.092167
v -0.153658 0.290583 -0.092415
v -0.155532 0.290937 -0.087924
v -0.220764 0.339815 0.185560
v -0.218834 0.334858 0.188723
v -0.159198 0.286774 -0.077627
v -0.154700 0.286720 -0.085661
v -0.162503 0.279397 -0.066057
v -0.159632 0.269387 -0.067684
v -0.165665 0.273257 -0.048891
v -0.164370 0.272402 -0.052819
v -0.174629 0.273574 -0.014754
v -0.175351 0.268627 -0.018737
v -0.182024 0.271865 0.008883
v -0.183076 0.267154 0.013153
v -0.163116 0.268206 -0.055251
v -0.160925 0.264880 -0.061618
v -0.211549 0.255828 0.109787
v -0.212638 0.256236 0.113421
v -0.171453 0.266432 -0.019823
v -0.170238 0.264012 -0.023249
v -0.042609 0.495510 0.185626
v -0.053713 0.491197 0.187490
v 0.025758 0.495606 0.186437
v -0.012781 0.492290 0.191787
v -0.063174 0.487725 0.189964
v -0.081035 0.485584 0.185481
v 0.051320 0.494253 0.185347
v 0.077853 0.488214 0.184556
v 0.111940 0.473742 0.185079
v 0.090574 0.480837 0.190567
v 0.140322 0.454077 0.185835
v 0.163604 0.433509 0.185481
v 0.186825 0.403744 0.186498
v 0.207713 0.372600 0.184039
v 0.216693 0.337799 0.185035
v -0.102013 0.478247 0.185013
v -0.122666 0.468100 0.185264
v -0.139507 0.452307 0.186916
v -0.157565 0.443109 0.191129
v -0.174628 0.419679 0.187509
v -0.193974 0.395690 0.185393
v -0.209323 0.367333 0.186817
v -0.217948 0.335400 0.188069
v -0.223146 0.293876 0.185500
v -0.222432 0.253126 0.185118
v -0.215708 0.235017 0.187072
v -0.211415 0.213781 0.186096
v -0.201425 0.189389 0.184122
v -0.174796 0.159355 0.191038
v -0.165316 0.143478 0.186207
v 0.220809 0.300628 0.185319
v 0.217739 0.312590 0.191077
v 0.226085 0.279455 0.191598
v 0.225971 0.254270 0.189047
v 0.218236 0.250116 0.185521
v 0.224754 0.327909 0.189072
v 0.210344 0.214269 0.185110
v 0.196203 0.181528 0.185610
v 0.166986 0.146626 0.185264
v 0.143139 0.127964 0.192577
v 0.117510 0.107476 0.186331
v 0.184912 0.405843 0.187003
v 0.097519 0.096572 0.185364
v 0.074920 0.088793 0.185826
v 0.048043 0.082308 0.189475
v 0.039922 0.072794 0.189964
v -0.036081 0.077574 0.185337
v -0.045123 0.083749 0.186580
v -0.070322 0.085963 0.186597
v -0.099738 0.092979 0.188883
v -0.114954 0.105655 0.187457
v -0.013170 0.492118 0.190276
v 0.226180 0.279259 0.191311
v 0.175590 0.411920 0.190917
v 0.217542 0.312841 0.190978
v 0.217823 0.233655 0.191473
v 0.218889 0.234985 0.190236
v -0.222147 0.250860 0.190438
v -0.225156 0.250278 0.190533
v -0.216757 0.213022 0.189898
v -0.213810 0.209679 0.191411
v 0.219550 0.234949 0.191466
v 0.219189 0.238045 0.190829
v 0.226147 0.279363 0.191303
v 0.225136 0.282187 0.191581
v -0.216633 0.305680 0.180360
v -0.216869 0.303988 0.181691
v -0.210873 0.311994 0.146332
v -0.211041 0.308374 0.146493
v -0.211222 0.331481 0.161964
v -0.210787 0.331361 0.159138
v -0.211038 0.336502 0.173719
v -0.211229 0.336669 0.175808
v -0.208623 0.338263 0.159177
v -0.208199 0.341536 0.162275
v -0.206577 0.285667 0.126244
v -0.207146 0.283148 0.127989
v -0.190967 0.354395 0.108098
v -0.191165 0.352805 0.107286
v -0.186467 0.343441 0.089035
v -0.187627 0.345790 0.093324
v -0.198868 0.364790 0.140606
v -0.191978 0.352413 0.106517
v -0.162533 0.247453 0.038135
v -0.157240 0.292568 0.028616
v -0.157556 0.287446 0.030358
v -0.205020 0.217576 0.139941
v -0.216437 0.335086 0.191832
v -0.216353 0.308533 0.178121
v -0.216849 0.304176 0.181579
v -0.211555 0.236645 0.193924
v -0.191433 0.353518 0.107445
v -0.209701 0.329250 0.147546
v -0.207355 0.364489 0.189873
v -0.209902 0.331136 0.152565
v -0.212690 0.337879 0.191408
v -0.137272 0.348368 0.074495
v -0.175013 -0.458798 -0.132051
v -0.210824 -0.426170 -0.132328
v -0.164713 -0.465541 -0.129336
v -0.164465 -0.465397 -0.129918
v -0.213922 -0.496329 -0.097957
v -0.214199 -0.495702 -0.108029
v -0.214524 -0.183916 -0.145290
v -0.215344 -0.185560 -0.144720
v -0.173954 0.405644 0.097436
v -0.174594 0.403940 0.095440
v -0.166380 0.425368 0.124501
v -0.168279 0.423624 0.126311
v -0.155130 0.403774 0.034481
v -0.152038 0.408237 0.035139
v -0.192835 0.378831 0.106245
v -0.180529 0.389512 0.084916
v -0.180192 0.386551 0.075928
v -0.168276 0.381153 0.026386
v -0.141704 0.385734 -0.067236
v -0.109427 0.399144 -0.112488
v -0.083791 0.470173 0.032843
v -0.069762 0.463579 -0.006757
v -0.065130 0.459037 -0.045011
v -0.086724 0.471688 0.075238
v -0.082109 0.470000 0.055102
v -0.065234 0.449748 -0.077496
v -0.080076 0.469626 0.049060
v -0.060941 0.442885 -0.095150
v -0.060523 0.434870 -0.112304
v -0.113539 0.476497 0.176768
v -0.134026 0.384022 -0.086190
v -0.056817 0.436757 -0.110773
v -0.207311 0.373065 0.143942
v -0.209462 0.375241 0.188756
v -0.211839 -0.172461 -0.145247
v -0.211217 -0.168146 -0.144874
v -0.151579 0.177069 0.078802
v -0.148051 0.172876 0.079927
v -0.077009 0.144310 0.058273
v -0.154627 0.234159 0.038782
v -0.180711 0.221672 0.072381
v -0.194742 0.215873 0.113820
v -0.152776 0.175491 0.201166
v -0.195570 0.220440 0.115266
v -0.208383 -0.155850 -0.140898
v -0.207840 -0.153866 -0.144381
v -0.172990 0.388309 0.104856
v -0.171441 0.387419 0.099947
v -0.168355 0.377469 0.081172
v -0.169658 0.377126 0.083248
v -0.167015 0.372318 0.073592
v -0.168822 0.369791 0.074390
v -0.162005 0.405619 0.108488
v -0.160194 0.407617 0.107770
v -0.160920 0.397830 0.092538
v -0.161858 0.397890 0.094604
v -0.157683 0.407744 0.101753
v -0.159339 0.405830 0.102129
v -0.157865 0.421428 0.131097
v -0.159682 0.419656 0.132403
v -0.140365 0.421496 0.092046
v -0.138032 0.422905 0.090743
v -0.084122 0.440763 0.060308
v -0.083702 0.439862 0.058447
v -0.056626 0.439492 0.038629
v -0.054553 0.438958 0.037198
v -0.193007 0.383024 0.164646
v -0.208125 0.373496 0.180973
v -0.201640 0.369247 0.161250
v -0.194728 0.389728 0.190330
v -0.189595 0.395888 0.190414
v -0.195887 0.382218 0.185052
v -0.192242 0.385856 0.171860
v -0.185751 0.397267 0.170270
v -0.190188 0.392190 0.187633
v -0.187039 0.398830 0.189293
v -0.180627 0.404001 0.182177
v -0.171412 0.418531 0.178532
v -0.180703 0.400232 0.171048
v -0.172717 0.410048 0.162609
v -0.167086 0.419227 0.167326
v -0.160742 0.424582 0.155077
v -0.164482 0.420343 0.156630
v -0.170512 0.410160 0.138991
v -0.169844 0.406123 0.132462
v -0.161266 0.420639 0.142713
v -0.162539 0.413716 0.128221
v -0.161498 0.408829 0.113473
v -0.169652 0.402067 0.121360
v -0.172112 0.396002 0.117235
v -0.171138 0.403327 0.129278
v -0.166347 0.396081 0.101808
v -0.172664 0.391494 0.108339
v -0.162286 0.388680 0.085902
v -0.167737 0.377821 0.080721
v -0.160736 0.398523 0.100730
v -0.150193 0.403276 0.086543
v -0.152779 0.408153 0.092563
v -0.162345 0.379429 0.075786
v -0.153287 0.410253 0.096972
v -0.154768 0.414049 0.110896
v -0.162475 0.416111 0.133360
v -0.154256 0.428303 0.143962
v -0.182509 0.377787 0.113714
v -0.175363 0.387137 0.109793
v -0.174654 0.398883 0.128697
v -0.136065 0.432039 0.110626
v -0.139960 0.421909 0.092719
v -0.133991 0.434250 0.106591
v -0.133041 0.420479 0.079685
v -0.140058 0.406958 0.070937
v -0.146199 0.402429 0.073694
v -0.145018 0.395847 0.064643
v -0.117969 0.423115 0.072857
v -0.112961 0.416118 0.061426
v -0.110451 0.416800 0.051973
v -0.126019 0.426219 0.080850
v -0.108160 0.436160 0.074566
v -0.098932 0.435665 0.064699
v -0.136450 0.402603 0.061101
v -0.113960 0.426461 0.065357
v -0.172708 0.386171 0.101298
v -0.158023 0.421309 0.131223
v -0.187122 0.366901 0.114843
v -0.170916 0.368001 0.089188
v -0.182667 0.373593 0.109035
v -0.111418 0.443939 0.093451
v -0.092664 0.452663 0.091569
v -0.102176 0.437196 0.073024
v -0.157200 0.419908 0.128176
v -0.189277 0.365100 0.116785
v -0.149025 0.425384 0.126022
v -0.118524 0.439254 0.101949
v -0.114799 0.445215 0.099464
v -0.127969 0.442635 0.116113
v -0.121881 0.446899 0.116160
v -0.110633 0.448185 0.100220
v -0.109915 0.457854 0.128533
v -0.131671 0.440684 0.123027
v -0.106529 0.453336 0.110721
v -0.101732 0.457110 0.117204
v -0.117037 0.453695 0.128146
v -0.130010 0.448504 0.142258
v -0.136474 0.443576 0.140274
v -0.125843 0.449047 0.132580
v -0.117891 0.450608 0.119393
v -0.098937 0.465995 0.137775
v -0.108273 0.462091 0.139365
v -0.100478 0.461911 0.124714
v -0.145359 0.435988 0.143676
v -0.136599 0.443689 0.143302
v -0.140050 0.441799 0.148379
v -0.133836 0.446895 0.147921
v -0.136332 0.447617 0.164009
v -0.143245 0.441787 0.164347
v -0.156496 0.430367 0.165710
v -0.140389 0.437919 0.131324
v -0.156913 0.427747 0.156133
v -0.163060 0.423721 0.161768
v -0.155838 0.433428 0.177886
v -0.166379 0.420836 0.169556
v -0.144909 0.437664 0.148205
v -0.156338 0.423095 0.137702
v -0.118048 0.452456 0.141635
v -0.122174 0.457838 0.153590
v -0.141058 0.443933 0.166031
v -0.108054 0.463366 0.146722
v -0.106448 0.477420 0.179995
v -0.096943 0.468332 0.145783
v -0.098839 0.469001 0.152091
v -0.139491 0.446038 0.172451
v -0.118592 0.460244 0.164909
v -0.145803 0.440694 0.171104
v -0.141041 0.452414 0.188443
v -0.127788 0.455525 0.179277
v -0.153178 0.441291 0.188029
v -0.116001 0.460858 0.153220
v -0.154832 0.434354 0.179268
v -0.163492 0.427303 0.185704
v -0.166787 0.423343 0.183691
v -0.123755 0.460855 0.190438
v -0.145593 0.438344 0.154564
v -0.139969 0.436571 0.127667
v -0.150277 0.429287 0.133904
v -0.148161 0.426686 0.117689
v -0.099480 0.463101 0.126568
v -0.127311 0.438963 0.106020
v -0.168063 0.421116 0.181993
v -0.139427 0.421179 0.089459
v -0.129065 0.438756 0.108149
v -0.129895 0.424517 0.101073
v -0.141406 0.421513 0.093004
v -0.189506 0.383638 0.163634
v -0.175076 0.407275 0.161840
v -0.185779 0.394962 0.153955
v -0.175900 0.396480 0.137431
v -0.182204 0.395883 0.151472
v -0.190721 0.380069 0.145666
v -0.197864 0.367310 0.146158
v -0.192804 0.364184 0.136962
v -0.193847 0.368428 0.137108
v -0.190999 0.366988 0.119622
v -0.180966 0.391889 0.133133
v -0.181719 0.390302 0.136923
v -0.187732 0.384506 0.138412
v -0.182764 0.384481 0.124877
v -0.179063 0.391045 0.125674
v -0.195062 0.375931 0.152919
v -0.191960 0.379757 0.149287
v -0.148107 0.381704 0.065501
v -0.083395 0.451993 0.079492
v -0.108647 0.446967 0.095470
v -0.104954 0.453425 0.107064
v -0.098099 0.454938 0.109772
v -0.098873 0.439806 0.071351
v -0.092895 0.444624 0.077464
v -0.191024 0.364507 0.117820
v -0.179726 0.405411 0.179476
v -0.069529 0.443807 0.058150
v -0.074109 0.449021 0.066932
v -0.088240 0.440556 0.063684
v -0.097768 0.433675 0.059921
v -0.084871 0.436109 0.055793
v -0.081701 0.419186 0.045919
v -0.058141 0.436963 0.037639
v -0.068238 0.439182 0.045454
v -0.158850 0.372223 0.062696
v -0.153346 0.364065 0.051690
v -0.163723 0.363790 0.061464
v -0.158677 0.368931 0.061769
v -0.149006 0.362499 0.045596
v -0.141581 0.361308 0.037335
v -0.077327 0.450163 0.071747
v -0.142857 0.389275 0.057949
v -0.146754 0.385037 0.055902
v -0.126061 0.385826 0.049206
v -0.132259 0.373302 0.035301
v -0.133403 0.377652 0.039280
v -0.132454 0.364909 0.034955
v -0.136309 0.395448 0.054495
v -0.128577 0.397426 0.047016
v -0.133626 0.400526 0.055152
v -0.140039 0.377517 0.042456
v -0.168416 0.375537 0.079161
v -0.173167 0.407816 0.152771
v -0.125699 0.405066 0.053274
v -0.170128 0.377008 0.083376
v -0.172585 0.373192 0.084154
v -0.164057 0.396244 0.097191
v -0.069747 0.436865 0.042100
v -0.059602 0.440168 0.041064
v -0.104568 0.418603 0.046318
v -0.125722 0.398454 0.045120
v -0.114991 0.395925 0.035712
v -0.122317 0.388154 0.036334
v -0.111956 0.400038 0.034302
v -0.104549 0.415703 0.042767
v -0.096584 0.422561 0.047278
v -0.133945 0.433421 0.104508
v -0.164734 0.361105 0.061643
v -0.099856 0.438464 0.070001
v -0.123463 0.385935 0.033938
v -0.153935 0.428462 0.140232
v -0.156361 0.424778 0.139663
v -0.152913 0.425057 0.128900
v -0.147337 0.429575 0.130950
v -0.156027 0.422145 0.131415
v -0.148965 0.433491 0.145926
v -0.144801 0.437809 0.144704
v -0.157513 0.431247 0.150324
v -0.160105 0.427246 0.152854
v -0.158179 0.429147 0.167135
v -0.153589 0.434014 0.177531
v -0.151743 0.435267 0.175685
v -0.148624 0.437897 0.174803
v -0.148497 0.436392 0.156979
v -0.148599 0.436771 0.159857
v -0.144999 0.438411 0.152653
v -0.142406 0.440369 0.151209
v -0.136573 0.443710 0.143453
v -0.134448 0.445617 0.144655
v -0.128107 0.450451 0.143457
v -0.133878 0.446851 0.147944
v -0.142298 0.443050 0.167589
v -0.145031 0.440724 0.165010
v -0.139209 0.444620 0.161778
v -0.140906 0.442906 0.163308
v -0.132520 0.451495 0.170311
v -0.134760 0.450034 0.172190
v -0.140447 0.459672 0.185855
v -0.131569 0.454916 0.185827
v -0.141713 0.445091 0.176578
v -0.140112 0.446853 0.182599
v -0.133892 0.445069 0.140392
v -0.132826 0.445593 0.137644
v -0.137174 0.442326 0.142244
v -0.136360 0.442956 0.139981
v -0.158613 0.424091 0.181376
v -0.166864 0.421703 0.181869
v -0.157327 0.432647 0.180968
v -0.156262 0.432993 0.178316
v -0.124440 0.451374 0.132255
v -0.125363 0.452222 0.136420
v -0.144799 0.433528 0.130466
v -0.141471 0.435778 0.128422
v -0.125263 0.444576 0.117239
v -0.123164 0.445405 0.114103
v -0.127860 0.439315 0.112112
v -0.132102 0.438118 0.113684
v -0.134973 0.437158 0.115301
v -0.138741 0.435446 0.119695
v -0.128290 0.439817 0.110293
v -0.124277 0.441130 0.105422
v -0.129065 0.438756 0.108149
v -0.128128 0.438251 0.105582
v -0.131576 0.434336 0.104689
v -0.133686 0.439657 0.091373
v -0.113282 0.436676 0.082202
v -0.105207 0.436249 0.074465
v -0.123202 0.432757 0.084981
v -0.124781 0.427615 0.079297
v -0.137307 0.431113 0.105523
v -0.134008 0.433767 0.105609
v -0.144783 0.430369 0.120132
v -0.146735 0.426702 0.116506
v -0.138596 0.438008 0.128688
v -0.134754 0.441142 0.128537
v -0.120216 0.448134 0.117597
v -0.120797 0.448634 0.118714
v -0.116832 0.453876 0.129446
v -0.115616 0.455603 0.135495
v -0.152645 0.438099 0.190431
v -0.155352 0.435743 0.191224
v -0.117197 0.454189 0.121993
v -0.118716 0.451634 0.119516
v -0.115217 0.445941 0.103181
v -0.117948 0.445255 0.104876
v -0.118681 0.465033 0.190270
v -0.124879 0.466619 0.187212
v -0.120439 0.457411 0.150623
v -0.116300 0.459893 0.152553
v -0.151779 0.425808 0.123408
v -0.149402 0.422999 0.119219
v -0.105700 0.455900 0.114407
v -0.098128 0.459250 0.113395
v -0.100100 0.455635 0.103153
v -0.110271 0.459505 0.134738
v -0.110206 0.461382 0.144756
v -0.118619 0.461732 0.155554
v -0.118880 0.459150 0.163912
v -0.143834 0.419882 0.101578
v -0.141629 0.422422 0.093661
v -0.113651 0.444747 0.096186
v -0.117338 0.440990 0.094975
v -0.117565 0.438844 0.093121
v -0.099897 0.468519 0.151805
v -0.102038 0.466937 0.150134
v -0.107144 0.462435 0.138627
v -0.103618 0.464503 0.139943
v -0.117977 0.462367 0.170339
v -0.121669 0.460435 0.171820
v -0.100280 0.472347 0.178167
v -0.100800 0.471702 0.175701
v -0.099322 0.466457 0.138969
v -0.102680 0.464770 0.138637
v -0.098995 0.468952 0.151946
v -0.097951 0.469050 0.149648
v -0.103722 0.460409 0.126809
v -0.100639 0.461369 0.125748
v -0.105219 0.452967 0.106171
v -0.108712 0.449984 0.104400
v -0.099071 0.470965 0.164975
v -0.099153 0.470555 0.162455
v -0.108971 0.447073 0.091749
v -0.103869 0.448758 0.093311
v -0.129386 0.425425 0.081989
v -0.134330 0.420765 0.084328
v -0.097636 0.451025 0.082765
v -0.097569 0.442508 0.079703
v -0.126044 0.423809 0.076254
v -0.130449 0.419321 0.076005
v -0.153005 0.414920 0.115072
v -0.160885 0.413813 0.122830
v -0.103423 0.429589 0.058879
v -0.099469 0.433126 0.059562
v -0.098630 0.439054 0.068791
v -0.099204 0.436792 0.065747
v -0.098478 0.441382 0.073705
v -0.100663 0.438275 0.070449
v -0.140725 0.418445 0.089053
v -0.145259 0.414660 0.088497
v -0.102719 0.426697 0.058437
v -0.102627 0.425517 0.055238
v -0.117399 0.426766 0.067154
v -0.117136 0.422724 0.059823
v -0.096196 0.435999 0.062774
v -0.096460 0.433940 0.060432
v -0.087093 0.446898 0.073989
v -0.089453 0.445565 0.072950
v -0.076603 0.450683 0.071611
v -0.078946 0.449081 0.070546
v -0.079790 0.448571 0.069641
v -0.077640 0.447801 0.066716
v -0.084658 0.441865 0.064096
v -0.084625 0.440716 0.060292
v -0.090108 0.440814 0.066009
v -0.088692 0.440396 0.063924
v -0.085172 0.435625 0.053368
v -0.082752 0.435211 0.050330
v -0.095590 0.425079 0.046250
v -0.096530 0.427070 0.049479
v -0.089421 0.426405 0.040386
v -0.092440 0.423793 0.036665
v -0.082387 0.431173 0.043511
v -0.070379 0.443595 0.054462
v -0.065734 0.444940 0.053347
v -0.073938 0.436004 0.042523
v -0.067671 0.434281 0.043036
v -0.060556 0.438229 0.039619
v -0.072068 0.442717 0.043651
v -0.124209 0.414471 0.059816
v -0.127814 0.412659 0.061881
v -0.126908 0.410834 0.059476
v -0.125496 0.405202 0.052536
v -0.099707 0.421507 0.046745
v -0.102295 0.416572 0.042784
v -0.150015 0.417114 0.102131
v -0.151636 0.411301 0.095741
v -0.147384 0.401775 0.074508
v -0.145940 0.405715 0.076811
v -0.138879 0.405614 0.065571
v -0.137616 0.404164 0.063316
v -0.153787 0.409239 0.096439
v -0.155516 0.403939 0.090109
v -0.114242 0.413609 0.050187
v -0.116946 0.408535 0.050468
v -0.158306 0.422870 0.138638
v -0.161248 0.420748 0.143477
v -0.130850 0.403280 0.055525
v -0.133148 0.400663 0.054979
v -0.137264 0.402442 0.061553
v -0.135942 0.398117 0.055620
v -0.162668 0.396479 0.093771
v -0.161293 0.398037 0.093472
v -0.167374 0.394777 0.101223
v -0.166134 0.394919 0.096941
v -0.163174 0.401634 0.103029
v -0.163742 0.397758 0.097810
v -0.158429 0.407814 0.101379
v -0.160924 0.407938 0.107801
v -0.173113 0.399327 0.126353
v -0.172389 0.398627 0.122427
v -0.174469 0.400689 0.131136
v -0.171808 0.405049 0.133849
v -0.170191 0.403763 0.128342
v -0.168114 0.404192 0.121961
v -0.157806 0.419456 0.126842
v -0.163184 0.414564 0.131059
v -0.177492 0.396524 0.134413
v -0.178247 0.399146 0.140859
v -0.183497 0.399161 0.146685
v -0.172742 0.397149 0.130958
v -0.178694 0.391858 0.125799
v -0.162349 0.405919 0.109990
v -0.160194 0.407617 0.107770
v -0.172840 0.406530 0.145143
v -0.174748 0.405588 0.152205
v -0.182383 0.400469 0.176919
v -0.181038 0.402887 0.180132
v -0.179041 0.407490 0.181617
v -0.179729 0.405454 0.179345
v -0.181077 0.405645 0.190056
v -0.184142 0.402932 0.191251
v -0.176184 0.406892 0.174566
v -0.174616 0.409589 0.178318
v -0.181839 0.400222 0.168539
v -0.188452 0.392214 0.165188
v -0.171003 0.412189 0.157037
v -0.169477 0.413343 0.156572
v -0.162504 0.423697 0.159232
v -0.159769 0.426574 0.157414
v -0.171833 0.412707 0.168111
v -0.174314 0.409201 0.166060
v -0.167771 0.425012 0.189842
v -0.165331 0.428541 0.189682
v -0.165934 0.420537 0.166138
v -0.165504 0.425465 0.161354
v -0.167424 0.422024 0.184543
v -0.168181 0.420586 0.182449
v -0.166847 0.420075 0.169180
v -0.167701 0.419935 0.174511
v -0.165018 0.415016 0.139829
v -0.162361 0.420234 0.142503
v -0.181004 0.396249 0.154438
v -0.181634 0.398253 0.152335
v -0.180338 0.394703 0.134970
v -0.181963 0.393402 0.137945
v -0.161227 0.389616 0.081905
v -0.157630 0.394094 0.080668
v -0.162286 0.389211 0.086388
v -0.173569 0.393472 0.113938
v -0.175193 0.390206 0.111967
v -0.153636 0.394887 0.068280
v -0.156039 0.391009 0.072938
v -0.171131 0.389233 0.104699
v -0.176389 0.385294 0.108989
v -0.164259 0.375287 0.077003
v -0.160115 0.382991 0.075516
v -0.142197 0.395368 0.059346
v -0.145158 0.397664 0.053724
v -0.115929 0.402528 0.037387
v -0.120489 0.396729 0.038975
v -0.104736 0.416744 0.045158
v -0.105595 0.412267 0.042138
v -0.179595 0.387912 0.127813
v -0.181512 0.390266 0.132187
v -0.182051 0.377539 0.113885
v -0.183679 0.374293 0.110896
v -0.185901 0.376668 0.121882
v -0.183454 0.382031 0.122899
v -0.187958 0.369622 0.119103
v -0.190003 0.365197 0.117515
v -0.182663 0.374249 0.107068
v -0.184835 0.370484 0.106604
v -0.171655 0.386896 0.100785
v -0.172935 0.383567 0.098032
v -0.169620 0.384418 0.091967
v -0.171927 0.383396 0.096487
v -0.172220 0.380659 0.093837
v -0.173681 0.373952 0.085507
v -0.151418 0.389945 0.065242
v -0.147229 0.386585 0.057257
v -0.146832 0.385620 0.054530
v -0.126695 0.399694 0.048052
v -0.125480 0.398657 0.045192
v -0.184411 0.393552 0.153090
v -0.185253 0.391149 0.154934
v -0.185573 0.397126 0.177597
v -0.185667 0.396851 0.170884
v -0.182595 0.391000 0.136694
v -0.187250 0.384321 0.140352
v -0.189029 0.395805 0.190470
v -0.187295 0.399300 0.191287
v -0.188469 0.396659 0.189075
v -0.188447 0.396147 0.185644
v -0.196488 0.373497 0.139127
v -0.196110 0.370708 0.142968
v -0.198975 0.372125 0.159851
v -0.194176 0.377648 0.155461
v -0.170697 0.374078 0.083689
v -0.168095 0.376841 0.079415
v -0.190441 0.378542 0.139473
v -0.188029 0.381987 0.137382
v -0.189810 0.383727 0.149207
v -0.191011 0.381913 0.150612
v -0.197679 0.375012 0.170480
v -0.195165 0.378771 0.165378
v -0.196720 0.379403 0.183732
v -0.195059 0.382627 0.183412
v -0.189236 0.389599 0.168030
v -0.191757 0.385262 0.166894
v -0.192853 0.385564 0.174525
v -0.192925 0.390001 0.187007
v -0.188927 0.393681 0.190682
v -0.191891 0.378398 0.145207
v -0.192434 0.378703 0.149087
v -0.137172 0.392107 0.050074
v -0.136010 0.389944 0.046795
v -0.151404 0.379584 0.057596
v -0.145937 0.381648 0.052626
v -0.161339 0.370744 0.070414
v -0.165908 0.368157 0.068230
v -0.159912 0.372798 0.061714
v -0.161677 0.368796 0.062166
v -0.164137 0.362819 0.062671
v -0.159788 0.374758 0.059753
v -0.128281 0.396920 0.045870
v -0.127355 0.389675 0.039378
v -0.156155 0.372179 0.058432
v -0.157082 0.368948 0.056805
v -0.142776 0.379536 0.046969
v -0.133682 0.382168 0.037830
v -0.124640 0.389110 0.037608
v -0.125955 0.385744 0.036838
v -0.146408 0.377596 0.048810
v -0.151756 0.370481 0.049211
v -0.088969 0.421221 0.036981
v -0.085119 0.423267 0.036659
v -0.136462 0.373440 0.036410
v -0.137500 0.376741 0.039416
v -0.144008 0.368324 0.042478
v -0.140558 0.375712 0.042473
v -0.134504 0.376580 0.034202
v -0.140394 0.368107 0.031685
v -0.181511 -0.261662 -0.128681
v -0.166583 -0.355249 -0.129394
v -0.198309 -0.259694 -0.130283
v -0.200038 -0.259390 -0.133521
v -0.199136 -0.257303 -0.116351
v -0.200076 -0.256214 -0.120371
v -0.199134 -0.260123 -0.109974
v -0.199967 -0.260022 -0.112476
v -0.195681 0.218462 0.117965
v -0.194991 0.215242 0.120022
v -0.170236 -0.143468 -0.127953
v -0.171075 -0.146864 -0.126264
v -0.105387 0.137025 -0.106578
v -0.174533 -0.146625 -0.108400
v -0.176886 -0.158749 -0.143289
v -0.186531 -0.192910 -0.107895
v -0.190640 -0.229933 -0.110452
v -0.186065 -0.231773 -0.145270
v -0.186479 -0.232122 -0.144903
v -0.186394 -0.231773 -0.144769
v -0.188845 -0.254589 -0.126537
v -0.173598 -0.282917 -0.128279
v -0.171640 -0.334216 -0.128263
v -0.172067 -0.356354 -0.131245
v -0.188984 -0.211159 -0.128024
v -0.189149 -0.213549 -0.128404
v -0.186110 -0.231493 -0.144415
v -0.186138 -0.230395 -0.143264
v -0.186189 0.369793 0.072584
v -0.186819 0.371403 0.077012
v -0.180177 0.298523 0.062474
v -0.177474 0.297296 0.057952
v -0.170588 -0.353588 -0.125181
v -0.170442 -0.351807 -0.134294
v -0.168300 0.376144 0.024443
v -0.169388 0.376232 0.028084
v -0.015336 0.045077 0.043608
v -0.035563 0.093476 0.043258
v -0.045965 0.105281 0.084614
v -0.032034 0.111682 0.061968
v -0.038165 0.102076 0.084820
v -0.021261 0.109487 0.064498
v -0.026634 0.096961 0.092084
v -0.028661 0.095798 0.102942
v -0.059079 0.100506 0.100050
v -0.050001 0.092272 0.119570
v -0.031905 0.092048 0.106324
v -0.041363 0.104049 0.082803
v -0.060718 0.095847 0.121774
v -0.050156 0.120402 0.047779
v -0.079804 0.132287 0.036480
v -0.064985 0.109419 0.087115
v -0.093067 0.116994 0.090551
v -0.073120 0.108600 0.093192
v -0.095085 0.112227 0.103849
v -0.090106 0.127084 0.058583
v -0.090548 0.119500 0.080218
v -0.097403 0.127546 0.064995
v -0.110097 0.132467 0.067727
v -0.110758 0.125314 0.088642
v -0.044107 0.103951 0.084016
v -0.071796 0.124046 0.051050
v -0.065767 0.120777 0.059020
v -0.078042 0.096243 0.129270
v -0.070339 0.090257 0.139199
v -0.114403 0.134044 0.070634
v -0.098256 0.121992 0.081203
v -0.132916 0.147267 0.092540
v -0.081117 0.102916 0.115744
v -0.086322 0.108348 0.105349
v -0.091671 0.099571 0.133713
v -0.100175 0.108483 0.121340
v -0.111932 0.114353 0.117817
v -0.097364 0.111299 0.108463
v -0.098331 0.108501 0.151124
v -0.124107 0.122516 0.115389
v -0.148624 0.141766 0.113402
v -0.129460 0.123306 0.128643
v -0.153777 0.140307 0.128169
v -0.116751 0.114944 0.123873
v -0.063945 0.088334 0.141989
v -0.127116 0.114553 0.145887
v -0.117618 0.124571 0.099372
v -0.101874 0.114867 0.105966
v -0.114628 0.118055 0.111960
v -0.115928 0.103158 0.171112
v -0.118823 0.107084 0.189522
v -0.132810 0.113235 0.175987
v -0.110960 0.100892 0.165279
v -0.095761 0.096661 0.163153
v -0.104721 0.097859 0.155444
v -0.089240 0.091124 0.190520
v -0.080125 0.087440 0.168448
v -0.094329 0.093407 0.166576
v -0.077704 0.085513 0.178317
v -0.062483 0.084296 0.159528
v -0.073180 0.085993 0.190252
v -0.069482 0.083158 0.190413
v -0.105226 0.097661 0.189913
v -0.157215 0.131933 0.190764
v -0.157532 0.133316 0.179071
v -0.104128 0.096473 0.186353
v -0.058045 0.085210 0.155269
v -0.044895 0.081901 0.139465
v -0.040914 0.087624 0.126513
v -0.029741 0.090376 0.118457
v -0.021548 0.096554 0.093628
v -0.013617 0.086272 0.121798
v -0.044779 0.082504 0.152885
v -0.004802 0.112703 0.055496
v -0.017478 0.117702 0.044024
v 0.025185 0.117939 0.041468
v 0.012645 0.111661 0.056814
v 0.020716 0.106642 0.069816
v -0.000417 0.109137 0.063241
v 0.002628 0.099487 0.087386
v 0.020266 0.104408 0.073860
v 0.023341 0.095798 0.097014
v 0.029697 0.112811 0.062345
v -0.005631 0.091799 0.106704
v -0.007700 0.085960 0.122656
v -0.003105 0.085502 0.124951
v -0.099277 0.117127 0.094847
v -0.084166 0.132409 0.023326
v -0.091464 0.136882 0.033383
v -0.084484 0.128882 0.048304
v -0.098869 0.134783 0.046744
v -0.099411 0.131537 0.057556
v -0.110099 0.134095 0.063046
v -0.098758 0.138335 0.036958
v -0.091491 0.128129 0.056336
v -0.132619 0.154179 0.057599
v -0.122436 0.151924 0.039195
v -0.130241 0.160401 0.032930
v -0.120848 0.139572 0.067192
v -0.134661 0.149041 0.071822
v -0.153905 0.135117 0.152675
v -0.126057 0.122271 0.118725
v 0.033033 0.089690 0.109245
v 0.020086 0.094289 0.099828
v -0.047846 0.122083 0.037525
v -0.023988 0.116763 0.049600
v -0.022774 0.115312 0.040078
v -0.055138 0.122374 0.038618
v -0.036284 0.113386 0.054725
v 0.000876 0.078936 0.151059
v -0.023384 0.077063 0.156986
v -0.006047 0.076844 0.158109
v -0.030319 0.079696 0.152933
v -0.037784 0.081422 0.144569
v -0.034803 0.074407 0.171290
v -0.037069 0.073768 0.177762
v -0.043752 0.081359 0.156785
v -0.042319 0.076073 0.185798
v -0.044973 0.077376 0.190445
v -0.053238 0.078196 0.182180
v -0.041195 0.082768 0.151167
v -0.059707 0.082675 0.169316
v -0.022879 0.082149 0.136487
v -0.020239 0.076990 0.163209
v 0.025720 0.086073 0.140035
v 0.020839 0.083718 0.129127
v 0.035696 0.078098 0.157182
v 0.018944 0.084486 0.126853
v -0.003447 0.076449 0.159583
v -0.002554 0.075601 0.165144
v 0.022623 0.073981 0.175786
v 0.025813 0.072950 0.189993
v -0.006043 0.075376 0.166822
v 0.000149 0.073470 0.189963
v -0.006347 0.071120 0.191771
v 0.003345 0.074924 0.169792
v -0.031911 0.074407 0.173456
v -0.015380 0.074665 0.171327
v -0.036345 0.071784 0.190358
v 0.037167 0.077809 0.187484
v -0.035696 0.073979 0.178885
v 0.030296 0.072104 0.190589
v -0.037481 0.075206 0.184174
v -0.038648 0.075239 0.189302
v -0.106273 0.151191 0.011707
v -0.116950 0.148240 0.038484
v -0.124292 0.167419 0.003996
v -0.129378 0.160883 0.030131
v -0.115145 0.153503 0.018359
v -0.111127 0.158338 -0.000201
v -0.119615 0.171341 -0.012586
v -0.104927 0.157360 -0.010827
v -0.093360 0.149565 -0.009839
v -0.103533 0.149683 0.010167
v -0.101982 0.145029 0.021579
v -0.097403 0.139514 0.031021
v -0.088433 0.138691 0.024495
v -0.080783 0.138813 0.010833
v -0.082029 0.140638 0.000021
v -0.081371 0.135503 0.018553
v 0.023552 0.077760 0.152599
v -0.094795 0.129253 0.057264
v -0.083660 0.099062 0.127534
v -0.129823 0.108502 0.185552
v -0.133516 0.134837 0.174998
v -0.130005 0.115881 0.153506
v -0.013424 0.071804 0.191394
v -0.092843 0.132595 0.045711
v -0.049095 0.082020 0.190161
v -0.129982 0.109967 0.179620
v -0.085180 0.144888 -0.008419
v -0.083996 0.146933 -0.026462
v -0.093878 0.154261 -0.027826
v -0.104541 0.158520 -0.015486
v -0.101862 0.165330 -0.044999
v -0.106920 0.181133 -0.066492
v -0.101840 0.175647 -0.079310
v -0.093652 0.174000 -0.082221
v -0.078385 0.166457 -0.080509
v -0.093446 0.185560 -0.102760
v -0.103261 0.177851 -0.082476
v -0.092123 0.161383 -0.044873
v -0.113725 0.175146 -0.046598
v -0.099144 0.167980 -0.062796
v -0.083077 0.154309 -0.050067
v -0.119125 0.171979 -0.017989
v -0.117281 0.176148 -0.040718
v -0.097171 0.155203 -0.021167
v -0.098232 0.153589 -0.014330
v -0.103016 0.099174 0.153566
v -0.097654 0.152764 -0.011353
v -0.130962 0.116523 0.146766
v -0.085298 0.170637 -0.121293
v -0.085871 0.178524 -0.137569
v -0.060516 0.082404 0.172448
v -0.072983 0.089242 0.160993
v -0.085679 0.134491 0.019109
v -0.060373 0.084236 0.157853
v -0.033056 0.072099 0.191464
v -0.096485 0.128696 0.060742
v -0.041109 0.104572 0.080943
v -0.045298 0.105484 0.080535
v -0.041854 0.103824 0.083792
v -0.039553 0.100422 0.090013
v -0.043913 0.099789 0.094031
v -0.031969 0.092509 0.106461
v -0.033727 0.097160 0.105423
v -0.040368 0.089007 0.123165
v -0.040790 0.087967 0.126629
v -0.038633 0.115850 0.054682
v -0.040301 0.113861 0.059394
v -0.049488 0.124304 0.038458
v -0.046228 0.121503 0.043434
v -0.063129 0.107669 0.087229
v -0.059120 0.108492 0.084699
v -0.064757 0.099382 0.108187
v -0.056075 0.096917 0.111337
v -0.068367 0.117864 0.062333
v -0.067345 0.115686 0.067497
v -0.066228 0.108481 0.086714
v -0.066455 0.107198 0.095947
v -0.066983 0.119556 0.057681
v -0.067481 0.121875 0.052510
v -0.059296 0.125374 0.039326
v -0.062888 0.126609 0.037578
v -0.026809 0.116669 0.061534
v -0.028828 0.109911 0.064616
v -0.029258 0.090394 0.115380
v -0.029513 0.095055 0.103508
v -0.052892 0.090312 0.128110
v -0.047843 0.090206 0.129789
v -0.071196 0.099299 0.124999
v -0.072360 0.100228 0.117621
v -0.082049 0.129803 0.039442
v -0.079549 0.126517 0.043844
v -0.064411 0.091031 0.140947
v -0.068729 0.089288 0.139503
v -0.087062 0.128194 0.051484
v -0.091264 0.128307 0.055560
v -0.089187 0.119064 0.079161
v -0.084390 0.116157 0.082965
v -0.094697 0.112460 0.106161
v -0.092138 0.110152 0.108836
v -0.090096 0.104805 0.118452
v -0.091500 0.106870 0.113869
v -0.082835 0.098489 0.123469
v -0.077076 0.095816 0.127521
v -0.076481 0.104776 0.104594
v -0.081929 0.105838 0.106301
v -0.089504 0.120097 0.077870
v -0.096258 0.120527 0.083160
v -0.091992 0.128057 0.057510
v -0.090460 0.126380 0.060585
v -0.084891 0.098432 0.132083
v -0.089366 0.099100 0.133196
v -0.094325 0.100106 0.137200
v -0.099979 0.104370 0.134266
v -0.088080 0.099454 0.135430
v -0.086788 0.129838 0.048009
v -0.091613 0.132061 0.048204
v -0.091382 0.098619 0.145605
v -0.095373 0.094384 0.160811
v -0.070902 0.090674 0.139845
v -0.072793 0.090188 0.146127
v -0.096485 0.128696 0.060742
v -0.096067 0.129698 0.057514
v -0.098101 0.128985 0.061859
v -0.097402 0.127549 0.064996
v -0.098618 0.115422 0.091772
v -0.106823 0.124124 0.086615
v -0.099697 0.112762 0.110529
v -0.099704 0.115381 0.103744
v -0.101380 0.112731 0.109326
v -0.107745 0.114237 0.119399
v -0.091449 0.138444 0.030218
v -0.089090 0.138545 0.023619
v -0.101928 0.131914 0.061402
v -0.106754 0.133489 0.064746
v -0.051763 0.086303 0.141927
v -0.063226 0.088029 0.142664
v -0.097856 0.139344 0.031806
v -0.096081 0.135882 0.037461
v -0.086279 0.135539 0.024485
v -0.085401 0.136684 0.019617
v -0.101292 0.137058 0.040956
v -0.101591 0.134343 0.048791
v -0.037641 0.081573 0.144614
v -0.033615 0.085953 0.142952
v -0.118483 0.125605 0.097226
v -0.122599 0.127055 0.099697
v -0.113408 0.117882 0.109730
v -0.111413 0.114728 0.110419
v -0.114581 0.116654 0.119461
v -0.124219 0.122468 0.115941
v -0.117145 0.114771 0.125035
v -0.118669 0.113348 0.136030
v -0.127265 0.124450 0.119407
v -0.131665 0.125513 0.124715
v -0.085310 0.132735 0.018276
v -0.082145 0.135092 0.018997
v -0.085113 0.144586 -0.002826
v -0.092027 0.145802 -0.000805
v -0.097774 0.139554 0.032077
v -0.101517 0.144158 0.025617
v -0.102146 0.100086 0.154048
v -0.100125 0.099809 0.158080
v -0.114800 0.137825 0.065100
v -0.110143 0.134346 0.062775
v -0.039685 0.082488 0.146564
v -0.040731 0.081917 0.150269
v -0.062012 0.084379 0.158491
v -0.063345 0.085185 0.154609
v -0.036605 0.074733 0.179830
v -0.037252 0.076139 0.184223
v -0.041715 0.082633 0.151182
v -0.044394 0.081766 0.153914
v -0.091550 0.093052 0.169749
v -0.094883 0.093493 0.168256
v -0.047096 0.079941 0.155195
v -0.045091 0.081963 0.152626
v -0.126562 0.138890 0.083560
v -0.116776 0.140986 0.070935
v -0.131249 0.137214 0.090472
v -0.134501 0.133981 0.099820
v -0.130487 0.147438 0.067637
v -0.127053 0.148154 0.063524
v -0.121978 0.155489 0.032563
v -0.120736 0.153556 0.037086
v -0.116781 0.147156 0.039801
v -0.121381 0.148831 0.042711
v -0.104727 0.149351 0.012064
v -0.102483 0.146896 0.015575
v -0.093630 0.152738 -0.020180
v -0.086416 0.149406 -0.020022
v -0.083699 0.150829 -0.034980
v -0.088320 0.153768 -0.038233
v -0.090855 0.159979 -0.053710
v -0.084417 0.153410 -0.057858
v -0.095575 0.153428 -0.020944
v -0.093777 0.153632 -0.025179
v -0.094886 0.151579 -0.014556
v -0.094432 0.152997 -0.019716
v -0.091569 0.157201 -0.034384
v -0.096035 0.159459 -0.039709
v -0.087309 0.170924 -0.095953
v -0.087042 0.169961 -0.103565
v -0.075105 0.087359 0.164851
v -0.078392 0.083493 0.175071
v -0.101537 0.099376 0.189992
v -0.103460 0.097711 0.186586
v -0.110937 0.101925 0.145101
v -0.106261 0.101561 0.155000
v -0.081749 0.147853 -0.027085
v -0.082820 0.149251 -0.029909
v -0.098367 0.154507 -0.010482
v -0.102014 0.159586 -0.016650
v -0.106606 0.153059 0.009199
v -0.108832 0.155527 0.003691
v -0.082192 0.092451 0.186329
v -0.083908 0.090580 0.190016
v -0.109382 0.101465 0.155462
v -0.115059 0.097784 0.163330
v -0.113748 0.101991 0.174195
v -0.115503 0.103406 0.176665
v -0.097978 0.166356 -0.060232
v -0.099439 0.165750 -0.054904
v -0.032642 0.073875 0.177299
v -0.036121 0.074125 0.175191
v -0.125991 0.113067 0.149535
v -0.130930 0.118270 0.149503
v -0.141222 0.152053 0.070790
v -0.134001 0.144896 0.078275
v -0.148012 0.141881 0.110140
v -0.150726 0.145722 0.107855
v -0.146672 0.138020 0.120020
v -0.143118 0.133525 0.122165
v -0.152875 0.140681 0.122728
v -0.155560 0.141153 0.127638
v -0.114078 0.155159 0.021301
v -0.126719 0.157406 0.031018
v -0.099020 0.167802 -0.062814
v -0.103522 0.172899 -0.069823
v -0.103057 0.177608 -0.082482
v -0.099501 0.175698 -0.081741
v -0.103227 0.178106 -0.082464
v -0.105373 0.179098 -0.077708
v -0.133350 0.117372 0.142518
v -0.129605 0.114769 0.145687
v -0.105348 0.158551 -0.015040
v -0.106289 0.160560 -0.012329
v -0.115020 0.161097 0.002920
v -0.109864 0.157936 0.001940
v -0.107386 0.161820 -0.022324
v -0.111769 0.164385 -0.016185
v -0.107616 0.168625 -0.050271
v -0.108658 0.171366 -0.053433
v -0.143538 0.127679 0.140239
v -0.145816 0.127465 0.148954
v -0.150757 0.126623 0.178080
v -0.147279 0.124243 0.174025
v -0.135492 0.117116 0.162814
v -0.131954 0.115010 0.162929
v -0.132861 0.115180 0.182762
v -0.130796 0.113271 0.178989
v -0.129325 0.109659 0.180044
v -0.126712 0.107771 0.188557
v -0.111509 0.171390 -0.038707
v -0.109701 0.171295 -0.043930
v -0.114931 0.175230 -0.043661
v -0.118796 0.177563 -0.042897
v -0.119721 0.170910 -0.017720
v -0.115257 0.167167 -0.017505
v -0.109167 0.183393 -0.099551
v -0.109898 0.192621 -0.100662
v -0.153089 0.135669 0.144796
v -0.157768 0.137010 0.147643
v -0.071321 0.082710 0.187560
v -0.073662 0.085371 0.184859
v -0.048322 0.077591 0.188747
v -0.049746 0.077984 0.183751
v -0.066117 0.083735 0.171512
v -0.060990 0.083732 0.170257
v -0.060576 0.082442 0.172452
v -0.055719 0.082076 0.175971
v -0.061349 0.084261 0.164667
v -0.055042 0.083061 0.156965
v -0.029343 0.075227 0.169312
v -0.034095 0.074940 0.170760
v -0.025994 0.079300 0.156186
v -0.024613 0.078218 0.162901
v -0.029039 0.106482 0.070161
v -0.026249 0.105699 0.071137
v -0.026891 0.099434 0.083728
v -0.023649 0.096868 0.089791
v -0.025520 0.082352 0.138009
v -0.026607 0.084202 0.133479
v -0.026937 0.117123 0.045866
v -0.019448 0.107921 0.045198
v -0.008860 0.108481 0.064469
v -0.002583 0.106891 0.065472
v -0.000724 0.109006 0.062255
v 0.004326 0.112315 0.055453
v -0.019072 0.111638 0.057304
v -0.014423 0.115878 0.052173
v 0.006091 0.103652 0.077863
v 0.017359 0.105019 0.072605
v 0.022516 0.104987 0.073201
v 0.023417 0.107227 0.068177
v 0.023194 0.094304 0.099752
v 0.027702 0.095936 0.098434
v 0.019008 0.094878 0.098248
v 0.012642 0.096325 0.094925
v -0.027029 0.097393 0.092235
v -0.023801 0.095983 0.096485
v -0.008187 0.089165 0.113762
v -0.008704 0.086596 0.121176
v 0.020868 0.084340 0.127712
v 0.023956 0.085701 0.124371
v -0.012927 0.085429 0.123424
v -0.016599 0.083608 0.129511
v 0.004565 0.085779 0.130806
v 0.014828 0.083430 0.133215
v 0.017666 0.083179 0.131030
v 0.018564 0.084422 0.127166
v 0.006074 0.089614 0.112759
v 0.003029 0.091540 0.106407
v -0.005177 0.075535 0.165421
v -0.005229 0.076379 0.159876
v -0.000650 0.074834 0.170136
v -0.002351 0.075581 0.165286
v 0.026973 0.077442 0.157569
v 0.034008 0.077479 0.154028
v 0.013676 0.074476 0.172318
v 0.009915 0.075015 0.167905
v -0.004346 0.077465 0.157610
v -0.000626 0.077544 0.153889
v -0.015844 0.075862 0.165297
v -0.015380 0.074696 0.171332
v -0.017288 0.081013 0.141569
v -0.015780 0.082091 0.134482
v 0.023811 0.078384 0.150873
v 0.012313 0.078310 0.149359
v 0.028876 0.114263 0.056974
v 0.021827 0.111398 0.059183
v 0.020153 0.114325 0.052309
v 0.018827 0.111992 0.057224
v 0.028374 0.080918 0.143162
v 0.034053 0.079518 0.149120
v 0.030395 0.077857 0.189332
v 0.026558 0.074188 0.188907
v 0.003611 0.074590 0.189822
v -0.003280 0.072163 0.191176
v -0.011427 0.074181 0.189763
v -0.012241 0.073925 0.190122
v -0.070408 0.084644 0.189872
v -0.069071 0.085204 0.188970
v -0.038727 0.075885 0.188793
v -0.038320 0.079740 0.188381
v -0.140226 0.117282 0.190643
v -0.142057 0.118797 0.191430
v 0.016202 0.117410 0.044008
v 0.012365 0.117376 0.044021
v 0.021210 0.117931 0.043544
v 0.021612 0.117793 0.044390
v 0.016969 0.071813 0.190799
v 0.013786 0.072013 0.191211
v -0.018189 0.116372 0.043267
v -0.019494 0.116154 0.044180
v -0.075444 0.085194 0.190946
v -0.073585 0.083764 0.191246
v -0.046588 0.079822 0.191005
v -0.045262 0.079164 0.190721
v 0.015244 0.146205 0.044003
v 0.025736 0.147610 0.043469
v -0.022600 0.144345 0.043873
v -0.032659 0.146520 0.043728
v 0.048523 0.152751 0.042581
v -0.042743 0.149150 0.043461
v -0.054900 0.153207 0.042736
v 0.070073 0.161063 0.040264
v 0.076308 0.164269 0.039023
v 0.101445 0.179002 0.034241
v 0.116060 0.193095 0.034263
v 0.138093 0.223765 0.036720
v 0.146771 0.236260 0.031151
v 0.151295 0.274482 0.034075
v 0.151408 0.256717 0.030427
v 0.150355 0.298353 0.031302
v 0.149835 0.304580 0.032796
v -0.069410 0.160439 0.040161
v -0.081543 0.167378 0.038743
v -0.102919 0.181933 0.034946
v -0.087457 0.172347 0.036215
v -0.110234 0.189006 0.033467
v -0.118637 0.197398 0.033649
v -0.137830 0.222905 0.033755
v -0.146816 0.245929 0.034908
v -0.153873 0.276300 0.037067
v -0.152179 0.307269 0.033746
v 0.147140 0.328539 0.034275
v 0.145421 0.336411 0.033439
v -0.147545 0.329812 0.033658
v -0.136110 0.362199 0.033562
v -0.129488 0.374300 0.034978
v -0.123956 0.381596 0.035545
v -0.120846 0.386314 0.036355
v -0.112406 0.396645 0.037169
v -0.095412 0.413300 0.038652
v -0.086411 0.418595 0.035183
v -0.079367 0.424318 0.038289
v -0.064123 0.432809 0.039461
v -0.049746 0.437942 0.038808
v -0.041863 0.441297 0.037626
v -0.038645 0.440805 0.037291
v -0.050112 0.439238 0.039152
v -0.034166 0.444148 0.038281
v -0.011145 0.446309 0.039913
v 0.000501 0.446641 0.040254
v 0.022502 0.446429 0.037537
v 0.026268 0.444457 0.040341
v 0.138629 0.356808 0.033871
v 0.132773 0.370753 0.034864
v 0.038968 0.441992 0.039112
v 0.057164 0.438211 0.037723
v 0.123690 0.387201 0.034367
v 0.111026 0.400347 0.038894
v 0.090014 0.418173 0.039284
v 0.080714 0.422301 0.035868
v 0.077574 0.425541 0.039126
v 0.072781 0.428291 0.039121
v 0.068102 0.430536 0.039416
v 0.152673 0.256498 0.031825
v -0.087001 0.418198 0.035515
v -0.084899 0.418219 0.036353
v -0.150201 0.284904 0.029965
v -0.149607 0.287128 0.030633
v -0.140548 0.291680 0.065176
v -0.091752 0.262579 0.128051
v -0.158456 0.286227 0.034047
v -0.088339 0.159654 0.044884
v -0.073885 0.166999 0.047809
v -0.142075 0.294952 0.061146
v -0.071812 0.166187 0.047933
v -0.098745 0.345875 0.119627
v -0.100866 0.345078 0.117264
v -0.085439 0.415705 0.042673
v -0.082957 0.418353 0.039829
v -0.087881 0.362798 0.131968
v -0.089126 0.364455 0.130897
v -0.078842 0.410877 0.076877
v -0.078780 0.411446 0.073955
v -0.080469 0.408354 0.087004
v -0.082326 0.407049 0.086831
v -0.085767 0.418299 0.035829
v -0.086957 0.418507 0.035386
v -0.110638 0.348685 0.101166
v -0.123504 0.320451 0.090097
v -0.109802 0.361131 0.101028
v -0.098909 0.365787 0.119339
v -0.095600 0.358170 0.122230
v -0.082491 0.375879 0.125850
v -0.089179 0.364453 0.130953
v -0.100061 0.348252 0.118538
v -0.094668 0.352181 0.122603
v -0.097085 0.345156 0.121174
v -0.105243 0.341091 0.112357
v -0.090620 0.358710 0.128937
v -0.095675 0.334521 0.123496
v -0.106585 0.337296 0.111068
v -0.112889 0.348220 0.098022
v -0.114513 0.352672 0.093006
v -0.110987 0.345736 0.089193
v -0.124278 0.350185 0.076231
v -0.123965 0.361429 0.064979
v -0.128492 0.352716 0.059305
v -0.114616 0.365149 0.089038
v -0.130944 0.340944 0.065645
v -0.124871 0.361587 0.061934
v -0.128802 0.361281 0.050287
v -0.118768 0.369056 0.072607
v -0.082695 0.353915 0.135512
v -0.098065 0.369612 0.119727
v -0.103771 0.335122 0.115729
v -0.109089 0.337773 0.108122
v -0.124155 0.337345 0.082212
v -0.122390 0.332376 0.089598
v -0.131794 0.335198 0.068391
v -0.133448 0.340083 0.062459
v -0.131591 0.337649 0.068711
v -0.127452 0.346622 0.071716
v -0.100577 0.387428 0.093843
v -0.107420 0.377115 0.091727
v -0.107550 0.380328 0.082400
v -0.094807 0.396915 0.085310
v -0.087349 0.391928 0.110881
v -0.093097 0.394951 0.099488
v -0.078050 0.386580 0.125099
v -0.140365 0.311514 0.060233
v -0.095072 0.326264 0.123142
v -0.090519 0.324914 0.135077
v -0.109069 0.288328 0.130731
v -0.093427 0.298435 0.145183
v -0.094032 0.308614 0.150553
v -0.112749 0.314271 0.106891
v -0.109843 0.368272 0.091043
v -0.108287 0.374471 0.092736
v -0.110386 0.377092 0.078809
v -0.112159 0.378240 0.066290
v -0.137176 0.338629 0.054189
v -0.100043 0.394330 0.071543
v -0.107797 0.383256 0.077908
v -0.110272 0.383971 0.052932
v -0.105902 0.390130 0.058223
v -0.118041 0.381250 0.047143
v -0.127453 0.377730 0.034277
v -0.101032 0.410914 0.037661
v -0.118041 0.384275 0.038692
v -0.096454 0.402288 0.044344
v -0.084017 0.414271 0.045561
v -0.112238 0.390631 0.041982
v -0.122452 0.369055 0.050788
v -0.124574 0.312069 0.085884
v -0.133852 0.323133 0.069001
v -0.125710 0.299794 0.095315
v -0.127813 0.293631 0.092576
v -0.124220 0.302484 0.096105
v -0.122798 0.306472 0.096978
v -0.093442 0.404594 0.055475
v -0.104212 0.397688 0.048983
v -0.090868 0.360473 0.127317
v -0.095851 0.401934 0.068790
v -0.098156 0.395713 0.070465
v -0.087295 0.405744 0.070059
v -0.089830 0.332750 0.131985
v -0.084671 0.363066 0.133737
v -0.082035 0.406118 0.085228
v -0.139641 0.328529 0.053428
v -0.116819 0.381171 0.050582
v -0.085663 0.410384 0.056428
v -0.080607 0.422769 0.036505
v -0.148459 0.325576 0.033706
v -0.156153 0.299596 0.046572
v -0.141282 0.308159 0.059619
v -0.140755 0.313146 0.053618
v -0.139243 0.321263 0.051720
v -0.120918 0.296180 0.101436
v -0.121630 0.310728 0.096797
v -0.082423 0.403836 0.100854
v -0.067932 0.415857 0.085007
v -0.072271 0.403870 0.114077
v -0.073564 0.415699 0.075303
v -0.075377 0.424875 0.052074
v -0.078682 0.412322 0.073766
v -0.077974 0.410468 0.080348
v -0.136951 0.294849 0.066926
v -0.142038 0.325027 0.048662
v -0.100993 0.313635 0.118532
v -0.127661 0.367106 0.044623
v -0.129589 0.366070 0.037680
v -0.137030 0.343357 0.048360
v -0.136194 0.361221 0.033204
v -0.139445 0.352265 0.032713
v -0.144766 0.336933 0.032781
v -0.132314 0.347512 0.055670
v -0.136595 0.338126 0.038403
v -0.080314 0.415684 0.058661
v -0.109296 0.318126 0.108964
v -0.133057 0.341783 0.062059
v -0.124432 0.300903 0.095965
v -0.137599 0.340572 0.049603
v -0.084712 0.327600 0.144699
v -0.083061 0.324425 0.152212
v -0.083227 0.420684 0.036222
v -0.129483 0.368540 0.034415
v -0.116729 0.362561 0.087087
v -0.115422 0.365799 0.083214
v -0.116798 0.354065 0.091307
v -0.118988 0.347484 0.098924
v -0.121594 0.346271 0.087946
v -0.124672 0.353070 0.085553
v -0.113639 0.365738 0.090765
v -0.106439 0.359456 0.099043
v -0.125653 0.348260 0.074219
v -0.125582 0.343823 0.077392
v -0.120030 0.342038 0.090559
v -0.117747 0.342539 0.094001
v -0.127419 0.346678 0.071177
v -0.130502 0.342756 0.067666
v -0.121072 0.365217 0.068251
v -0.119665 0.368623 0.065425
v -0.119330 0.372378 0.058617
v -0.123995 0.361182 0.065324
v -0.124962 0.358892 0.063836
v -0.124011 0.361564 0.064789
v -0.123243 0.363445 0.063969
v -0.133123 0.348582 0.058645
v -0.133813 0.340352 0.060763
v -0.131582 0.338078 0.068384
v -0.132112 0.338875 0.066263
v -0.131580 0.341444 0.065627
v -0.132897 0.340791 0.062824
v -0.123320 0.329188 0.087540
v -0.122302 0.330225 0.090004
v -0.131367 0.337221 0.069033
v -0.132200 0.332989 0.070201
v -0.130925 0.354461 0.054366
v -0.129619 0.354212 0.058584
v -0.125657 0.318777 0.087689
v -0.131576 0.321279 0.075839
v -0.137037 0.331669 0.059751
v -0.137578 0.332214 0.054974
v -0.140033 0.324651 0.056384
v -0.139369 0.323063 0.059858
v -0.112534 0.351358 0.101976
v -0.114634 0.351198 0.099387
v -0.122035 0.311296 0.097279
v -0.122625 0.316911 0.095557
v -0.136877 0.342193 0.050297
v -0.137599 0.340572 0.049603
v -0.125511 0.367677 0.050246
v -0.127429 0.365911 0.046251
v -0.138059 0.342232 0.044132
v -0.137998 0.338948 0.048127
v -0.129106 0.309768 0.085150
v -0.124650 0.301090 0.094854
v -0.140565 0.326318 0.052876
v -0.140749 0.321096 0.050544
v -0.116208 0.382607 0.050127
v -0.115960 0.379810 0.058726
v -0.109162 0.377193 0.082833
v -0.110055 0.373385 0.082867
v -0.111545 0.378472 0.077498
v -0.112821 0.381401 0.071384
v -0.134095 0.364246 0.033013
v -0.131259 0.361955 0.038886
v -0.138286 0.352728 0.037088
v -0.133469 0.350402 0.031698
v -0.137231 0.347023 0.040944
v -0.146493 0.338487 0.035444
v -0.142398 0.333102 0.040717
v -0.129107 0.370026 0.038116
v -0.134425 0.373156 0.036798
v -0.143232 0.328135 0.048017
v -0.142038 0.325027 0.048662
v -0.127661 0.367028 0.044599
v -0.126958 0.369266 0.041635
v -0.140868 0.311270 0.060317
v -0.139843 0.306833 0.064119
v -0.141215 0.308261 0.058713
v -0.142215 0.310885 0.053663
v -0.144392 0.315937 0.047774
v -0.144639 0.317581 0.045034
v -0.110833 0.385195 0.061181
v -0.115179 0.379762 0.059891
v -0.137870 0.302732 0.065033
v -0.138636 0.296732 0.069710
v -0.119933 0.377009 0.048640
v -0.117795 0.381032 0.046725
v -0.148984 0.303258 0.031147
v -0.149278 0.306181 0.030119
v -0.122386 0.318772 0.099329
v -0.117918 0.316632 0.101211
v -0.115199 0.316440 0.103895
v -0.120351 0.305270 0.101049
v -0.122724 0.308581 0.097055
v -0.109317 0.333607 0.107642
v -0.109939 0.332395 0.104586
v -0.110108 0.369887 0.094460
v -0.109102 0.372227 0.098000
v -0.112915 0.378865 0.101496
v -0.108351 0.374432 0.092753
v -0.108090 0.375951 0.090025
v -0.106793 0.380909 0.081132
v -0.105954 0.383991 0.079752
v -0.120530 0.301206 0.099290
v -0.123773 0.301736 0.095920
v -0.125513 0.298065 0.095023
v -0.125038 0.295018 0.096422
v -0.113616 0.388289 0.041178
v -0.114114 0.386577 0.044416
v -0.108701 0.337965 0.110247
v -0.108399 0.342189 0.109978
v -0.105968 0.394316 0.052623
v -0.104572 0.396678 0.050499
v -0.099790 0.394763 0.072207
v -0.097164 0.397798 0.072646
v -0.101108 0.394547 0.065599
v -0.099570 0.394987 0.069454
v -0.104013 0.398860 0.045356
v -0.106836 0.399721 0.038661
v -0.100452 0.402587 0.044203
v -0.101080 0.377979 0.107791
v -0.098969 0.382144 0.109239
v -0.097863 0.388559 0.095982
v -0.094278 0.393191 0.097538
v -0.098671 0.399663 0.057708
v -0.099619 0.398776 0.055339
v -0.101382 0.364847 0.113886
v -0.099432 0.369115 0.117215
v -0.092051 0.399157 0.081475
v -0.095252 0.397052 0.076441
v -0.090073 0.409906 0.053012
v -0.093653 0.405141 0.050952
v -0.109004 0.332012 0.114878
v -0.104254 0.330277 0.115295
v -0.100020 0.338267 0.118090
v -0.103123 0.339621 0.113320
v -0.096388 0.346181 0.121592
v -0.098272 0.345845 0.120171
v -0.104194 0.342412 0.119219
v -0.098940 0.343996 0.122214
v -0.106952 0.316064 0.112622
v -0.102783 0.316576 0.117197
v -0.105039 0.310143 0.114911
v -0.105606 0.304035 0.116108
v -0.098233 0.355521 0.121204
v -0.096716 0.358731 0.122752
v -0.096207 0.368674 0.120376
v -0.094477 0.374035 0.123662
v -0.096342 0.410271 0.068875
v -0.095721 0.408659 0.066276
v -0.084572 0.402116 0.100059
v -0.086464 0.390826 0.094812
v -0.094986 0.326429 0.123488
v -0.092042 0.329744 0.123963
v -0.094991 0.319993 0.125677
v -0.097539 0.315533 0.122599
v -0.091551 0.358602 0.126464
v -0.093688 0.352465 0.124619
v -0.086877 0.343503 0.131799
v -0.087467 0.321826 0.130465
v -0.092405 0.311103 0.129873
v -0.103505 0.298208 0.125760
v -0.106272 0.291361 0.118122
v -0.085285 0.376128 0.128171
v -0.075498 0.377845 0.126540
v -0.109359 0.292742 0.114864
v -0.109130 0.297897 0.114360
v -0.091103 0.359652 0.128620
v -0.091170 0.362104 0.128658
v -0.142219 0.340391 0.030340
v -0.143212 0.336363 0.030317
v -0.079592 0.409826 0.074436
v -0.083878 0.406767 0.072312
v -0.083318 0.409724 0.060135
v -0.084255 0.410356 0.056780
v -0.083078 0.397971 0.118127
v -0.079976 0.399347 0.114201
v -0.076144 0.404808 0.099018
v -0.080639 0.404016 0.096831
v -0.085061 0.366239 0.132636
v -0.084781 0.364029 0.134629
v -0.089677 0.416466 0.035222
v -0.092726 0.412538 0.036095
v -0.076641 0.410869 0.081442
v -0.080233 0.407741 0.086616
v -0.079074 0.410671 0.075485
v -0.072531 0.415265 0.075732
v -0.092253 0.408908 0.047038
v -0.090762 0.411605 0.042829
v -0.084908 0.415253 0.045792
v -0.083457 0.423795 0.038904
v -0.078403 0.413154 0.069048
v -0.077325 0.416249 0.066242
v -0.071894 0.415780 0.073729
v -0.071420 0.416880 0.070000
v -0.078612 0.417180 0.052377
v -0.077599 0.419262 0.048046
v -0.094578 0.303991 0.150287
v -0.091785 0.307580 0.148303
v -0.087680 0.320026 0.152310
v -0.088681 0.317703 0.152864
v -0.094164 0.307710 0.149777
v -0.094447 0.306239 0.146146
v -0.097454 0.297946 0.151093
v -0.097037 0.291572 0.146941
v -0.081754 0.320242 0.147948
v -0.087889 0.317718 0.143712
v -0.146082 0.452710 0.191138
v -0.146078 0.453483 0.189946
v -0.138105 0.277541 0.073212
v -0.138816 0.281169 0.070951
v -0.130790 0.328323 -0.127429
v -0.128105 0.326921 -0.131252
v -0.127286 0.320908 0.085851
v -0.129197 0.320733 0.082489
v -0.099084 0.328045 -0.158503
v -0.099299 0.324510 -0.159056
v -0.059399 0.422261 -0.128148
v -0.059415 0.422290 -0.128159
v -0.057809 0.351655 -0.174276
v -0.054415 0.352607 -0.175144
v -0.037881 0.344242 -0.182228
v -0.033424 0.343613 -0.183313
v -0.026151 0.358672 -0.179824
v -0.027176 0.360373 -0.179066
v -0.114542 0.281420 -0.149429
v -0.116732 0.278408 -0.147134
v -0.080814 0.370674 -0.154407
v -0.096352 0.362786 -0.156813
v -0.081892 0.385419 -0.145617
v -0.098189 0.359396 -0.144743
v -0.064521 0.378754 -0.160340
v -0.060156 0.354304 -0.169219
v -0.066373 0.362043 -0.167046
v -0.097521 0.376906 -0.138197
v -0.094214 0.377650 -0.141922
v -0.110069 0.348138 -0.140987
v -0.100015 0.329264 -0.152254
v -0.088808 0.351908 -0.157820
v -0.112889 0.347341 -0.141436
v -0.124804 0.349423 -0.127789
v -0.045840 0.370594 -0.170177
v -0.090024 0.355778 -0.156251
v -0.106547 0.371833 -0.134444
v -0.115641 0.329871 -0.142265
v -0.106486 0.339245 -0.150299
v -0.109091 0.378908 -0.125967
v -0.091943 0.397679 -0.126069
v -0.099619 0.390306 -0.128425
v -0.085644 0.386367 -0.143454
v -0.092655 0.379933 -0.142484
v -0.056269 0.351938 -0.174840
v -0.045404 0.354237 -0.177341
v -0.031158 0.346889 -0.181355
v -0.066407 0.359271 -0.168175
v -0.057498 0.334905 -0.178629
v -0.069699 0.341303 -0.171659
v -0.073176 0.357701 -0.164679
v -0.064030 0.329326 -0.176024
v -0.077614 0.322851 -0.172538
v -0.078186 0.339937 -0.168010
v -0.094891 0.327379 -0.161436
v -0.083399 0.352238 -0.161186
v -0.080287 0.347056 -0.164962
v -0.086856 0.321427 -0.166351
v -0.076062 0.308800 -0.174158
v -0.099319 0.318536 -0.159564
v -0.104413 0.297723 -0.157690
v -0.115397 0.294759 -0.145869
v -0.094726 0.294156 -0.165179
v -0.100598 0.263624 -0.156047
v -0.108919 0.284953 -0.154306
v -0.071311 0.314863 -0.175914
v -0.120313 0.312499 -0.141696
v -0.082228 0.299301 -0.172319
v -0.071544 0.319336 -0.175554
v -0.080269 0.282632 -0.162397
v -0.093205 0.266007 -0.163328
v -0.114898 0.274472 -0.145319
v -0.047084 0.332706 -0.178284
v -0.067927 0.312383 -0.177981
v -0.068628 0.317839 -0.176797
v -0.069969 0.295037 -0.178437
v -0.074376 0.299771 -0.176138
v -0.056065 0.330998 -0.180192
v -0.102815 0.337789 -0.153105
v -0.111355 0.328489 -0.148106
v -0.121765 0.361601 -0.121712
v -0.122084 0.377892 -0.109471
v -0.020434 0.352533 -0.181211
v -0.035274 0.368346 -0.172553
v -0.021841 0.365951 -0.177412
v -0.012175 0.372659 -0.174498
v -0.015438 0.387349 -0.165226
v -0.009049 0.385345 -0.170001
v -0.002856 0.393962 -0.163619
v -0.003899 0.378626 -0.172722
v -0.045881 0.393804 -0.157962
v -0.012273 0.410894 -0.152830
v -0.004613 0.409729 -0.151387
v -0.020231 0.410122 -0.152283
v -0.014798 0.367230 -0.177948
v -0.008660 0.360726 -0.180916
v -0.114775 0.324476 -0.146583
v -0.076591 0.339884 -0.169560
v -0.120954 0.336941 -0.132986
v -0.005831 0.371836 -0.176156
v -0.088170 0.274452 -0.167495
v -0.122774 0.355772 -0.126175
v -0.091655 0.409969 -0.114143
v -0.083758 0.396961 -0.133176
v -0.103493 0.389989 -0.125376
v -0.082796 0.407181 -0.128057
v -0.073245 0.406134 -0.133873
v -0.070406 0.412979 -0.131742
v -0.067869 0.416488 -0.127971
v -0.055815 0.435499 -0.111498
v -0.048241 0.424467 -0.130803
v -0.046038 0.433397 -0.115904
v -0.059494 0.422240 -0.128174
v -0.025679 0.429588 -0.125001
v -0.026189 0.413192 -0.148001
v -0.012782 0.414035 -0.150095
v -0.007746 0.419026 -0.146297
v -0.033197 0.421775 -0.135916
v -0.018345 0.425715 -0.139005
v -0.004172 0.422707 -0.139615
v -0.100286 0.392235 -0.126076
v -0.039186 0.360527 -0.176393
v -0.065844 0.407660 -0.137185
v -0.048882 0.406578 -0.148241
v -0.067487 0.403373 -0.142628
v -0.052347 0.418015 -0.136175
v -0.028813 0.397646 -0.159876
v -0.033174 0.405297 -0.147476
v -0.046249 0.375401 -0.168373
v -0.068334 0.411686 -0.134241
v -0.059574 0.389697 -0.155657
v -0.033549 0.376678 -0.167367
v -0.047491 0.378320 -0.166722
v -0.050545 0.400836 -0.152574
v -0.020125 0.397344 -0.161616
v -0.056843 0.396355 -0.152538
v -0.064243 0.401730 -0.145325
v -0.114800 0.390114 -0.111496
v -0.120766 0.308058 -0.141549
v -0.071157 0.420752 -0.122673
v -0.055881 0.379276 -0.162809
v -0.055666 0.380117 -0.162896
v -0.065064 0.381533 -0.156993
v -0.077486 0.300526 -0.174799
v -0.070466 0.401455 -0.141670
v -0.075954 0.396883 -0.142424
v -0.003103 0.418789 -0.145406
v -0.074691 0.389162 -0.148724
v -0.074241 0.390228 -0.143228
v -0.074682 0.380081 -0.151424
v -0.054783 0.379023 -0.163837
v -0.106005 0.392477 -0.116047
v -0.072234 0.428394 -0.111144
v -0.040257 0.396469 -0.157876
v -0.105009 0.389863 -0.123755
v -0.091858 0.356570 -0.155011
v -0.077763 0.389823 -0.146429
v -0.026239 0.358846 -0.179753
v -0.057576 0.351717 -0.174345
v -0.074072 0.376030 -0.157804
v -0.076739 0.384957 -0.150035
v -0.065947 0.380104 -0.159050
v -0.066553 0.361493 -0.166822
v -0.071928 0.364648 -0.163128
v -0.069248 0.356718 -0.165587
v -0.066589 0.348634 -0.171469
v -0.062312 0.381030 -0.159622
v -0.059583 0.378346 -0.162159
v -0.065211 0.385568 -0.155245
v -0.060234 0.389106 -0.155325
v -0.057793 0.378327 -0.162809
v -0.055156 0.379407 -0.163364
v -0.050076 0.372546 -0.169046
v -0.048507 0.378463 -0.166736
v -0.054316 0.380015 -0.162999
v -0.060185 0.363876 -0.171531
v -0.066384 0.361346 -0.167523
v -0.042722 0.367006 -0.173227
v -0.040320 0.360874 -0.175687
v -0.043945 0.380147 -0.167056
v -0.046555 0.377664 -0.167598
v -0.058786 0.351288 -0.175929
v -0.054084 0.349379 -0.177094
v -0.037725 0.377489 -0.169265
v -0.040656 0.369744 -0.172385
v -0.040653 0.396424 -0.158156
v -0.047232 0.395602 -0.155350
v -0.043869 0.354383 -0.177384
v -0.037371 0.360201 -0.177507
v -0.029100 0.374089 -0.173107
v -0.022357 0.383378 -0.172558
v -0.031942 0.351612 -0.181157
v -0.033914 0.351734 -0.180583
v -0.066506 0.343939 -0.173520
v -0.063312 0.344189 -0.175133
v -0.046680 0.338065 -0.181454
v -0.039410 0.340190 -0.181920
v -0.037586 0.336876 -0.184001
v -0.021322 0.368196 -0.177755
v -0.013707 0.369089 -0.177409
v -0.032797 0.397932 -0.158734
v -0.038171 0.395649 -0.158689
v -0.038201 0.343401 -0.182597
v -0.036179 0.342403 -0.183641
v -0.056378 0.395133 -0.153151
v -0.053308 0.396818 -0.153543
v -0.014223 0.370742 -0.176248
v -0.011996 0.375516 -0.174260
v -0.021841 0.398598 -0.161335
v -0.027104 0.396195 -0.161250
v -0.019824 0.361017 -0.179795
v -0.016712 0.364268 -0.178910
v -0.012397 0.381903 -0.171169
v -0.010202 0.383892 -0.170374
v -0.039181 0.411116 -0.143508
v -0.035361 0.411803 -0.147433
v -0.034593 0.411507 -0.148592
v -0.049260 0.401169 -0.151765
v -0.047739 0.406301 -0.148624
v -0.050180 0.417360 -0.136729
v -0.048697 0.406506 -0.147194
v -0.014726 0.395070 -0.162727
v -0.012604 0.390539 -0.166908
v -0.028524 0.408367 -0.157625
v -0.028506 0.409661 -0.152547
v -0.032345 0.408647 -0.150579
v -0.010187 0.375160 -0.174802
v -0.005766 0.377053 -0.173833
v -0.004684 0.390580 -0.166929
v -0.008465 0.388545 -0.167341
v -0.057429 0.403735 -0.146143
v -0.062461 0.404132 -0.144057
v -0.028213 0.411008 -0.149868
v -0.019300 0.410733 -0.151920
v -0.013626 0.410247 -0.152613
v -0.015709 0.412491 -0.149937
v -0.004659 0.400192 -0.161943
v -0.000886 0.399563 -0.161608
v -0.011791 0.411895 -0.151360
v -0.011558 0.415904 -0.148786
v -0.076910 0.385452 -0.149723
v -0.076148 0.388061 -0.148249
v -0.079711 0.390543 -0.144826
v -0.073609 0.391679 -0.148285
v -0.005390 0.414008 -0.149002
v -0.007182 0.418134 -0.147434
v -0.067771 0.402122 -0.143149
v -0.069588 0.400951 -0.143095
v -0.056122 0.332456 -0.179669
v -0.052956 0.334463 -0.180176
v -0.082007 0.365811 -0.157307
v -0.091104 0.357158 -0.154640
v -0.080957 0.352229 -0.162279
v -0.081036 0.347471 -0.165114
v -0.070720 0.404843 -0.139391
v -0.066950 0.404705 -0.141633
v -0.065908 0.409146 -0.133709
v -0.071525 0.406540 -0.136532
v -0.079969 0.397575 -0.148690
v -0.079868 0.395944 -0.140612
v -0.081564 0.387376 -0.148421
v -0.086541 0.388997 -0.143421
v -0.080135 0.345565 -0.166190
v -0.078933 0.340224 -0.168570
v -0.063022 0.335198 -0.179179
v -0.062171 0.331085 -0.177981
v -0.056406 0.329898 -0.180621
v -0.063497 0.329946 -0.178549
v -0.085860 0.375049 -0.151044
v -0.095010 0.364261 -0.149344
v -0.094843 0.355180 -0.150416
v -0.075889 0.340213 -0.170032
v -0.074987 0.337577 -0.171428
v -0.084863 0.351977 -0.160445
v -0.092204 0.345493 -0.157937
v -0.090044 0.382078 -0.142802
v -0.086561 0.383953 -0.144049
v -0.089804 0.376833 -0.145999
v -0.094380 0.377744 -0.142417
v -0.057739 0.415980 -0.134225
v -0.053011 0.417852 -0.136202
v -0.068323 0.320798 -0.177952
v -0.064079 0.322246 -0.179420
v -0.090279 0.355389 -0.156221
v -0.090037 0.352890 -0.157704
v -0.094603 0.380831 -0.141199
v -0.098248 0.373541 -0.144167
v -0.098587 0.376771 -0.139882
v -0.103606 0.373583 -0.147188
v -0.098735 0.382867 -0.135769
v -0.089554 0.389608 -0.138821
v -0.086692 0.401886 -0.139460
v -0.073151 0.325918 -0.175660
v -0.073107 0.320091 -0.176175
v -0.051787 0.418717 -0.135959
v -0.051831 0.422502 -0.130614
v -0.081620 0.325023 -0.169567
v -0.084623 0.327712 -0.167376
v -0.068395 0.412803 -0.132716
v -0.066088 0.414525 -0.132715
v -0.081020 0.403314 -0.132534
v -0.082773 0.400864 -0.134403
v -0.071457 0.310859 -0.177344
v -0.068935 0.312031 -0.178079
v -0.074329 0.317447 -0.174623
v -0.069193 0.316220 -0.176825
v -0.064893 0.316411 -0.179378
v -0.067221 0.313946 -0.179099
v -0.099235 0.338789 -0.155416
v -0.101729 0.340186 -0.153482
v -0.107472 0.340695 -0.150684
v -0.092709 0.322890 -0.163191
v -0.090478 0.323582 -0.165081
v -0.098750 0.327724 -0.159103
v -0.094594 0.328142 -0.161718
v -0.104904 0.336656 -0.153554
v -0.111971 0.328536 -0.148540
v -0.081061 0.301912 -0.172832
v -0.080934 0.311432 -0.173059
v -0.074919 0.301664 -0.175319
v -0.073565 0.306073 -0.176118
v -0.077668 0.292041 -0.174839
v -0.074847 0.293066 -0.176197
v -0.076102 0.296498 -0.176005
v -0.079675 0.299123 -0.173790
v -0.106134 0.313918 -0.155539
v -0.106255 0.318068 -0.153997
v -0.104792 0.380152 -0.131207
v -0.105600 0.375573 -0.133955
v -0.100719 0.392525 -0.129071
v -0.097880 0.395104 -0.127524
v -0.112012 0.329008 -0.146688
v -0.117648 0.325063 -0.143914
v -0.110640 0.327646 -0.149429
v -0.110406 0.321905 -0.150895
v -0.104893 0.388529 -0.124465
v -0.108148 0.379127 -0.128125
v -0.112087 0.345627 -0.143016
v -0.109885 0.351240 -0.142644
v -0.091372 0.403665 -0.124299
v -0.094894 0.403658 -0.119514
v -0.111994 0.362419 -0.135615
v -0.117116 0.362631 -0.130482
v -0.083276 0.407432 -0.127331
v -0.077624 0.412902 -0.128128
v -0.102080 0.389838 -0.127034
v -0.100583 0.392717 -0.125948
v -0.105044 0.391520 -0.123069
v -0.106976 0.391316 -0.120703
v -0.076981 0.417726 -0.121221
v -0.072271 0.418299 -0.123107
v -0.057223 0.423800 -0.126537
v -0.058534 0.427433 -0.121782
v -0.117406 0.349195 -0.136328
v -0.116649 0.346866 -0.138418
v -0.093671 0.302672 -0.165176
v -0.094671 0.298652 -0.164910
v -0.071191 0.421081 -0.121663
v -0.070346 0.424861 -0.117169
v -0.106156 0.399144 -0.113605
v -0.108271 0.395710 -0.114116
v -0.121265 0.352163 -0.129659
v -0.119802 0.356672 -0.128460
v -0.113396 0.379469 -0.122919
v -0.114169 0.383346 -0.119337
v -0.123987 0.341231 -0.130549
v -0.120382 0.342979 -0.134241
v -0.087773 0.416341 -0.113690
v -0.085504 0.415976 -0.116306
v -0.119351 0.327888 -0.138531
v -0.118087 0.325773 -0.142758
v -0.123831 0.368896 -0.118902
v -0.122505 0.367378 -0.120354
v -0.038909 0.426769 -0.131425
v -0.030634 0.426863 -0.135027
v -0.051148 0.437701 -0.113657
v -0.045897 0.435240 -0.121018
v -0.016565 0.423251 -0.143132
v -0.017878 0.424908 -0.140280
v -0.019413 0.426977 -0.137284
v -0.024167 0.430113 -0.132790
v -0.007375 0.420520 -0.144331
v -0.012930 0.423327 -0.142044
v -0.119440 0.309469 -0.146099
v -0.117350 0.313460 -0.147140
v -0.108854 0.293806 -0.153282
v -0.104739 0.289485 -0.155912
v -0.095966 0.292296 -0.163793
v -0.095134 0.287282 -0.164189
v -0.111432 0.295576 -0.151911
v -0.116697 0.294399 -0.146329
v -0.090259 0.273709 -0.166991
v -0.092585 0.273998 -0.164410
v -0.104824 0.272461 -0.157299
v -0.108117 0.280356 -0.152903
v -0.114542 0.281420 -0.149429
v -0.116719 0.276576 -0.146959
v -0.113073 0.467831 0.186800
v -0.125814 0.470498 0.190579
v -0.122587 0.308617 -0.141087
v -0.124223 0.310208 -0.139051
v -0.119972 0.404415 -0.086822
v -0.121660 0.401831 -0.087446
v -0.118285 -0.446266 0.035566
v -0.114557 -0.450479 0.049611
v -0.120434 -0.447643 0.042064
v -0.097547 -0.476894 -0.120180
v -0.117831 -0.494500 0.050404
v -0.118431 -0.495580 -0.013391
v -0.117563 -0.496034 -0.013220
v -0.117634 -0.446051 0.036505
v -0.112609 -0.500597 -0.156729
v -0.111431 -0.447805 -0.156056
v -0.110648 -0.462794 -0.152206
v -0.107764 -0.498488 -0.148579
v -0.106722 -0.499103 -0.148784
v -0.118492 -0.457609 0.046068
v -0.118533 -0.452660 0.042451
v -0.118709 -0.498338 -0.128124
v -0.116113 -0.496837 -0.086639
v -0.113255 -0.499497 -0.137103
v -0.112115 -0.499597 -0.136130
v -0.111465 -0.496269 -0.141067
v -0.112939 -0.497651 -0.146574
v -0.109158 -0.497605 -0.046146
v -0.118385 -0.498464 -0.008458
v -0.116112 -0.497844 0.049786
v -0.114717 -0.499151 -0.049749
v -0.112169 -0.499901 -0.051977
v -0.105445 -0.443817 0.066558
v -0.105873 -0.498274 0.065340
v -0.117632 -0.446597 0.036978
v -0.118371 -0.447356 0.034622
v -0.116508 -0.448150 -0.138375
v -0.116268 -0.447614 -0.138203
v -0.107298 -0.445165 -0.146871
v -0.028430 -0.445614 -0.147211
v -0.091472 -0.447904 -0.150474
v -0.044874 -0.445075 -0.156849
v -0.017576 -0.447087 -0.146481
v -0.004285 -0.443167 -0.148987
v 0.024684 -0.449285 -0.155678
v 0.064403 -0.444007 -0.148396
v 0.080630 -0.448974 -0.156249
v 0.044795 -0.446657 -0.157248
v 0.085867 -0.442831 -0.149542
v 0.107185 -0.445255 -0.147933
v 0.101224 -0.450114 -0.155725
v -0.114591 -0.445834 -0.140055
v -0.114898 -0.453035 -0.103540
v -0.110742 -0.444297 -0.100975
v -0.112913 -0.443611 -0.091380
v -0.114590 -0.454256 0.026056
v -0.113205 -0.442144 -0.039660
v -0.114188 -0.443704 0.006159
v -0.110975 -0.444471 -0.090711
v -0.105747 -0.443550 -0.091556
v -0.100284 -0.439635 -0.091499
v -0.095606 -0.434123 -0.101986
v -0.104736 -0.441523 -0.103186
v -0.109414 -0.443365 -0.102687
v -0.098403 -0.438604 -0.041138
v -0.095666 -0.438855 -0.037533
v -0.104273 -0.439889 0.006045
v -0.094506 -0.438341 0.006637
v -0.050893 -0.448450 -0.156796
v -0.047606 -0.447580 -0.155447
v 0.012277 -0.449648 -0.156236
v 0.016304 -0.451572 -0.154658
v -0.011398 -0.441750 -0.151261
v -0.011644 -0.442747 -0.148151
v -0.033365 -0.444013 -0.152704
v -0.026874 -0.440178 -0.150538
v -0.003781 -0.442768 -0.151756
v 0.000024 -0.442692 -0.149963
v 0.044270 -0.451093 -0.154095
v 0.043846 -0.447648 -0.156664
v 0.024958 -0.448994 -0.155711
v 0.029143 -0.448178 -0.155313
v -0.089802 -0.447655 -0.149201
v -0.091536 -0.448027 -0.146779
v 0.076281 -0.446080 -0.154898
v 0.077641 -0.446235 -0.152526
v 0.089155 -0.446806 -0.154137
v 0.094561 -0.446953 -0.152518
v -0.080321 -0.444412 -0.157476
v -0.077423 -0.439578 -0.157607
v -0.057404 -0.446339 -0.157347
v -0.059055 -0.445885 -0.152871
v 0.073287 -0.446320 -0.157475
v 0.077312 -0.446104 -0.156473
v -0.025257 -0.444977 -0.157250
v -0.020573 -0.444571 -0.156908
v 0.064361 -0.444980 -0.147441
v 0.060999 -0.445554 -0.148390
v -0.114209 -0.443635 -0.094692
v -0.111759 -0.438172 -0.096296
v -0.104840 -0.447123 -0.097759
v -0.104995 -0.447866 -0.102407
v -0.111284 -0.441257 -0.102660
v -0.109370 -0.442608 -0.102623
v -0.114865 -0.445574 -0.021547
v -0.114534 -0.445527 -0.017748
v -0.102598 -0.443310 -0.097186
v -0.101984 -0.439901 -0.097791
v -0.101894 -0.447265 0.055060
v -0.093678 -0.445962 0.080905
v -0.113056 -0.437002 0.007890
v -0.111919 -0.437810 0.049615
v -0.115537 -0.440717 0.048385
v -0.114044 -0.441315 0.031123
v -0.111997 -0.444487 0.009669
v -0.078894 -0.499493 0.015062
v -0.081602 -0.499527 0.014040
v -0.078407 -0.499510 0.029037
v -0.079301 -0.499515 0.026916
v -0.002785 -0.499500 0.069020
v -0.005263 -0.499503 0.072547
v 0.029869 -0.499589 -0.131551
v 0.026987 -0.499595 -0.134229
v -0.113604 -0.500843 -0.048730
v 0.005624 -0.499348 -0.155200
v -0.112501 -0.499671 -0.151172
v 0.102715 -0.498304 0.067111
v -0.079950 -0.499527 0.025234
v -0.036023 -0.499950 0.099949
v -0.101046 -0.502260 0.078538
v -0.002352 -0.499493 0.068404
v 0.037435 -0.495406 0.095291
v 0.033628 -0.498981 0.097420
v 0.006827 -0.499388 -0.155523
v -0.055371 -0.498083 0.095461
v 0.032805 -0.497744 0.098424
v -0.055972 -0.495604 0.096690
v 0.114491 -0.498197 -0.139290
v 0.085177 -0.499391 0.084814
v 0.085254 -0.500178 0.084972
v 0.109670 -0.498744 -0.148045
v 0.111392 -0.498212 -0.148191
v -0.053984 -0.497505 0.096000
v -0.051422 -0.498886 0.094823
v -0.097141 -0.499771 0.064808
v -0.097569 -0.499798 0.072490
v 0.117527 -0.496079 -0.143149
v 0.118746 -0.495708 -0.141691
v -0.114578 -0.442660 -0.105751
v -0.111804 -0.443375 -0.137627
v -0.114546 -0.442258 -0.142633
v -0.107449 -0.440868 -0.141246
v -0.105843 -0.439288 -0.138905
v -0.106640 -0.440914 -0.142095
v -0.095952 -0.183591 -0.107221
v -0.106123 -0.442021 -0.106234
v -0.112662 -0.445390 -0.107768
v -0.102367 -0.448245 -0.057828
v -0.112180 -0.441435 -0.088895
v -0.110617 -0.442199 -0.088329
v -0.110608 -0.442971 -0.087228
v -0.109571 -0.442178 -0.091874
v -0.107753 -0.440824 -0.094441
v -0.109081 -0.444771 -0.024631
v -0.113484 -0.445092 0.003050
v -0.114183 -0.445603 0.004775
v -0.112968 -0.437053 -0.037688
v -0.108897 -0.441388 0.000858
v -0.112945 -0.439490 -0.005630
v -0.113187 -0.440646 -0.005456
v -0.111896 -0.440039 -0.005131
v -0.110175 -0.439804 -0.004503
v -0.098354 -0.037379 0.018777
v -0.099201 -0.039500 0.018063
v -0.098671 -0.041971 0.019852
v -0.095070 -0.028463 0.016988
v -0.094511 -0.066076 0.033521
v -0.091746 -0.058834 0.036497
v -0.091306 -0.059441 0.037796
v -0.100478 -0.162765 0.051675
v -0.098519 -0.150946 0.051827
v -0.093176 -0.163158 0.053594
v -0.096253 -0.185597 0.054516
v -0.096199 -0.188194 0.052522
v -0.098876 -0.174745 0.051809
v -0.104310 -0.166377 0.047497
v -0.097819 -0.203519 0.052024
v -0.094005 -0.162474 0.053450
v -0.104943 -0.204499 0.048524
v -0.104502 -0.113267 0.048650
v -0.103616 -0.150899 0.048981
v -0.100547 -0.119010 0.050911
v -0.100525 -0.147167 0.053871
v -0.096866 -0.150696 0.053725
v -0.093172 -0.157863 0.053586
v -0.103029 -0.207008 0.050150
v -0.100033 -0.228835 0.052318
v -0.106319 -0.214542 0.052778
v -0.094595 -0.245536 0.053284
v -0.098141 -0.257693 0.052054
v -0.102663 -0.237021 0.052131
v -0.104221 -0.226729 0.047864
v -0.098516 -0.286368 0.050862
v -0.096688 -0.282331 0.047902
v -0.104992 -0.284125 0.049453
v -0.093278 -0.235201 0.053728
v -0.093235 -0.234230 0.053757
v -0.097550 -0.229399 0.052610
v -0.093649 -0.213025 0.054980
v -0.097317 -0.235681 0.053054
v -0.104539 -0.273989 0.049385
v -0.104531 -0.292382 0.047636
v -0.100225 -0.317453 0.050281
v -0.105270 -0.321823 0.048824
v -0.100276 -0.309112 0.051317
v -0.099780 -0.335606 0.052274
v -0.097079 -0.334097 0.057905
v -0.094906 -0.345373 0.057443
v -0.097259 -0.288605 0.051539
v -0.100551 -0.304109 0.051184
v -0.094906 -0.287954 0.055167
v -0.093157 -0.278894 0.054582
v -0.096800 -0.340172 0.052735
v -0.097311 -0.368300 0.051645
v -0.097108 -0.341170 0.050479
v -0.104717 -0.359525 0.052992
v -0.099830 -0.373088 0.050704
v -0.105725 -0.348876 0.048517
v -0.100886 -0.347818 0.051961
v -0.096003 -0.374450 0.051910
v -0.093533 -0.371574 0.054484
v -0.104806 -0.325432 0.048482
v -0.102181 -0.347887 0.050774
v -0.099127 -0.339397 0.051081
v -0.105820 -0.345472 0.048608
v -0.100220 -0.289716 0.051171
v -0.105381 -0.263323 0.049529
v -0.098994 -0.111953 0.052482
v -0.093126 -0.094488 0.049782
v -0.097694 -0.106184 0.051566
v -0.102936 -0.402880 0.045964
v -0.097649 -0.376762 0.051524
v -0.093092 -0.401637 0.055640
v -0.094669 -0.414852 0.048857
v -0.098731 -0.395708 0.053951
v -0.106118 -0.429268 0.049813
v -0.093547 -0.418872 0.053925
v -0.093813 -0.432406 0.054309
v -0.093753 -0.436999 0.055762
v -0.092822 -0.414733 0.055000
v -0.094252 -0.384240 0.056578
v -0.098743 -0.426029 0.051166
v -0.102061 -0.402239 0.054585
v -0.105385 -0.434199 0.048659
v -0.109463 -0.443479 0.047763
v -0.102565 -0.439501 0.050598
v -0.095135 -0.443255 0.055666
v -0.099977 -0.442550 0.055042
v -0.103665 -0.442519 0.053138
v -0.099240 -0.166278 0.050740
v -0.099144 -0.107540 0.051043
v -0.100286 -0.102394 0.050237
v -0.102860 -0.102977 0.049259
v -0.100813 -0.098906 0.046854
v -0.100511 -0.097891 0.046142
v -0.105686 -0.104441 0.047666
v -0.104914 -0.100912 0.046000
v -0.098147 -0.104823 0.050570
v -0.096179 -0.079846 0.034820
v -0.103165 -0.103807 0.047853
v -0.103004 -0.153372 0.051932
v -0.105166 -0.162881 0.049144
v -0.105041 -0.163679 0.048262
v -0.103190 -0.142978 0.050786
v -0.103893 -0.148337 0.050685
v -0.100041 -0.112347 0.053265
v -0.100672 -0.119101 0.051220
v -0.105205 -0.203847 0.048416
v -0.103126 -0.207042 0.046021
v -0.102397 -0.206803 0.054888
v -0.099951 -0.209478 0.052351
v -0.103033 -0.222034 0.046774
v -0.101173 -0.228357 0.052547
v -0.103316 -0.237282 0.052398
v -0.100241 -0.234698 0.049971
v -0.103084 -0.287694 0.051992
v -0.104176 -0.290454 0.051002
v -0.102974 -0.322483 0.050581
v -0.104760 -0.324489 0.050144
v -0.104896 -0.347250 0.047580
v -0.102631 -0.350647 0.045550
v -0.101857 -0.369772 0.054583
v -0.102470 -0.378174 0.049474
v -0.103160 -0.429400 0.044919
v -0.104806 -0.433184 0.049473
v -0.102301 -0.440792 0.052966
v -0.099221 -0.440587 0.052536
v -0.101877 -0.348750 0.055378
v -0.100048 -0.353081 0.052778
v -0.099773 -0.162742 0.049725
v -0.099836 -0.166653 0.049964
v -0.099992 -0.293101 0.049284
v -0.099805 -0.303511 0.050237
v -0.100666 -0.305274 0.050232
v -0.099129 -0.310286 0.051665
v -0.105522 -0.283412 0.050960
v -0.105811 -0.276107 0.050720
v -0.099483 -0.335257 0.049826
v -0.099756 -0.338773 0.049433
v -0.102311 -0.419678 0.055401
v -0.100623 -0.423166 0.052865
v -0.105352 -0.263018 0.050071
v -0.105526 -0.269619 0.050057
v -0.101570 -0.288214 0.054254
v -0.099535 -0.292146 0.051776
v -0.099087 -0.339398 0.050988
v -0.099335 -0.344943 0.051110
v -0.099133 -0.182362 0.049622
v -0.099464 -0.186390 0.049383
v -0.105156 -0.391774 0.048117
v -0.104788 -0.394697 0.048724
v -0.102507 -0.442948 0.047415
v -0.106495 -0.444906 0.048657
v -0.099639 -0.399985 0.053357
v -0.100899 -0.402663 0.053376
v -0.101037 -0.381999 0.053672
v -0.098822 -0.385334 0.052541
v -0.097914 -0.390269 0.051688
v -0.101182 -0.372874 0.053754
v -0.100821 -0.373888 0.054225
v -0.097663 -0.109029 0.050851
v -0.096607 -0.103849 0.049848
v -0.096610 -0.132558 0.053505
v -0.095965 -0.140329 0.050819
v -0.098940 -0.150942 0.052133
v -0.095230 -0.154747 0.050590
v -0.094043 -0.162458 0.052641
v -0.097970 -0.176861 0.051920
v -0.095286 -0.182529 0.049605
v -0.094417 -0.194381 0.047958
v -0.096760 -0.197021 0.051373
v -0.095653 -0.208972 0.052454
v -0.095206 -0.215027 0.051719
v -0.095758 -0.282398 0.050102
v -0.095930 -0.286408 0.053418
v -0.096791 -0.236951 0.053401
v -0.096892 -0.241202 0.053376
v -0.094892 -0.336970 0.051001
v -0.096173 -0.340171 0.051253
v -0.095190 -0.370164 0.049898
v -0.094200 -0.372890 0.050269
v -0.096085 -0.366753 0.051961
v -0.096008 -0.371361 0.051908
v -0.093864 -0.385609 0.055138
v -0.095987 -0.387868 0.057142
v -0.093705 -0.413848 0.054191
v -0.093593 -0.417102 0.054252
v -0.093646 -0.371438 0.054020
v -0.093137 -0.373569 0.054252
v -0.094735 -0.349978 0.056301
v -0.093793 -0.354791 0.055383
v -0.095743 -0.435144 0.057429
v -0.094146 -0.436945 0.056053
v -0.093178 -0.157509 0.053624
v -0.093585 -0.162729 0.053523
v -0.093581 -0.300152 0.053696
v -0.093226 -0.304541 0.053843
v -0.097973 -0.431572 0.054189
v -0.097553 -0.425323 0.054133
v -0.097029 -0.443550 0.056143
v -0.095990 -0.442997 0.056229
v -0.099039 -0.172219 0.051171
v -0.099034 -0.167673 0.051212
v -0.105688 -0.109276 0.050719
v -0.105959 -0.113829 0.050367
v -0.097553 -0.121024 0.052985
v -0.097767 -0.114057 0.052793
v -0.105858 -0.124637 0.050097
v -0.106255 -0.128110 0.049655
v -0.099766 -0.340432 0.054052
v -0.102804 -0.339014 0.055088
v -0.097300 -0.227175 0.053033
v -0.097817 -0.229649 0.052368
v -0.097567 -0.283233 0.052437
v -0.097556 -0.287833 0.052432
v -0.097838 -0.262623 0.052608
v -0.097852 -0.256944 0.052615
v -0.097685 -0.316134 0.052484
v -0.097594 -0.319718 0.052604
v -0.106147 -0.344616 0.049309
v -0.106154 -0.348722 0.049311
v -0.106048 -0.300292 0.049435
v -0.106399 -0.296899 0.048987
v -0.104846 -0.103029 0.042925
v -0.102573 -0.103583 0.044173
v -0.103251 -0.103980 0.048180
v -0.102341 -0.104596 0.048236
v -0.099444 -0.102811 0.049673
v -0.099202 -0.104197 0.050267
v -0.104836 -0.100568 0.046915
v -0.105375 -0.100357 0.046412
v -0.103916 -0.106296 0.049560
v -0.101571 -0.106145 0.049802
v -0.092224 -0.078752 0.037096
v -0.092217 -0.079654 0.037346
v -0.093366 -0.090756 0.050960
v -0.094862 -0.091004 0.050571
v -0.111877 -0.436010 -0.066116
v -0.110431 -0.438762 -0.089200
v -0.109676 -0.440858 -0.044568
v -0.111589 -0.441753 -0.088122
v -0.109823 -0.442542 -0.088458
v -0.105613 -0.394579 -0.031185
v -0.106402 -0.442322 -0.042159
v -0.113632 -0.442859 -0.044388
v -0.098552 -0.377892 -0.038878
v -0.100674 -0.434620 -0.038233
v -0.104480 -0.404695 -0.044180
v -0.093490 -0.375193 -0.036540
v -0.107639 -0.444066 -0.036437
v -0.112054 -0.441363 -0.036468
v -0.094299 -0.376703 -0.038721
v -0.092128 -0.411026 -0.035777
v -0.092643 -0.408910 -0.037730
v -0.094814 -0.423845 -0.037575
v -0.094693 -0.382060 -0.037551
v -0.093991 -0.438989 -0.037593
v -0.094526 -0.223772 0.005843
v -0.105609 -0.220312 0.003529
v -0.105219 -0.228789 0.005557
v -0.105890 -0.439407 0.002945
v -0.097473 -0.439197 0.004232
v -0.106926 -0.438908 0.002333
v -0.099128 -0.224581 0.008012
v -0.100907 -0.440990 0.010330
v -0.104368 -0.221924 0.007157
v -0.093863 -0.221648 0.007525
v -0.110232 -0.445104 -0.134621
v -0.107689 -0.441607 -0.108947
v -0.113051 0.346303 0.100388
v -0.111794 0.345716 0.102628
v -0.105120 0.095130 0.190586
v -0.104501 0.099604 0.188962
v -0.106205 -0.302283 -0.112206
v -0.106182 -0.297442 -0.112313
v -0.105965 -0.101497 -0.107069
v -0.104512 -0.107358 -0.144702
v -0.106216 -0.306230 -0.112153
v -0.113597 -0.421362 -0.104090
v -0.106141 -0.345677 -0.106600
v -0.104941 -0.443689 -0.145296
v -0.105876 -0.345718 -0.106709
v -0.106083 -0.345690 -0.107159
v -0.106229 -0.345747 -0.109514
v -0.106785 -0.439715 -0.140598
v -0.106728 -0.441137 -0.141717
v -0.106591 -0.388561 -0.088948
v -0.106717 -0.438703 -0.088814
v -0.079215 -0.281946 -0.060946
v -0.084716 -0.436837 0.026036
v -0.102864 -0.158564 0.027097
v -0.105652 -0.411715 -0.089222
v -0.104748 -0.462392 -0.155684
v -0.106159 -0.494965 -0.157613
v -0.105108 -0.447504 -0.155864
v -0.052522 -0.086936 -0.146535
v -0.049880 -0.084166 -0.146531
v 0.061488 -0.242860 -0.146648
v 0.058583 -0.238349 -0.146643
v 0.083310 0.019670 -0.146041
v 0.088392 -0.102575 -0.141665
v -0.026078 -0.456551 -0.108920
v -0.092731 -0.009617 -0.145960
v 0.107251 -0.305812 -0.145813
v 0.108234 -0.315373 -0.146619
v 0.083743 -0.024023 -0.146280
v 0.091871 -0.025116 -0.145846
v -0.092507 -0.255839 -0.089652
v -0.095182 -0.101293 -0.084870
v -0.095852 -0.440503 -0.089588
v -0.099753 -0.295250 -0.086896
v -0.092486 -0.254136 -0.091076
v -0.105768 -0.411843 -0.089144
v -0.106202 -0.408155 -0.088650
v -0.099386 -0.230245 0.006859
v -0.096747 -0.438218 0.004952
v -0.094346 -0.222532 0.006415
v -0.105128 -0.222757 0.005345
v -0.104032 -0.222939 0.010419
v -0.104119 -0.238300 0.010829
v -0.104737 -0.218271 0.008171
v -0.106388 -0.220159 0.002596
v -0.103535 -0.498907 -0.158442
v 0.005661 -0.465775 -0.114527
v -0.028633 -0.499460 -0.155418
v 0.024047 -0.498423 -0.157815
v -0.030458 -0.494992 -0.156182
v -0.034010 -0.494184 -0.157332
v -0.094853 -0.379116 -0.038990
v -0.106344 -0.379642 -0.039757
v -0.092994 -0.376140 -0.036628
v -0.092789 -0.375740 -0.038205
v -0.097283 -0.098538 -0.138462
v -0.098879 -0.098052 -0.106168
v -0.100098 -0.104775 -0.108255
v -0.100241 -0.104997 -0.143610
v -0.095734 -0.098828 -0.142250
v -0.095611 -0.093021 -0.104983
v -0.096298 -0.096081 -0.139891
v -0.097390 -0.098031 -0.140135
v -0.098361 -0.095933 -0.139504
v -0.096859 -0.095706 -0.139794
v -0.102003 -0.099874 -0.089163
v -0.102316 -0.098398 0.046278
v -0.095573 -0.055560 -0.068926
v -0.096802 -0.094313 -0.085537
v -0.097038 -0.026237 -0.050461
v -0.104873 0.186311 -0.100685
v -0.106029 0.187064 -0.099489
v -0.034501 0.123852 0.073196
v -0.039447 0.125177 0.072252
v -0.061655 0.085799 0.186554
v -0.021345 0.142422 0.046693
v -0.097888 0.099499 0.139613
v -0.073594 0.101083 0.156460
v -0.071497 0.151865 0.052506
v 0.110186 0.091632 0.168043
v 0.098723 0.164977 0.044965
v 0.048938 0.151010 0.040252
v 0.047569 0.152732 0.040630
v 0.098195 0.176813 0.035754
v 0.102092 0.180487 0.039604
v -0.095597 0.483234 0.155524
v -0.098746 0.482123 0.155744
v -0.047210 0.491421 0.115943
v -0.043522 0.492442 0.115709
v -0.024024 0.490518 0.080719
v -0.021089 0.490616 0.079665
v 0.020834 0.494016 0.101963
v 0.018814 0.494293 0.103905
v 0.024636 0.499767 0.184136
v 0.026746 0.499696 0.182365
v -0.025491 0.468063 -0.056361
v -0.024450 0.469386 -0.049212
v -0.024617 0.471737 -0.038284
v -0.013390 0.472683 -0.040240
v -0.010876 0.466301 -0.065903
v -0.037309 0.468605 -0.041797
v -0.037324 0.465212 -0.055013
v -0.001163 0.471733 -0.046283
v 0.005123 0.468188 -0.063169
v 0.008863 0.470550 -0.053046
v -0.030512 0.460316 -0.073183
v -0.043654 0.460332 -0.066559
v -0.031353 0.464811 -0.061885
v -0.015967 0.464326 -0.070516
v -0.020751 0.462888 -0.077335
v -0.029524 0.460847 -0.079266
v -0.023917 0.468070 -0.057300
v -0.023442 0.466490 -0.062102
v -0.035495 0.471403 -0.024220
v -0.036811 0.469122 -0.039268
v -0.031892 0.469582 -0.040750
v -0.025971 0.471508 -0.036644
v -0.040720 0.467422 -0.040852
v -0.044040 0.468696 -0.030274
v -0.014746 0.473526 -0.026483
v -0.052831 0.468719 -0.011489
v -0.040892 0.471666 -0.017533
v -0.064375 0.464359 -0.001806
v -0.056497 0.467681 -0.013135
v -0.034525 0.477396 0.012661
v -0.024251 0.479060 0.012125
v -0.022208 0.476786 -0.005862
v -0.007567 0.478857 0.000353
v -0.030728 0.475284 -0.007477
v -0.038424 0.473380 -0.009475
v 0.004403 0.471392 -0.048257
v -0.005509 0.473598 -0.036850
v 0.018259 0.472449 -0.034047
v 0.012565 0.471872 -0.046409
v 0.023681 0.467217 -0.060417
v 0.032201 0.469393 -0.045394
v 0.041014 0.469038 -0.037392
v 0.026214 0.470392 -0.042618
v -0.000802 0.474731 -0.031419
v 0.028809 0.472725 -0.014473
v 0.036043 0.468731 -0.043230
v 0.006734 0.475022 -0.028278
v 0.008707 0.473709 -0.036785
v 0.022094 0.467075 -0.063670
v 0.048941 0.463153 -0.051438
v 0.036919 0.466521 -0.053714
v 0.014785 0.474738 -0.027578
v 0.019118 0.474351 -0.025134
v 0.021239 0.462634 -0.079226
v -0.047150 0.473858 0.010449
v -0.055070 0.473357 0.021361
v -0.047233 0.476459 0.024853
v -0.033216 0.485288 0.058657
v -0.020296 0.482648 0.033289
v -0.031730 0.478860 0.025197
v -0.019214 0.483740 0.044812
v -0.020441 0.485378 0.048581
v -0.005074 0.488068 0.059606
v 0.006546 0.485734 0.044435
v -0.019028 0.486578 0.055751
v -0.030601 0.486367 0.063056
v -0.022397 0.486911 0.079292
v -0.024225 0.480982 0.023960
v -0.014005 0.483654 0.033295
v -0.005254 0.482593 0.025767
v -0.020926 0.480084 0.016575
v -0.013467 0.478777 0.012963
v -0.024839 0.479921 0.020685
v -0.041745 0.477141 0.036267
v -0.007004 0.484641 0.039181
v -0.015009 0.486994 0.055892
v 0.000670 0.488385 0.060489
v -0.010852 0.489089 0.066974
v -0.022439 0.486780 0.062556
v 0.020035 0.484707 0.042216
v -0.073382 0.467611 0.025099
v -0.045620 0.476688 0.025392
v 0.026865 0.457655 -0.089505
v 0.032120 0.457403 -0.086583
v 0.029922 0.455978 -0.091026
v 0.042213 0.444361 -0.099957
v 0.024233 0.456567 -0.092104
v 0.003353 0.464276 -0.074514
v 0.004015 0.459823 -0.087960
v 0.046426 0.459713 -0.065784
v 0.005000 0.458931 -0.091926
v -0.001731 0.453916 -0.101789
v 0.005420 0.452248 -0.097921
v -0.010191 0.455729 -0.097336
v -0.006676 0.462910 -0.086276
v -0.015968 0.458841 -0.083799
v -0.021675 0.459859 -0.080461
v -0.044968 0.459176 -0.069980
v -0.063748 0.450225 -0.078947
v -0.058049 0.453955 -0.040562
v 0.013016 0.480691 0.018810
v -0.001166 0.480879 0.012860
v 0.006999 0.482708 0.025019
v 0.006787 0.485291 0.041858
v 0.014863 0.484624 0.039002
v 0.017593 0.482802 0.029877
v 0.025116 0.482325 0.031756
v 0.030614 0.475133 -0.004497
v -0.000104 0.485140 0.040899
v -0.001130 0.482852 0.025482
v 0.019664 0.479714 0.011476
v 0.020477 0.478297 0.000969
v 0.040579 0.475323 0.003454
v 0.047285 0.472529 -0.001670
v 0.058097 0.473619 0.021443
v 0.055743 0.469509 -0.006261
v 0.016581 0.478947 0.003445
v 0.009180 0.480307 0.011184
v 0.056358 0.468951 -0.008593
v 0.006937 0.478921 -0.000427
v 0.000235 0.480085 0.006398
v 0.045817 0.475187 0.011474
v 0.039875 0.478391 0.022673
v 0.043496 0.479800 0.036780
v 0.028294 0.481067 0.025264
v 0.032676 0.479919 0.023785
v 0.033167 0.478977 0.019658
v 0.005846 0.477743 -0.009184
v 0.003705 0.475698 -0.023814
v -0.011243 0.473737 -0.033051
v 0.006168 0.476946 -0.015271
v -0.008120 0.479458 0.006339
v -0.010735 0.474495 -0.026084
v -0.005944 0.476551 -0.017786
v -0.021978 0.490773 0.089203
v -0.034371 0.489822 0.083861
v 0.048252 0.479060 0.038557
v 0.057335 0.475940 0.037365
v 0.011512 0.485523 0.044158
v 0.009545 0.490525 0.081582
v -0.000776 0.490362 0.072713
v 0.014018 0.492657 0.091011
v 0.003064 0.493283 0.095584
v 0.022329 0.493805 0.105616
v 0.021993 0.491713 0.090213
v 0.015975 0.486268 0.057551
v 0.031174 0.490521 0.083275
v 0.011716 0.492726 0.096216
v 0.027549 0.486818 0.062991
v 0.035895 0.485979 0.062931
v 0.032313 0.488192 0.081054
v 0.045659 0.487145 0.081812
v 0.064672 0.479713 0.068388
v 0.044604 0.482036 0.050984
v 0.052577 0.483242 0.069612
v 0.057905 0.481010 0.063919
v 0.026026 0.484522 0.050620
v 0.010887 0.495644 0.117510
v 0.025267 0.496822 0.119632
v 0.020595 0.497682 0.127506
v 0.035809 0.494601 0.115801
v 0.038701 0.493677 0.111552
v 0.045090 0.493797 0.124127
v -0.005764 0.491191 0.088005
v -0.014243 0.493050 0.091497
v -0.018761 0.490533 0.078041
v -0.011594 0.489376 0.068564
v -0.004755 0.489096 0.072191
v 0.071564 0.480751 0.084751
v 0.068114 0.477448 0.064778
v 0.049616 0.489317 0.100238
v 0.064541 0.476861 0.054117
v 0.060775 0.476422 0.044560
v 0.057089 0.491357 0.128065
v 0.074836 0.486988 0.128744
v 0.039866 0.489306 0.092935
v 0.039730 0.489307 0.085165
v 0.031698 0.493037 0.098692
v 0.025962 0.493452 0.098736
v 0.019793 0.493681 0.098779
v 0.048598 0.488614 0.094041
v 0.042382 0.470197 -0.027601
v 0.024597 0.476480 -0.010173
v 0.015924 0.476612 -0.012753
v 0.009678 0.476221 -0.018051
v 0.057855 0.486031 0.092612
v 0.070294 0.485013 0.107982
v 0.067066 0.485657 0.113636
v 0.053085 0.488505 0.103605
v 0.036477 0.467209 -0.051672
v 0.030938 0.467690 -0.049339
v -0.028897 0.460371 -0.080897
v -0.031776 0.456570 -0.087825
v -0.028016 0.454988 -0.092155
v -0.019045 0.456991 -0.093058
v 0.053977 0.486094 0.087671
v -0.042243 0.483733 0.060642
v -0.056042 0.479869 0.059914
v -0.049630 0.480106 0.049762
v -0.053338 0.478558 0.046433
v -0.065845 0.471454 0.029756
v -0.070975 0.473822 0.051883
v -0.050355 0.484384 0.075460
v -0.047060 0.487098 0.086837
v -0.068896 0.478282 0.072026
v -0.068362 0.481435 0.086373
v -0.054803 0.484640 0.084099
v -0.073089 0.478827 0.080845
v -0.081737 0.471296 0.064939
v -0.071975 0.473802 0.055067
v -0.062737 0.477733 0.057453
v -0.072716 0.476288 0.067684
v -0.063121 0.478815 0.064377
v -0.047114 0.488045 0.091854
v -0.050576 0.486962 0.090703
v -0.060566 0.483195 0.086105
v -0.067023 0.481883 0.087574
v -0.065302 0.485118 0.101230
v -0.073675 0.482629 0.102882
v -0.063510 0.484555 0.095755
v -0.075457 0.478500 0.086613
v -0.084438 0.475373 0.086007
v -0.057657 0.487731 0.107296
v -0.091325 0.473714 0.091876
v -0.076107 0.482905 0.108964
v -0.089476 0.474961 0.094798
v -0.081051 0.482269 0.114860
v -0.093899 0.476915 0.116294
v -0.091448 0.474309 0.095512
v -0.054383 0.491528 0.115993
v -0.039851 0.495432 0.125983
v -0.044487 0.495673 0.132566
v -0.051172 0.493987 0.145662
v -0.027828 0.498912 0.131729
v -0.027520 0.498672 0.154776
v -0.055493 0.491417 0.128562
v -0.053566 0.496095 0.131002
v -0.067728 0.490032 0.140118
v -0.056382 0.495276 0.159559
v -0.045906 0.495600 0.160220
v -0.050427 0.496937 0.167911
v -0.046422 0.498067 0.153745
v -0.051912 0.488730 0.104290
v -0.082723 0.482741 0.121645
v -0.005054 0.499032 0.147945
v -0.017674 0.498855 0.139705
v -0.007816 0.493801 0.182797
v 0.011657 0.498970 0.150393
v 0.008989 0.499151 0.155103
v 0.003190 0.500018 0.138982
v 0.007314 0.499303 0.161526
v 0.013516 0.499698 0.180546
v 0.012098 0.498645 0.133998
v 0.019267 0.496917 0.133241
v 0.030425 0.499059 0.145090
v 0.029486 0.498845 0.144218
v 0.022335 0.499414 0.155833
v 0.031127 0.498806 0.143383
v 0.011686 0.499307 0.161043
v 0.015614 0.499567 0.174703
v 0.016700 0.497396 0.127105
v -0.000994 0.498407 0.117296
v -0.011780 0.494720 0.108852
v 0.001377 0.493976 0.098380
v -0.012295 0.493560 0.097200
v -0.014019 0.493924 0.100089
v -0.023405 0.497956 0.131147
v -0.009710 0.497242 0.125245
v -0.035565 0.491746 0.111546
v -0.026480 0.494418 0.111153
v -0.043308 0.487673 0.100933
v -0.027304 0.493067 0.097721
v 0.043973 0.497845 0.167689
v 0.046388 0.497576 0.157902
v -0.022479 0.493006 0.097027
v -0.017296 0.499516 0.174047
v -0.014303 0.499093 0.152259
v -0.027362 0.499333 0.163048
v -0.015262 0.499576 0.172641
v -0.046561 0.498630 0.187256
v -0.011762 0.499209 0.157148
v 0.007869 0.499856 0.184442
v 0.012851 0.499615 0.176266
v -0.038515 0.499297 0.169508
v 0.027324 0.495847 0.134859
v 0.024794 0.497464 0.129209
v 0.033679 0.498741 0.132515
v -0.036704 0.499670 0.177766
v 0.025529 0.499388 0.167966
v 0.024970 0.498788 0.189106
v 0.028076 0.499593 0.177378
v 0.034329 0.499309 0.164935
v 0.042153 0.499204 0.170514
v 0.052251 0.497606 0.170445
v 0.048823 0.494598 0.189364
v 0.051435 0.494428 0.190278
v 0.054367 0.495707 0.181382
v -0.041866 0.493313 0.118482
v 0.037258 0.468307 -0.044933
v -0.070887 0.469479 0.029769
v -0.024389 0.498580 0.136199
v -0.005040 0.497582 0.135781
v -0.058319 0.474516 0.034274
v -0.098720 0.479280 0.134354
v -0.096708 0.481688 0.151695
v -0.094313 0.482491 0.144685
v -0.095751 0.478785 0.129298
v -0.059712 0.472607 0.024911
v 0.057004 0.477264 0.042595
v -0.066577 0.491666 0.157931
v -0.057976 0.494084 0.161241
v -0.079314 0.490288 0.159859
v -0.084779 0.487677 0.162841
v -0.054794 0.496717 0.176079
v -0.080032 0.488734 0.154853
v -0.074785 0.489287 0.143849
v -0.088482 0.484546 0.145409
v -0.083815 0.485990 0.141632
v -0.096314 0.482346 0.160111
v -0.087721 0.486631 0.163260
v -0.082999 0.490416 0.170665
v -0.088617 0.489395 0.180924
v -0.068878 0.493883 0.176788
v -0.073371 0.487625 0.188491
v -0.069322 0.493305 0.169293
v -0.048193 0.496770 0.181086
v -0.083949 0.484137 0.137142
v -0.071469 0.488466 0.129679
v -0.089713 0.487339 0.181784
v -0.099014 0.480470 0.186589
v 0.025932 0.499496 0.173942
v 0.008765 0.477235 -0.003909
v -0.017354 0.457049 -0.093146
v 0.052289 0.487226 0.091155
v -0.035717 0.489965 0.085704
v 0.042716 0.496556 0.140245
v -0.005779 0.480025 0.010338
v -0.073328 0.483237 0.104171
v -0.059665 0.487557 0.108472
v -0.021479 0.450975 -0.101710
v -0.008530 0.446684 -0.113872
v 0.003062 0.447727 -0.112182
v -0.003866 0.451900 -0.105443
v 0.019686 0.452142 -0.101019
v 0.016671 0.447730 -0.111007
v 0.027101 0.444098 -0.113830
v -0.071541 0.485666 0.119272
v 0.008371 0.477357 -0.009761
v -0.039570 0.486176 0.070580
v 0.030082 0.480299 0.029980
v -0.034053 0.486416 0.065750
v -0.034950 0.487335 0.076158
v -0.052888 0.475641 0.029743
v -0.075946 0.491289 0.169861
v 0.023227 0.483872 0.043389
v 0.037238 0.482169 0.041329
v 0.022639 0.495247 0.114912
v 0.035121 0.494640 0.114343
v -0.043633 0.498623 0.170097
v 0.061342 0.492261 0.139488
v 0.066263 0.492049 0.148909
v 0.067744 0.491573 0.149406
v 0.048561 0.494105 0.129593
v 0.039088 0.494566 0.132145
v 0.047676 0.496011 0.143525
v -0.071052 0.479967 0.083299
v -0.042637 0.486253 0.074628
v -0.061672 0.478358 0.059392
v 0.002524 0.466776 -0.070076
v 0.020071 0.467021 -0.064584
v 0.016370 0.468660 -0.058552
v 0.048816 0.458508 -0.071734
v 0.038651 0.496083 0.134329
v 0.025082 0.495605 0.118976
v -0.011096 0.492951 0.093365
v -0.002286 0.480536 0.010516
v 0.007830 0.476848 -0.015438
v -0.067703 0.488902 0.127196
v 0.052072 0.465275 -0.031133
v 0.011050 0.471064 -0.051115
v -0.039346 0.454188 -0.089541
v -0.045552 0.453409 -0.086557
v -0.030942 0.447772 -0.106645
v -0.036759 0.438408 -0.115780
v -0.041848 0.443856 -0.108206
v -0.051252 0.438024 -0.106768
v -0.028280 0.447800 -0.107722
v -0.014656 0.447919 -0.110927
v -0.021274 0.449207 -0.107486
v -0.017786 0.443439 -0.116637
v -0.019492 0.440045 -0.120844
v -0.005167 0.439015 -0.124933
v -0.003148 0.444138 -0.117769
v -0.008278 0.437020 -0.126600
v -0.041507 0.446968 -0.103191
v -0.044649 0.447512 -0.100107
v -0.048694 0.451477 -0.086733
v -0.057469 0.444142 -0.089593
v -0.068062 0.488863 0.130362
v -0.027228 0.492720 0.095967
v 0.020166 0.437667 -0.122146
v 0.047353 0.496722 0.145413
v -0.011270 0.444765 -0.116154
v -0.025663 0.452323 -0.099429
v -0.023014 0.472690 -0.033447
v 0.005737 0.447279 -0.113004
v 0.014702 0.448996 -0.109406
v 0.050431 0.456560 -0.075240
v 0.023408 0.471347 -0.042560
v -0.086238 0.487251 0.163343
v 0.006313 0.439782 -0.122623
v -0.012864 0.436094 -0.127501
v 0.005567 0.442950 -0.114686
v -0.015222 0.438269 -0.124531
v -0.084266 0.485641 0.139840
v 0.062393 0.493925 0.163660
v 0.074965 0.491715 0.159177
v 0.057814 0.495693 0.178918
v 0.058469 0.494506 0.189422
v 0.075031 0.482722 0.183738
v 0.057709 0.497607 0.168782
v 0.059328 0.495430 0.164102
v 0.053949 0.497881 0.158612
v -0.008631 0.466387 -0.069192
v -0.038202 0.450168 -0.097220
v -0.009559 0.467312 -0.066899
v -0.065595 0.450525 -0.082224
v 0.030775 0.442844 -0.114682
v -0.001840 0.445260 -0.116259
v 0.008837 0.458076 -0.092842
v 0.015185 0.456691 -0.095040
v -0.007064 0.428384 -0.129400
v 0.023531 0.460152 -0.084587
v -0.003717 0.483958 0.033422
v -0.034925 0.495374 0.122024
v 0.017080 0.463335 -0.072680
v -0.042448 0.463225 -0.060401
v 0.044611 0.496223 0.150643
v 0.047669 0.497041 0.149238
v 0.048934 0.496036 0.156100
v -0.011570 0.498391 0.132189
v 0.015389 0.477297 -0.004731
v 0.012052 0.478905 0.000845
v 0.054201 0.496886 0.176566
v -0.062831 0.471512 0.022835
v -0.066982 0.470003 0.027599
v -0.057660 0.472936 0.022354
v -0.064711 0.472132 0.030398
v -0.061965 0.473586 0.032796
v -0.067917 0.465737 0.000858
v -0.069540 0.465647 0.007575
v -0.066827 0.467137 0.009682
v -0.061778 0.466425 -0.005038
v -0.069897 0.462722 -0.007290
v -0.059427 0.465312 -0.021388
v -0.055324 0.467497 -0.017915
v -0.060215 0.464353 -0.022183
v -0.067771 0.463480 -0.024803
v -0.046825 0.465968 -0.040216
v -0.047580 0.467255 -0.033071
v -0.032743 0.459728 -0.079740
v -0.030122 0.460192 -0.080136
v -0.035450 0.463497 -0.066591
v -0.032518 0.463478 -0.068816
v -0.041010 0.459148 -0.075969
v -0.040137 0.459993 -0.072676
v -0.045909 0.461392 -0.062370
v -0.043333 0.462947 -0.059357
v -0.041752 0.463521 -0.060043
v -0.035723 0.465377 -0.057018
v -0.036115 0.468610 -0.040668
v -0.032602 0.469178 -0.042153
v -0.041239 0.467439 -0.041551
v -0.037259 0.468744 -0.040862
v -0.039432 0.469844 -0.031508
v -0.042570 0.469658 -0.027647
v -0.057007 0.467708 -0.012461
v -0.052947 0.468685 -0.008509
v -0.038955 0.471489 -0.017650
v -0.036680 0.473633 -0.010266
v -0.040788 0.472942 -0.009094
v -0.034271 0.473356 -0.012230
v -0.032098 0.474418 -0.008569
v -0.023258 0.473081 -0.032209
v -0.028835 0.472735 -0.029786
v -0.025959 0.471763 -0.036209
v -0.023265 0.472288 -0.035291
v -0.003312 0.472286 -0.043162
v -0.007123 0.472265 -0.043956
v 0.005632 0.471455 -0.049259
v -0.001917 0.471044 -0.051852
v 0.008321 0.472652 -0.050066
v 0.011248 0.472082 -0.046826
v 0.007651 0.473417 -0.037130
v 0.010140 0.473178 -0.038618
v 0.003223 0.475382 -0.023975
v 0.002995 0.474913 -0.028828
v -0.006095 0.474204 -0.032168
v -0.000877 0.474576 -0.031659
v 0.015863 0.474136 -0.027487
v 0.015477 0.473790 -0.033196
v 0.016891 0.474819 -0.022012
v 0.011056 0.475953 -0.019536
v 0.007236 0.476761 -0.016639
v 0.008726 0.476209 -0.020181
v 0.004737 0.475804 -0.023514
v 0.007652 0.475569 -0.023343
v 0.005563 0.477534 -0.011588
v 0.008305 0.477096 -0.014004
v 0.008244 0.478375 -0.003969
v 0.007566 0.477750 -0.008641
v 0.001137 0.479133 0.000979
v 0.004705 0.478809 -0.000406
v -0.005942 0.476500 -0.017779
v -0.009528 0.476007 -0.018518
v -0.005163 0.478962 0.007973
v -0.004656 0.478124 -0.001531
v -0.013396 0.478952 0.005017
v -0.017857 0.480345 0.010200
v -0.006436 0.480747 0.013128
v -0.002253 0.480707 0.012058
v -0.000131 0.480381 0.011783
v 0.003552 0.480350 0.010536
v 0.004874 0.480415 0.013179
v 0.009101 0.480708 0.013536
v 0.010108 0.479167 -0.000429
v 0.011006 0.478430 -0.003892
v 0.019595 0.478131 0.003026
v 0.020788 0.478724 0.006615
v 0.018300 0.478195 0.000276
v 0.021561 0.477365 -0.001237
v 0.017004 0.482375 0.024195
v 0.012201 0.482805 0.024750
v 0.007051 0.483092 0.023934
v 0.031585 0.480598 0.032890
v 0.034864 0.482146 0.038782
v 0.033018 0.479820 0.027781
v 0.037092 0.479234 0.024503
v 0.039816 0.478700 0.025228
v 0.030813 0.479908 0.022332
v 0.031522 0.479334 0.019104
v 0.029959 0.479051 0.012674
v 0.036333 0.478307 0.019013
v 0.040977 0.473850 -0.004666
v 0.046198 0.472375 -0.008796
v 0.052552 0.469870 -0.007776
v 0.051882 0.470986 -0.003535
v 0.024432 0.473327 -0.029338
v 0.021581 0.474397 -0.025530
v 0.020799 0.467167 -0.063448
v 0.017332 0.468616 -0.059781
v 0.023109 0.466199 -0.064448
v 0.019890 0.465866 -0.067128
v 0.023305 0.470314 -0.048815
v 0.024806 0.471302 -0.043932
v 0.022887 0.472049 -0.041156
v 0.025405 0.471780 -0.039880
v 0.028443 0.469075 -0.048167
v 0.031817 0.469201 -0.045461
v 0.033785 0.468490 -0.046227
v 0.036152 0.468359 -0.044300
v 0.032015 0.467342 -0.050194
v 0.035659 0.466491 -0.052520
v 0.036556 0.467078 -0.053046
v 0.044575 0.465770 -0.049911
v 0.037104 0.468565 -0.043252
v 0.040130 0.468330 -0.040769
v 0.042083 0.468752 -0.031606
v 0.039589 0.468763 -0.036641
v 0.043342 0.461988 -0.062292
v 0.052241 0.460254 -0.060185
v 0.050872 0.464729 -0.043508
v 0.054808 0.463772 -0.042126
v 0.049014 0.467329 -0.030813
v 0.053535 0.466026 -0.032054
v 0.047182 0.469696 -0.021336
v 0.043814 0.472062 -0.016916
v 0.048598 0.473205 0.006234
v 0.046398 0.474269 0.009313
v 0.056185 0.472967 0.016346
v 0.059712 0.471567 0.015531
v 0.053052 0.476465 0.032209
v 0.057349 0.475422 0.033137
v 0.061448 0.474555 0.035896
v 0.063252 0.474955 0.039973
v 0.053866 0.479263 0.051117
v 0.051307 0.480042 0.048854
v 0.055338 0.477136 0.039811
v 0.060817 0.476633 0.043833
v 0.059871 0.477093 0.045946
v 0.056831 0.478291 0.047810
v 0.041694 0.480207 0.038651
v 0.044805 0.479251 0.041840
v 0.037535 0.483593 0.044138
v 0.041124 0.482436 0.046174
v 0.034910 0.485847 0.062393
v 0.032323 0.486437 0.064630
v 0.049015 0.483835 0.065169
v 0.054850 0.481890 0.065448
v 0.060346 0.481798 0.067095
v 0.067265 0.477849 0.060478
v 0.059194 0.485237 0.089680
v 0.051412 0.487163 0.089591
v 0.047451 0.488726 0.092170
v 0.050267 0.487202 0.087860
v 0.053577 0.487110 0.093567
v 0.052540 0.487932 0.096291
v 0.066120 0.487019 0.111559
v 0.068275 0.487627 0.117752
v 0.074223 0.483768 0.118248
v 0.062930 0.488121 0.109607
v 0.064358 0.486655 0.105899
v 0.049161 0.489135 0.102388
v 0.052549 0.488764 0.103798
v 0.049986 0.488791 0.098360
v 0.053223 0.487918 0.097613
v 0.051689 0.491943 0.122493
v 0.049858 0.493632 0.128919
v 0.070923 0.489196 0.134370
v 0.065278 0.489767 0.134344
v 0.051977 0.485285 0.079638
v 0.051038 0.486047 0.082824
v 0.040929 0.488001 0.084962
v 0.043730 0.488946 0.091225
v 0.068699 0.480926 0.084636
v 0.072267 0.479756 0.083535
v 0.040426 0.488944 0.084379
v 0.041075 0.487984 0.080124
v 0.034798 0.489242 0.080631
v 0.032061 0.490607 0.085849
v 0.023732 0.485943 0.057875
v 0.025147 0.485247 0.050069
v 0.023651 0.490275 0.081530
v 0.028853 0.490583 0.082271
v 0.020855 0.490241 0.075350
v 0.022850 0.489197 0.070186
v 0.029465 0.491002 0.090541
v 0.032797 0.490645 0.088639
v 0.004895 0.488090 0.061854
v 0.004520 0.487209 0.054420
v -0.004625 0.484384 0.034786
v -0.001757 0.484896 0.037702
v -0.008169 0.481513 0.016956
v -0.003205 0.482290 0.021042
v -0.025035 0.478737 0.010873
v -0.020189 0.480216 0.014133
v -0.028354 0.480267 0.025498
v -0.024897 0.480462 0.021105
v -0.029730 0.481151 0.034748
v -0.030903 0.480320 0.025620
v -0.035095 0.480085 0.029629
v -0.014818 0.483929 0.037581
v -0.021871 0.482961 0.035255
v -0.010608 0.484200 0.042549
v -0.012682 0.484050 0.038493
v -0.018975 0.486189 0.054292
v -0.013551 0.486503 0.051830
v -0.018184 0.487739 0.061971
v -0.016396 0.487301 0.056750
v -0.006106 0.487742 0.059471
v -0.001078 0.489426 0.066248
v 0.002238 0.490174 0.073310
v 0.008682 0.490696 0.074959
v -0.006924 0.489797 0.072983
v -0.010376 0.488987 0.068063
v -0.002428 0.490736 0.076517
v 0.000595 0.492225 0.084615
v -0.008669 0.490548 0.075109
v -0.007938 0.491190 0.078792
v -0.020556 0.488360 0.066084
v -0.020870 0.489318 0.073280
v -0.023739 0.489663 0.076344
v -0.016304 0.488678 0.067413
v -0.012482 0.488767 0.067290
v -0.022882 0.491006 0.080960
v -0.019907 0.493613 0.084099
v 0.003079 0.492455 0.086083
v 0.006434 0.492867 0.089618
v 0.009011 0.492800 0.088611
v 0.011375 0.492112 0.087423
v -0.024330 0.484442 0.047861
v -0.025279 0.484020 0.045072
v -0.029823 0.484622 0.053683
v -0.030429 0.485866 0.060022
v -0.024575 0.480244 0.020474
v -0.023415 0.479819 0.017242
v -0.027106 0.476676 -0.000542
v -0.030392 0.476891 0.003522
v -0.021498 0.474907 -0.011817
v -0.021313 0.476403 -0.007088
v -0.014679 0.482302 0.025184
v -0.011975 0.481499 0.019183
v 0.009485 0.480927 0.014413
v 0.016750 0.480473 0.015631
v 0.012573 0.483409 0.033831
v 0.015282 0.483600 0.032990
v -0.000970 0.483389 0.029488
v -0.003512 0.483577 0.030561
v 0.017118 0.483867 0.035633
v 0.020009 0.484210 0.039130
v 0.014863 0.484326 0.041146
v 0.020081 0.484707 0.042240
v 0.012619 0.486506 0.050418
v 0.013704 0.485951 0.047083
v 0.003683 0.485149 0.043850
v 0.005549 0.484992 0.041299
v 0.006820 0.485281 0.041837
v 0.008848 0.485465 0.044129
v 0.045640 0.478891 0.035409
v 0.048301 0.478920 0.038328
v 0.039472 0.476538 0.013792
v 0.043113 0.475980 0.013343
v 0.026511 0.484606 0.048300
v 0.026146 0.483775 0.044691
v 0.010873 0.479780 0.004948
v 0.013139 0.479788 0.003023
v -0.011462 0.475461 -0.027025
v -0.013086 0.474159 -0.030826
v -0.013469 0.472690 -0.040253
v -0.011958 0.472416 -0.034219
v 0.014346 0.477886 -0.007487
v 0.017547 0.477366 -0.008519
v -0.013356 0.471934 -0.041611
v -0.010151 0.472482 -0.042905
v -0.041030 0.474180 0.001337
v -0.038413 0.474627 0.000676
v -0.052906 0.471781 0.007190
v -0.051752 0.472890 0.014504
v -0.053619 0.472616 0.019606
v -0.044761 0.476941 0.018788
v -0.036973 0.477980 0.019290
v -0.057637 0.473681 0.026808
v -0.053542 0.475080 0.027141
v -0.054968 0.475635 0.032737
v -0.052174 0.477112 0.036857
v -0.070900 0.474343 0.054588
v -0.065324 0.475899 0.052652
v -0.053380 0.477799 0.042064
v -0.050929 0.477667 0.037558
v -0.046204 0.476490 0.022299
v -0.045508 0.476953 0.025130
v -0.045486 0.480002 0.045647
v -0.046605 0.479195 0.040831
v -0.052751 0.480072 0.053278
v -0.053144 0.479288 0.050089
v -0.034924 0.485012 0.060940
v -0.031829 0.485874 0.060699
v -0.043445 0.484747 0.066940
v -0.041432 0.485958 0.070038
v -0.057967 0.481315 0.069108
v -0.059235 0.480119 0.066459
v -0.049496 0.482372 0.064020
v -0.048351 0.483246 0.067718
v -0.040845 0.486500 0.074392
v -0.033506 0.487838 0.076235
v -0.037567 0.488206 0.078173
v -0.034856 0.489781 0.083966
v -0.068201 0.481378 0.086297
v -0.065266 0.481868 0.086571
v -0.062001 0.483166 0.085958
v -0.052518 0.484895 0.081140
v -0.045335 0.487531 0.087007
v -0.050742 0.486860 0.089980
v -0.051756 0.489063 0.102848
v -0.053612 0.487935 0.099215
v -0.066031 0.485564 0.097717
v -0.060915 0.486375 0.098514
v -0.054293 0.484794 0.084554
v -0.054086 0.485431 0.088806
v -0.050805 0.486932 0.090989
v -0.049947 0.487381 0.093097
v -0.062645 0.486005 0.105151
v -0.058784 0.487127 0.105682
v -0.058634 0.487582 0.107991
v -0.056293 0.489246 0.112094
v -0.039433 0.491849 0.113421
v -0.045305 0.491703 0.114383
v -0.067448 0.487648 0.118914
v -0.060193 0.488682 0.119112
v -0.067629 0.488735 0.126011
v -0.051080 0.491895 0.125292
v -0.054134 0.491929 0.126159
v -0.055979 0.491916 0.129730
v -0.063091 0.490770 0.135032
v -0.049726 0.493166 0.131225
v -0.068713 0.477411 0.066568
v -0.070075 0.476593 0.068560
v -0.070868 0.478599 0.077783
v -0.070998 0.479910 0.083108
v -0.073340 0.480738 0.091091
v -0.068772 0.481760 0.087696
v -0.060822 0.478839 0.057867
v -0.062923 0.477613 0.055606
v -0.063747 0.478651 0.061246
v -0.062680 0.478964 0.063621
v -0.046247 0.477096 0.026702
v -0.043423 0.478030 0.028101
v -0.071207 0.469554 0.029583
v -0.071381 0.470245 0.033052
v -0.030705 0.470093 -0.038851
v -0.026105 0.471088 -0.038642
v 0.025757 0.475990 -0.010559
v 0.019012 0.475481 -0.012811
v 0.025526 0.482085 0.030917
v 0.028707 0.481048 0.027543
v -0.031680 0.457619 -0.084150
v -0.037469 0.455659 -0.087351
v 0.031300 0.475681 -0.009484
v 0.036427 0.475238 -0.010555
v 0.028312 0.479584 -0.011525
v -0.053158 0.459247 -0.065845
v -0.050821 0.458734 -0.070349
v 0.010677 0.468974 -0.056596
v 0.009802 0.468705 -0.061093
v 0.001232 0.468226 -0.064154
v -0.000408 0.467448 -0.067064
v 0.014787 0.469735 -0.055621
v 0.012668 0.470355 -0.051751
v -0.015022 0.464270 -0.071745
v -0.010259 0.466545 -0.068689
v -0.015802 0.467757 -0.062502
v -0.021343 0.467366 -0.061102
v -0.026571 0.466735 -0.060597
v -0.024433 0.466470 -0.063169
v -0.008619 0.466896 -0.067589
v -0.005693 0.467540 -0.065834
v 0.002753 0.465869 -0.070706
v 0.007235 0.465149 -0.073564
v -0.028360 0.468074 -0.051705
v -0.032817 0.469503 -0.051802
v -0.029868 0.463851 -0.069371
v -0.023454 0.467379 -0.065775
v 0.000267 0.462163 -0.082971
v -0.007608 0.461766 -0.084412
v -0.020422 0.462595 -0.076973
v -0.017682 0.462367 -0.078457
v -0.026002 0.461669 -0.077811
v -0.022498 0.462064 -0.078889
v -0.029522 0.460835 -0.079262
v -0.027870 0.460809 -0.080253
v -0.011267 0.462082 -0.081018
v -0.011060 0.463743 -0.077743
v 0.015481 0.464559 -0.074238
v 0.015714 0.462640 -0.078595
v 0.035639 0.463472 -0.067880
v 0.031412 0.464297 -0.065440
v -0.017302 0.457161 -0.093267
v -0.011735 0.458169 -0.091631
v -0.019554 0.457924 -0.091164
v -0.017228 0.457962 -0.091841
v 0.008329 0.459975 -0.088600
v 0.007060 0.458592 -0.091495
v 0.008109 0.456083 -0.093555
v 0.002519 0.456759 -0.096383
v 0.023400 0.460338 -0.083654
v 0.022268 0.462113 -0.079826
v -0.022758 0.458018 -0.089731
v -0.020391 0.458811 -0.088803
v 0.023246 0.460114 -0.084697
v 0.025891 0.457337 -0.089317
v -0.058965 0.462590 -0.041316
v -0.052426 0.461800 -0.044169
v -0.066138 0.461750 -0.041265
v -0.017313 0.456852 -0.093404
v -0.024648 0.452069 -0.100744
v -0.029866 0.454901 -0.093636
v -0.034264 0.455436 -0.089960
v -0.029752 0.454856 -0.093783
v -0.030048 0.452695 -0.097499
v -0.008287 0.454496 -0.100078
v -0.004362 0.453007 -0.101254
v 0.010178 0.455842 -0.097617
v 0.014819 0.455422 -0.096666
v 0.028125 0.455793 -0.093096
v 0.027644 0.457278 -0.089928
v -0.059930 0.457951 -0.056428
v -0.064548 0.455681 -0.059400
v -0.055670 0.458042 -0.058570
v -0.053225 0.452784 -0.082333
v -0.047851 0.453412 -0.084449
v 0.033448 0.455390 -0.090443
v 0.034974 0.456416 -0.087564
v -0.003972 0.451862 -0.105453
v 0.002200 0.451944 -0.103073
v -0.023361 0.449103 -0.106274
v -0.027140 0.447968 -0.107328
v -0.015174 0.447700 -0.110964
v -0.018825 0.448934 -0.107987
v -0.046161 0.451879 -0.090014
v -0.041818 0.453178 -0.090220
v -0.028594 0.449463 -0.104171
v -0.027776 0.448379 -0.107016
v -0.049678 0.449355 -0.092960
v -0.046218 0.450392 -0.093098
v 0.018029 0.452119 -0.102112
v 0.016787 0.448334 -0.109500
v 0.005151 0.449687 -0.108855
v 0.005867 0.447722 -0.112098
v -0.062945 0.449511 -0.084034
v -0.061551 0.452052 -0.081245
v -0.047313 0.444399 -0.104141
v -0.045163 0.446052 -0.100991
v -0.046782 0.443509 -0.106370
v -0.042643 0.443287 -0.108514
v -0.032293 0.447000 -0.107154
v -0.033511 0.444911 -0.110020
v -0.041600 0.447685 -0.100983
v -0.037946 0.449548 -0.099884
v 0.013154 0.446530 -0.112466
v 0.014326 0.448829 -0.109488
v -0.001017 0.443981 -0.118250
v 0.001703 0.446425 -0.113248
v -0.021648 0.442379 -0.117008
v -0.021746 0.440327 -0.120630
v -0.036608 0.438334 -0.118857
v -0.034485 0.437933 -0.120229
v -0.011009 0.446531 -0.112565
v -0.011351 0.444839 -0.116189
v 0.009975 0.446381 -0.114173
v 0.013242 0.442220 -0.118818
v 0.042235 0.451146 -0.095053
v 0.045624 0.449502 -0.094961
v -0.017666 0.443776 -0.116009
v -0.013831 0.442524 -0.117987
v -0.009701 0.444258 -0.116495
v -0.004908 0.445241 -0.114807
v 0.028396 0.446406 -0.110046
v 0.028041 0.444609 -0.112475
v 0.025964 0.442462 -0.116162
v 0.030204 0.441865 -0.116045
v -0.061504 0.443551 -0.097041
v -0.058657 0.445692 -0.095179
v -0.052669 0.442280 -0.105389
v -0.055720 0.437865 -0.109422
v 0.000792 0.442692 -0.119290
v 0.001502 0.439193 -0.123525
v -0.004103 0.438041 -0.125114
v -0.008118 0.436914 -0.127056
v -0.009056 0.436623 -0.125351
v -0.012019 0.435739 -0.124860
v -0.018067 0.436076 -0.127110
v -0.015007 0.437096 -0.126232
v -0.015075 0.433800 -0.130464
v -0.019557 0.434426 -0.128601
v -0.034534 0.492465 0.108132
v -0.027552 0.495183 0.112280
v -0.026532 0.492755 0.097507
v -0.023116 0.493256 0.099456
v -0.014281 0.493978 0.100194
v -0.015713 0.493703 0.099298
v -0.012504 0.493785 0.099586
v -0.009702 0.494374 0.103883
v 0.001674 0.494444 0.104225
v 0.006954 0.496228 0.119235
v 0.005614 0.497119 0.123079
v 0.020721 0.494098 0.100648
v 0.025992 0.494344 0.101983
v 0.017717 0.492993 0.093755
v 0.013884 0.493708 0.097070
v 0.022108 0.493217 0.097339
v 0.022151 0.492324 0.090264
v 0.032336 0.492486 0.114322
v 0.029605 0.494342 0.117107
v -0.009849 0.492153 0.088040
v -0.011534 0.493287 0.093782
v -0.008861 0.493278 0.094778
v -0.005207 0.493394 0.094601
v -0.014671 0.492385 0.092879
v -0.025211 0.492054 0.093266
v -0.002913 0.493483 0.095497
v 0.000719 0.493850 0.098193
v 0.014906 0.494358 0.104431
v 0.015858 0.494539 0.107057
v 0.026208 0.495382 0.116841
v 0.029255 0.495237 0.117074
v 0.020950 0.495575 0.117089
v 0.021547 0.495196 0.113908
v -0.019322 0.493599 0.103133
v -0.016220 0.494173 0.104851
v -0.011511 0.496845 0.118093
v -0.007803 0.495909 0.115661
v -0.034463 0.492520 0.099862
v -0.028066 0.492812 0.097403
v -0.029388 0.494380 0.123819
v -0.028429 0.498739 0.130849
v 0.017320 0.497297 0.124191
v 0.016312 0.497995 0.126798
v -0.014899 0.495286 0.129716
v -0.022047 0.497399 0.132847
v -0.025714 0.500303 0.131463
v -0.022539 0.498896 0.136291
v -0.028070 0.497897 0.132405
v -0.035022 0.498393 0.135259
v -0.010045 0.500308 0.132156
v -0.006664 0.501825 0.127099
v -0.004561 0.496474 0.134898
v -0.001344 0.498232 0.137761
v 0.007951 0.498394 0.137365
v 0.011340 0.498966 0.149495
v 0.029575 0.498945 0.148991
v 0.029700 0.498833 0.145836
v 0.029991 0.498823 0.143559
v 0.029050 0.498813 0.138474
v 0.021502 0.498096 0.135698
v 0.022190 0.495818 0.129360
v -0.019320 0.498740 0.139778
v -0.018748 0.498849 0.143014
v -0.003506 0.499148 0.143167
v -0.000802 0.499009 0.145537
v 0.021212 0.498942 0.146977
v 0.017284 0.499132 0.153359
v 0.031447 0.499239 0.160843
v 0.030215 0.499310 0.164633
v 0.012837 0.499149 0.156962
v 0.010407 0.499243 0.160779
v 0.025281 0.499424 0.170586
v 0.026930 0.499450 0.172693
v 0.036301 0.499867 0.169098
v 0.043036 0.499396 0.167789
v 0.042402 0.499903 0.167381
v 0.047156 0.495508 0.171958
v 0.044425 0.496315 0.188941
v 0.049367 0.498808 0.191220
v 0.024283 0.499779 0.183302
v 0.026951 0.499706 0.180196
v 0.013459 0.499760 0.179373
v 0.016889 0.499769 0.177090
v 0.009453 0.499599 0.174563
v 0.011928 0.499589 0.172672
v 0.009772 0.499471 0.170506
v 0.009344 0.499268 0.163529
v -0.010111 0.499127 0.152437
v -0.011323 0.499177 0.155673
v -0.027244 0.499308 0.162050
v -0.025209 0.499205 0.155332
v -0.010372 0.499400 0.163917
v -0.010715 0.499345 0.160283
v -0.040962 0.499237 0.164189
v -0.035472 0.499218 0.167420
v -0.018235 0.499434 0.172579
v -0.019827 0.499403 0.168889
v 0.007902 0.499855 0.184404
v 0.011805 0.499809 0.183790
v 0.000785 0.499752 0.181486
v 0.006836 0.499773 0.182312
v -0.015163 0.499533 0.174293
v -0.010155 0.499514 0.174109
v -0.046132 0.496324 0.184946
v -0.044536 0.492056 0.180401
v -0.015462 0.499932 0.184861
v -0.013903 0.495036 0.189138
v -0.043116 0.499275 0.167613
v -0.041531 0.499559 0.166635
v -0.034428 0.499234 0.172581
v -0.033495 0.499324 0.169900
v 0.005403 0.499219 0.156821
v 0.007281 0.499304 0.160463
v 0.017377 0.497812 0.128512
v 0.020451 0.498018 0.129469
v 0.028440 0.496122 0.131072
v 0.026763 0.497852 0.132948
v -0.042136 0.492242 0.155868
v -0.045094 0.499134 0.154078
v 0.017854 0.499868 0.189785
v 0.021495 0.499698 0.191086
v 0.034101 0.493694 0.105655
v 0.038031 0.493202 0.106290
v 0.032944 0.494705 0.131208
v 0.038122 0.496304 0.133692
v -0.050157 0.492209 0.172398
v -0.046151 0.492051 0.169945
v 0.035496 0.494752 0.115022
v 0.038695 0.494643 0.113175
v 0.034001 0.499568 0.189988
v 0.038271 0.499571 0.190088
v -0.035182 0.496489 0.121669
v -0.037359 0.497935 0.127187
v -0.040181 0.491910 0.121647
v -0.035400 0.494202 0.121299
v -0.033589 0.490466 0.087594
v -0.033361 0.489932 0.084234
v -0.033050 0.487735 0.070431
v -0.030948 0.488850 0.071555
v -0.047007 0.495267 0.187021
v -0.046582 0.495701 0.190205
v 0.047967 0.501337 0.126223
v 0.038061 0.494378 0.130204
v 0.068774 0.492002 0.156374
v 0.067909 0.491815 0.149420
v 0.072324 0.494362 0.177965
v 0.077677 0.495475 0.179382
v 0.060432 0.495027 0.165374
v 0.063650 0.494319 0.163819
v 0.057172 0.494396 0.159335
v 0.059835 0.493989 0.162657
v 0.066010 0.492026 0.146140
v 0.068182 0.491868 0.147901
v 0.073961 0.486921 0.135535
v 0.076069 0.486308 0.132315
v 0.054065 0.498794 0.159594
v 0.049216 0.497862 0.157083
v 0.053138 0.495882 0.140792
v 0.049279 0.497978 0.145435
v 0.044721 0.495827 0.151795
v 0.046554 0.495683 0.155228
v 0.054645 0.495858 0.181341
v 0.055857 0.491442 0.182056
v 0.040109 0.498810 0.135391
v 0.043667 0.498849 0.136734
v 0.044023 0.497710 0.140967
v 0.046050 0.496836 0.149489
v 0.051208 0.497383 0.164667
v 0.053376 0.496436 0.166777
v 0.057178 0.495860 0.187529
v 0.057826 0.495539 0.184494
v 0.055372 0.496374 0.190724
v 0.059079 0.495104 0.190344
v -0.048392 0.494305 0.130176
v -0.047727 0.495574 0.132753
v -0.062837 0.493308 0.154705
v -0.058148 0.494798 0.159906
v -0.067806 0.493294 0.169183
v -0.064608 0.493618 0.168520
v -0.071314 0.490821 0.174275
v -0.079759 0.489191 0.171517
v -0.067928 0.494062 0.181511
v -0.066452 0.494059 0.184745
v -0.071088 0.490516 0.169946
v -0.073407 0.487427 0.168679
v -0.071757 0.488003 0.148299
v -0.068669 0.489997 0.148751
v -0.056328 0.497313 0.162855
v -0.056524 0.496475 0.159485
v -0.067748 0.489406 0.129996
v -0.065441 0.489630 0.131446
v -0.068005 0.488924 0.129797
v -0.068951 0.487233 0.127930
v -0.053197 0.496108 0.150893
v -0.052800 0.501826 0.155130
v -0.071104 0.487974 0.131813
v -0.072748 0.489590 0.139783
v -0.071907 0.482604 0.103527
v -0.073374 0.482404 0.100507
v -0.083030 0.485429 0.138987
v -0.082339 0.485094 0.135104
v -0.088968 0.484228 0.143057
v -0.086497 0.484625 0.139313
v -0.095402 0.482496 0.147719
v -0.093338 0.483070 0.145214
v -0.097648 0.483950 0.184736
v -0.098461 0.482318 0.181572
v -0.099535 0.479555 0.160745
v -0.096162 0.481574 0.155407
v -0.098723 0.481516 0.150501
v -0.097126 0.481743 0.147176
v -0.085055 0.486524 0.143508
v -0.082072 0.487524 0.145155
v -0.087637 0.485777 0.154058
v -0.087070 0.486482 0.158042
v -0.081805 0.488215 0.156139
v -0.082935 0.487654 0.158360
v -0.085082 0.488301 0.166060
v -0.085522 0.487676 0.163305
v -0.086945 0.485991 0.160599
v -0.085232 0.487336 0.162786
v -0.089215 0.487202 0.180392
v -0.087935 0.489278 0.176235
v -0.053608 0.493549 0.181336
v -0.052526 0.492918 0.184084
v -0.079216 0.486306 0.129854
v -0.076633 0.486485 0.126910
v -0.082134 0.482580 0.118543
v -0.081790 0.481523 0.114331
v -0.074332 0.483119 0.106849
v -0.079176 0.481332 0.106333
v -0.079323 0.477652 0.085741
v -0.072468 0.478781 0.082741
v -0.090253 0.474581 0.093516
v -0.088391 0.475067 0.092396
v -0.087916 0.479209 0.112704
v -0.096131 0.476472 0.121480
v -0.088589 0.480810 0.122188
v -0.093889 0.480238 0.129252
v -0.094986 0.480626 0.130698
v -0.099323 0.481038 0.130112
v -0.087479 0.471104 0.074911
v -0.084088 0.472794 0.075469
v -0.077130 0.473784 0.064297
v -0.073354 0.475916 0.067953
v -0.073880 0.471837 0.048111
v -0.071907 0.473077 0.052453
v -0.083034 0.475460 0.085731
v -0.085518 0.473286 0.078987
v -0.078095 0.483085 0.113784
v -0.076923 0.483609 0.114596
v -0.089453 0.490070 0.181310
v -0.084536 0.487440 0.190114
v -0.076300 0.491296 0.156111
v -0.079413 0.488800 0.153794
v -0.047941 0.495433 0.144229
v -0.045127 0.496902 0.146621
v -0.078656 0.469599 0.048041
v -0.074108 0.471527 0.047143
v 0.052503 0.497466 0.170818
v 0.054526 0.496217 0.173287
v 0.055782 0.496144 0.178631
v 0.054201 0.496886 0.176566
v -0.102079 0.244093 -0.152841
v -0.105124 0.246126 -0.151040
v 0.055372 0.254310 0.161680
v 0.065755 0.316131 0.139115
v 0.099050 0.297586 0.148552
v 0.092160 0.290259 0.132304
v 0.097302 0.265527 0.141308
v 0.093715 0.294407 0.141622
v 0.084254 0.296036 0.136162
v 0.098320 0.299444 0.149223
v 0.095246 0.303770 0.149505
v -0.009090 0.333985 0.152128
v -0.010965 0.328551 0.150735
v 0.001014 0.264915 0.151742
v 0.004045 0.264310 0.147558
v 0.008561 0.251432 0.148703
v -0.002299 0.251545 0.144567
v 0.007506 0.274612 0.151476
v 0.010744 0.266921 0.150835
v 0.024454 0.245932 0.150358
v 0.008492 0.274648 0.151905
v -0.015156 0.246021 0.144398
v -0.018450 0.238253 0.145284
v 0.052256 0.228233 0.122640
v 0.039926 0.209044 0.140698
v 0.047353 0.211967 0.141875
v 0.048582 0.204334 0.131678
v 0.013736 0.196565 0.131889
v 0.066325 0.213987 0.128639
v 0.003457 0.235230 0.144511
v -0.012022 0.228222 0.142250
v -0.027295 0.211166 0.137071
v 0.003837 0.213226 0.141739
v -0.025889 0.196388 0.129558
v -0.027746 0.209364 0.136688
v -0.030927 0.232533 0.147050
v -0.055681 0.201134 0.121136
v -0.054492 0.207764 0.132807
v -0.036352 0.230869 0.140978
v -0.012859 0.234800 0.141232
v 0.022554 0.202786 0.138118
v 0.012863 0.207406 0.139897
v -0.029795 0.206391 0.136659
v -0.067989 0.212812 0.130816
v -0.081200 0.230053 0.126733
v 0.061538 0.217737 0.139554
v 0.022747 0.205612 0.142868
v -0.068013 0.210900 0.129509
v 0.008185 0.278046 0.150840
v 0.013122 0.299323 0.151467
v 0.014753 0.298891 0.150711
v 0.007948 0.285903 0.148951
v 0.009216 0.303654 0.151625
v 0.033910 0.331430 0.152647
v 0.013472 0.312845 0.153943
v -0.000121 0.285721 0.154442
v -0.010550 0.305465 0.148613
v -0.019951 0.317821 0.149980
v -0.012980 0.257783 0.149519
v -0.007713 0.271936 0.149122
v -0.026380 0.326386 0.156325
v -0.038800 0.331377 0.151052
v -0.069491 0.331435 0.150049
v -0.001219 0.299768 0.156040
v -0.084394 0.319306 0.149983
v -0.087656 0.316144 0.150521
v -0.094092 0.305920 0.148350
v -0.095580 0.299789 0.149777
v 0.065955 0.334411 0.149705
v 0.083843 0.322996 0.148968
v 0.050685 0.234110 0.154263
v 0.072946 0.235930 0.149882
v 0.082367 0.241772 0.150991
v 0.005969 0.262518 0.148250
v 0.100315 0.298523 0.150249
v 0.094811 0.307884 0.149173
v 0.100480 0.289920 0.147186
v 0.099529 0.269253 0.148214
v 0.094034 0.254077 0.148590
v -0.017834 0.244581 0.144111
v 0.032949 0.239739 0.151033
v -0.000369 0.320061 0.156374
v -0.001841 0.256566 0.145968
v -0.000580 0.251583 0.145425
v 0.009677 0.249555 0.145459
v 0.010942 0.249878 0.145593
v 0.003875 0.246774 0.146095
v -0.017864 0.238096 0.142826
v -0.009687 0.239990 0.142781
v -0.010577 0.234199 0.142087
v -0.002996 0.235076 0.143140
v -0.023192 0.236531 0.143068
v -0.019082 0.239407 0.143404
v -0.013497 0.230682 0.142467
v -0.016748 0.225582 0.141573
v 0.021416 0.223175 0.143960
v 0.011291 0.224171 0.141916
v -0.001741 0.269807 0.148739
v 0.000372 0.273422 0.154516
v -0.033952 0.225158 0.138872
v -0.032558 0.220024 0.138285
v 0.008440 0.211098 0.141620
v 0.007969 0.199463 0.139101
v 0.020546 0.205629 0.141925
v 0.017829 0.199769 0.140600
v -0.010841 0.209182 0.139734
v -0.017215 0.204657 0.138368
v -0.037176 0.232903 0.140806
v -0.034969 0.230702 0.145876
v -0.022392 0.201029 0.137412
v -0.028044 0.207985 0.136499
v 0.025893 0.203252 0.140492
v 0.029890 0.204667 0.142580
v 0.010145 0.197710 0.140423
v 0.010260 0.192622 0.139058
v 0.038716 0.211993 0.143972
v 0.045157 0.213459 0.142609
v -0.035005 0.213945 0.137277
v -0.030016 0.209738 0.137051
v -0.045174 0.205721 0.134682
v -0.050311 0.207042 0.133768
v 0.053926 0.211131 0.136951
v 0.045079 0.207248 0.139737
v -0.062839 0.210810 0.131529
v -0.067434 0.211312 0.130344
v 0.062492 0.221389 0.138195
v 0.056868 0.224640 0.141219
v 0.061174 0.217626 0.139412
v 0.061687 0.212041 0.138530
v -0.068389 0.212154 0.128633
v -0.073017 0.211596 0.126490
v -0.006593 0.328464 0.147268
v -0.005050 0.324431 0.145666
v 0.005787 0.284297 0.150227
v 0.003972 0.289575 0.150838
v -0.000340 0.289261 0.150390
v -0.001382 0.287488 0.150964
v -0.006058 0.268451 0.150698
v -0.006671 0.274295 0.148316
v -0.010047 0.262550 0.149818
v -0.018424 0.252551 0.148095
v -0.032712 0.241398 0.149532
v -0.055366 0.235712 0.152769
v -0.071403 0.238167 0.151067
v -0.079767 0.244616 0.151873
v -0.084215 0.246156 0.149478
v -0.092477 0.258631 0.146516
v -0.096336 0.266936 0.147530
v -0.098748 0.280824 0.147118
v 0.005861 0.279507 0.152633
v 0.008117 0.275235 0.151834
v 0.008323 0.267169 0.151960
v 0.009896 0.265287 0.151711
v 0.020400 0.248303 0.150987
v 0.024347 0.244926 0.153204
v 0.049228 0.233482 0.158531
v 0.053850 0.233498 0.158640
v 0.016358 0.312796 0.154958
v 0.012621 0.306490 0.154298
v 0.082483 0.242836 0.150490
v 0.081396 0.240299 0.151900
v 0.007836 0.275912 0.149335
v 0.011753 0.273472 0.152290
v 0.028934 0.320633 0.155343
v 0.026745 0.318033 0.154368
v 0.009450 0.307271 0.153302
v 0.009163 0.302326 0.153716
v 0.082109 0.243748 0.155513
v 0.079763 0.242556 0.155377
v -0.031210 0.240442 0.154162
v -0.034040 0.238333 0.154093
v -0.036832 0.325634 0.155579
v -0.034576 0.323706 0.155023
v -0.052677 0.329000 0.155448
v -0.056008 0.328481 0.154920
v -0.010520 0.307463 0.154025
v -0.008091 0.305732 0.153569
v 0.010458 0.290690 0.151974
v 0.010308 0.286863 0.151471
v -0.100191 0.282303 0.150062
v -0.099261 0.278697 0.150469
v -0.099931 0.295941 0.122900
v -0.101569 0.294157 0.121355
v -0.098767 -0.080194 0.036981
v -0.061308 -0.073264 -0.013362
v -0.098740 -0.081356 0.040177
v -0.098223 -0.057695 0.032448
v -0.098213 -0.057182 0.035687
v -0.098397 -0.030408 -0.011584
v -0.098282 -0.032050 -0.012193
v -0.047400 0.485785 0.160479
v -0.049567 0.484913 0.157374
v -0.041024 0.480442 0.127091
v -0.038488 0.481021 0.127430
v 0.015693 0.471868 0.089631
v 0.019675 0.471447 0.088916
v 0.027234 0.455191 0.052586
v 0.029124 0.455508 0.053881
v 0.036433 0.470796 0.092390
v 0.034794 0.470119 0.089803
v -0.029448 0.459063 0.062007
v -0.023641 0.460923 0.064287
v -0.008978 0.476665 0.105541
v -0.000873 0.470865 0.086217
v -0.013593 0.470364 0.091703
v -0.001262 0.467202 0.078035
v -0.013871 0.465085 0.074396
v -0.017923 0.462354 0.066052
v -0.035845 0.467645 0.084430
v -0.039894 0.466337 0.082865
v -0.035984 0.460335 0.067326
v -0.039775 0.457438 0.062562
v -0.008484 0.467934 0.078497
v -0.012825 0.468854 0.084372
v -0.032547 0.459024 0.064534
v 0.015877 0.468988 0.084007
v 0.003056 0.439750 0.052055
v -0.007037 0.455009 0.049354
v -0.007623 0.462328 0.065794
v 0.019122 0.458485 0.057844
v 0.032151 0.459134 0.062396
v 0.033116 0.462414 0.070335
v 0.024361 0.460039 0.063166
v 0.018554 0.459924 0.061418
v 0.029107 0.455536 0.053888
v 0.014852 0.470663 0.086224
v -0.018775 0.458974 0.055966
v -0.036550 0.458800 0.064207
v -0.006629 0.463359 0.067594
v -0.008174 0.455386 0.050047
v -0.022013 0.452933 0.046860
v -0.038902 0.472707 0.102953
v -0.047399 0.471298 0.095734
v -0.050931 0.468332 0.094318
v -0.056918 0.463787 0.087942
v -0.059775 0.465652 0.092291
v -0.065793 0.464221 0.092892
v -0.062048 0.459835 0.079642
v -0.035567 0.476601 0.110498
v 0.024313 0.464647 0.077217
v 0.002327 0.478031 0.108627
v 0.006294 0.471605 0.090256
v 0.014433 0.471759 0.089290
v 0.022470 0.472173 0.092143
v 0.023986 0.478561 0.111766
v 0.012167 0.479782 0.115570
v 0.000037 0.471750 0.089016
v 0.028091 0.467697 0.080961
v 0.009590 0.480335 0.117850
v 0.016730 0.483374 0.130756
v 0.009522 0.487048 0.147131
v -0.011659 0.485684 0.141137
v 0.027821 0.481311 0.123675
v 0.011381 0.488780 0.164015
v 0.000184 0.489037 0.164383
v 0.023115 0.488329 0.157317
v 0.012007 0.487455 0.148302
v 0.024505 0.489478 0.167529
v 0.023155 0.480147 0.118088
v -0.005888 0.485730 0.139236
v -0.009978 0.487990 0.156270
v 0.010900 0.489267 0.166679
v 0.006037 0.490341 0.178507
v -0.018203 0.484586 0.136025
v -0.019482 0.486905 0.145811
v -0.015066 0.487250 0.148926
v -0.025724 0.487750 0.154847
v -0.054791 0.482200 0.153004
v -0.059374 0.480537 0.140237
v -0.068584 0.476717 0.134269
v -0.066347 0.478570 0.142172
v -0.066100 0.474362 0.124073
v -0.052723 0.478724 0.129876
v -0.077938 0.471989 0.129877
v -0.068681 0.483237 0.169596
v -0.067627 0.481731 0.158198
v -0.016669 0.489012 0.163753
v -0.015221 0.481294 0.121435
v -0.001840 0.484667 0.134357
v -0.014862 0.478879 0.111987
v -0.018484 0.478263 0.115109
v 0.024808 0.485423 0.145623
v -0.002622 0.489943 0.173234
v -0.008961 0.478595 0.110615
v 0.038546 0.483985 0.139661
v -0.079233 0.470152 0.124458
v -0.009374 0.489124 0.164576
v -0.014140 0.487023 0.146215
v 0.042098 0.480130 0.125611
v 0.065713 0.468306 0.119610
v 0.051466 0.476418 0.118994
v 0.048912 0.479001 0.125843
v 0.040324 0.476038 0.110313
v 0.037175 0.476930 0.112112
v 0.028638 0.480292 0.119447
v 0.055982 0.471135 0.104922
v 0.039045 0.473277 0.101868
v 0.057182 0.468371 0.096363
v 0.054619 0.463462 0.083952
v 0.055225 0.480913 0.141356
v 0.033801 0.471317 0.095245
v 0.035149 0.468872 0.087284
v 0.046145 0.463150 0.077718
v 0.041621 0.460657 0.069850
v 0.040538 0.457164 0.062437
v 0.035572 0.457886 0.062337
v 0.052593 0.453672 0.064054
v 0.039421 0.465455 0.080171
v 0.044458 0.455197 0.060188
v 0.037962 0.451766 0.049503
v 0.038869 0.453266 0.054570
v 0.035338 0.471982 0.100093
v 0.024790 0.473865 0.096622
v 0.019018 0.476208 0.103257
v 0.028360 0.478302 0.112269
v 0.030934 0.475408 0.104180
v 0.021387 0.489527 0.167844
v 0.025981 0.488042 0.154886
v 0.025656 0.487585 0.150477
v 0.046978 0.491496 0.190511
v 0.030837 0.490620 0.182098
v 0.042825 0.491573 0.190944
v 0.054614 0.495628 0.180502
v -0.040373 0.481778 0.131465
v -0.023487 0.480708 0.123933
v -0.051191 0.474656 0.113509
v -0.019708 0.480003 0.123537
v -0.024107 0.485034 0.138252
v -0.015272 0.481858 0.124379
v -0.028250 0.483717 0.140962
v -0.036149 0.482653 0.131444
v -0.017985 0.477619 0.108360
v -0.024410 0.475726 0.103839
v 0.015189 0.490731 0.178343
v 0.011187 0.490648 0.181661
v 0.022165 0.484131 0.134885
v -0.017219 0.489656 0.169823
v -0.021644 0.490117 0.174917
v -0.021263 0.488944 0.160809
v -0.030018 0.490205 0.176296
v -0.036023 0.489061 0.167965
v -0.017111 0.496653 0.186548
v -0.043562 0.486285 0.163432
v -0.035640 0.482712 0.160365
v -0.068205 0.481152 0.174929
v -0.059721 0.486615 0.190792
v -0.037737 0.491605 0.189979
v -0.040178 0.489374 0.177355
v -0.032473 0.490861 0.178747
v -0.028821 0.490859 0.180092
v -0.001900 0.490025 0.175271
v -0.021707 0.485842 0.140684
v -0.062037 0.488347 0.191108
v -0.041523 0.483799 0.139067
v 0.056895 0.486120 0.174632
v 0.054324 0.480682 0.149890
v 0.058872 0.485866 0.179847
v 0.070219 0.481246 0.160657
v 0.043884 0.486885 0.163077
v 0.069507 0.478652 0.152077
v 0.059559 0.481365 0.143255
v 0.066618 0.480123 0.147329
v 0.068450 0.479204 0.144549
v 0.037637 0.484331 0.164982
v 0.039144 0.485079 0.142167
v 0.031455 0.481631 0.134548
v 0.070959 0.488350 0.186761
v 0.008953 0.495132 0.188655
v 0.001712 0.485416 0.137924
v 0.059486 0.457780 0.075579
v 0.006814 0.490564 0.181641
v -0.050670 0.471263 0.102296
v -0.065364 0.470590 0.113382
v -0.063076 0.475092 0.123253
v 0.032279 0.491234 0.188538
v -0.086697 0.468348 0.127802
v -0.088564 0.465012 0.118766
v -0.093730 0.457793 0.113062
v -0.099074 0.462963 0.127518
v -0.089339 0.463539 0.114880
v -0.079616 0.466868 0.114812
v -0.083166 0.461120 0.100144
v -0.088137 0.454114 0.090781
v -0.082714 0.453742 0.083950
v -0.076635 0.459264 0.089396
v -0.097041 0.468678 0.146944
v -0.097604 0.464697 0.135837
v -0.085895 0.476187 0.168588
v -0.080074 0.477005 0.156185
v -0.091638 0.475100 0.173499
v -0.078426 0.478273 0.162437
v -0.072939 0.481365 0.166781
v -0.094146 0.473732 0.170155
v -0.099143 0.472034 0.172396
v -0.070154 0.480431 0.156425
v -0.091410 0.469197 0.136678
v -0.091227 0.482063 0.188177
v -0.092625 0.475078 0.175990
v -0.070464 0.466502 0.106699
v -0.059596 0.467504 0.096313
v 0.033577 0.449425 0.048192
v -0.064909 0.453928 0.069063
v -0.067733 0.447296 0.065609
v -0.062555 0.443676 0.051502
v -0.061559 0.454746 0.068573
v -0.059164 0.458640 0.074883
v 0.025253 0.473330 0.095172
v 0.022784 0.488281 0.156645
v -0.058346 0.475174 0.120358
v -0.099743 0.471786 0.172271
v -0.070147 0.468059 0.107278
v -0.070470 0.468762 0.110413
v -0.035873 0.469058 0.088518
v -0.026805 0.466898 0.080072
v -0.059206 0.468455 0.101983
v 0.044477 0.464679 0.080589
v 0.045485 0.439972 0.044105
v -0.067071 0.480546 0.153022
v -0.047336 0.456807 0.064867
v -0.008059 0.462786 0.066193
v -0.049331 0.439781 0.038506
v -0.057850 0.443469 0.044935
v -0.029243 0.450268 0.046608
v -0.051263 0.455269 0.063819
v -0.044115 0.454689 0.059124
v -0.075564 0.458441 0.086458
v -0.052537 0.456957 0.068205
v -0.020985 0.459359 0.060499
v -0.036279 0.467704 0.084894
v -0.032874 0.475634 0.105451
v -0.028843 0.454625 0.057127
v -0.084112 0.473112 0.141638
v 0.058711 0.468378 0.097961
v 0.035325 0.461325 0.068757
v -0.052900 0.468369 0.094632
v -0.039324 0.482799 0.134951
v 0.027698 0.494260 0.187705
v -0.039542 0.484821 0.142043
v 0.034794 0.470119 0.089803
v -0.013169 0.478572 0.111271
v -0.015129 0.476619 0.105722
v -0.017962 0.479665 0.114790
v -0.017914 0.478971 0.111344
v -0.014289 0.469911 0.083809
v -0.018026 0.468854 0.083609
v 0.024264 0.479412 0.116710
v 0.027650 0.477894 0.113583
v 0.024379 0.481642 0.124059
v 0.020582 0.482257 0.126048
v 0.009786 0.479707 0.116219
v 0.003943 0.478121 0.109263
v -0.006180 0.477811 0.108170
v -0.009637 0.478756 0.110292
v 0.014868 0.480733 0.118732
v 0.012215 0.480424 0.117725
v -0.015127 0.481818 0.123125
v -0.018252 0.481304 0.121385
v -0.018672 0.481491 0.125260
v -0.019716 0.483742 0.131572
v 0.002634 0.485365 0.138497
v -0.000183 0.483825 0.132955
v -0.006118 0.485738 0.139374
v -0.007668 0.485149 0.136706
v -0.015489 0.484383 0.135645
v -0.018007 0.483848 0.133696
v 0.020672 0.484719 0.135443
v 0.016741 0.484603 0.138732
v 0.027360 0.484687 0.136994
v 0.029223 0.485512 0.146601
v 0.022781 0.477629 0.109159
v 0.020196 0.476601 0.105048
v 0.019305 0.475251 0.102024
v 0.016860 0.474317 0.099308
v 0.022149 0.472819 0.094461
v 0.024502 0.473345 0.095908
v 0.017726 0.471874 0.088583
v 0.016117 0.470489 0.085269
v 0.003868 0.471369 0.088171
v 0.005223 0.472609 0.091886
v -0.002315 0.472123 0.090078
v -0.001341 0.471026 0.086849
v -0.001730 0.474425 0.098593
v -0.006116 0.472252 0.091551
v -0.007912 0.468524 0.080208
v -0.011091 0.470329 0.084458
v -0.014263 0.469530 0.082060
v 0.000885 0.467526 0.077605
v -0.007020 0.466657 0.075651
v 0.015723 0.459120 0.058307
v 0.010417 0.456671 0.063604
v 0.016360 0.456675 0.053877
v 0.009552 0.468444 0.080071
v 0.010063 0.467341 0.077725
v -0.013089 0.464268 0.071133
v -0.008228 0.463145 0.066607
v -0.006892 0.462999 0.066560
v -0.005233 0.461974 0.064181
v 0.006787 0.453029 0.047830
v 0.006093 0.449646 0.038321
v -0.007722 0.452031 0.044793
v -0.010462 0.451221 0.041987
v -0.011418 0.457413 0.056058
v -0.016151 0.458790 0.057715
v 0.012702 0.471146 0.088119
v 0.014795 0.470713 0.086244
v 0.017324 0.470319 0.084278
v 0.023543 0.468637 0.081618
v 0.020507 0.466258 0.075680
v 0.028545 0.481595 0.123557
v 0.031608 0.481274 0.123904
v 0.025014 0.473447 0.095777
v 0.030116 0.472390 0.096412
v -0.028796 0.483894 0.134782
v -0.029809 0.482454 0.129463
v -0.019278 0.481051 0.121220
v -0.022938 0.480620 0.117775
v -0.018437 0.484577 0.136474
v -0.021426 0.485004 0.139094
v -0.024798 0.485248 0.138664
v -0.027416 0.485663 0.140769
v -0.003083 0.486166 0.141959
v -0.003430 0.485511 0.139238
v -0.019609 0.486656 0.146117
v -0.020070 0.485439 0.142034
v -0.023953 0.475508 0.103822
v -0.020423 0.474153 0.097079
v -0.034295 0.474822 0.105166
v -0.038745 0.473592 0.102281
v -0.053980 0.474687 0.115997
v -0.057383 0.475238 0.120412
v -0.039155 0.481226 0.130120
v -0.039964 0.480485 0.127021
v -0.038200 0.476147 0.110453
v -0.042309 0.475546 0.111312
v -0.032331 0.475819 0.108898
v -0.028189 0.477728 0.112135
v -0.028185 0.464430 0.073729
v -0.029773 0.462507 0.069844
v -0.033220 0.461054 0.068259
v -0.036159 0.459469 0.065997
v -0.040101 0.457488 0.062776
v -0.044690 0.455007 0.060229
v -0.052942 0.455044 0.064548
v -0.055529 0.452976 0.061347
v -0.037516 0.452565 0.052104
v -0.029957 0.457840 0.061005
v -0.036497 0.458142 0.063458
v -0.038338 0.457734 0.062674
v -0.018542 0.462003 0.066056
v -0.023946 0.457976 0.060601
v -0.018795 0.459178 0.059865
v -0.016920 0.458997 0.058499
v -0.061051 0.477826 0.130255
v -0.064390 0.478723 0.125745
v -0.036471 0.483069 0.131810
v -0.039948 0.483139 0.133470
v -0.039547 0.482685 0.135286
v -0.037956 0.484394 0.142263
v -0.047068 0.457412 0.065787
v -0.050152 0.455832 0.065297
v -0.039013 0.464264 0.079403
v -0.044405 0.464191 0.079869
v -0.040364 0.470385 0.093750
v -0.042167 0.469061 0.092187
v -0.052751 0.470332 0.100386
v -0.049975 0.469325 0.096446
v -0.056546 0.466780 0.093616
v -0.058392 0.468324 0.099719
v -0.060393 0.467036 0.095626
v -0.062459 0.464948 0.093515
v -0.061810 0.471394 0.109856
v -0.064773 0.468956 0.106271
v -0.051638 0.468063 0.093756
v -0.052323 0.466808 0.090648
v -0.038390 0.468487 0.088438
v -0.036429 0.467668 0.084983
v -0.035953 0.467623 0.084689
v -0.032585 0.468558 0.087037
v -0.047471 0.471462 0.098965
v -0.049646 0.474092 0.105727
v -0.057077 0.480845 0.138783
v -0.058511 0.480037 0.136355
v -0.021761 0.455874 0.050407
v -0.029526 0.449446 0.042890
v -0.023581 0.442915 0.044989
v -0.029661 0.456747 0.057042
v -0.025944 0.456422 0.055290
v -0.029838 0.453021 0.050322
v -0.025954 0.453390 0.048282
v 0.033260 0.485301 0.142286
v 0.036381 0.484707 0.140939
v -0.059860 0.479646 0.143762
v -0.063435 0.479905 0.143188
v 0.013848 0.486707 0.145218
v 0.012348 0.487295 0.148258
v 0.035342 0.460054 0.066015
v 0.032179 0.459553 0.063644
v 0.034139 0.458536 0.061548
v 0.036467 0.455930 0.055796
v 0.044182 0.471501 0.098546
v 0.039028 0.472078 0.097856
v 0.036242 0.475130 0.104894
v 0.035436 0.474386 0.098735
v 0.030923 0.475345 0.104200
v 0.039805 0.479602 0.127066
v 0.036537 0.480610 0.125115
v 0.050512 0.478402 0.125526
v 0.053219 0.478450 0.127688
v 0.046100 0.479052 0.125334
v 0.042221 0.480092 0.125996
v 0.054322 0.473653 0.111244
v 0.052351 0.475270 0.115415
v 0.042840 0.476304 0.113495
v 0.040918 0.475943 0.110703
v 0.038501 0.475819 0.109552
v 0.035893 0.477148 0.112111
v 0.044451 0.464868 0.081103
v 0.041249 0.464691 0.078992
v 0.041966 0.457366 0.063209
v 0.046365 0.457587 0.065684
v 0.041349 0.454908 0.058026
v 0.044874 0.455104 0.060097
v 0.035965 0.447720 0.043367
v 0.040620 0.446615 0.041623
v 0.042518 0.451425 0.052670
v 0.038709 0.451183 0.049869
v 0.037520 0.452536 0.051740
v 0.034520 0.453206 0.051655
v 0.048489 0.463168 0.079129
v 0.045536 0.463656 0.078756
v 0.053393 0.461550 0.078616
v 0.055264 0.459998 0.075460
v 0.055494 0.463435 0.084400
v 0.057345 0.470461 0.102745
v 0.057113 0.469022 0.097800
v 0.043501 0.459678 0.069675
v 0.043764 0.458858 0.067053
v 0.033162 0.468364 0.085018
v 0.035293 0.469801 0.089414
v 0.034110 0.463057 0.072938
v 0.034309 0.461467 0.069078
v 0.030877 0.466306 0.079639
v 0.028247 0.467481 0.082144
v 0.024378 0.460165 0.063112
v 0.021598 0.459223 0.060766
v 0.027258 0.487349 0.149682
v 0.037715 0.487507 0.151545
v -0.024414 0.488082 0.156951
v -0.027161 0.487278 0.150486
v -0.027029 0.489232 0.160962
v -0.015848 0.487326 0.147806
v -0.018759 0.486873 0.145771
v -0.018895 0.488597 0.159247
v -0.021192 0.488064 0.155895
v 0.021552 0.488020 0.155734
v 0.024782 0.487657 0.152891
v 0.007774 0.488562 0.159556
v 0.008458 0.488364 0.157341
v -0.006407 0.489139 0.165188
v -0.003344 0.489082 0.163698
v -0.011602 0.489173 0.165600
v -0.016985 0.489099 0.164706
v -0.019165 0.488618 0.159992
v -0.016156 0.488851 0.162268
v 0.025748 0.488450 0.157713
v 0.022933 0.488438 0.157718
v 0.020937 0.489415 0.167616
v 0.018685 0.489214 0.166605
v 0.029803 0.490202 0.175776
v 0.028704 0.489703 0.172044
v 0.010794 0.490229 0.177103
v 0.012040 0.489868 0.173956
v 0.003416 0.490500 0.180689
v 0.005800 0.490278 0.177842
v 0.009565 0.490811 0.184368
v 0.007498 0.490616 0.182456
v 0.010498 0.490365 0.177980
v 0.006619 0.490430 0.180273
v 0.033579 0.490586 0.182609
v 0.029199 0.491021 0.187315
v 0.028519 0.490097 0.176355
v 0.028326 0.490358 0.179649
v 0.010436 0.493972 0.188883
v 0.008322 0.495589 0.186491
v 0.001108 0.490350 0.179837
v 0.000570 0.490100 0.176626
v -0.002675 0.490515 0.176548
v -0.005778 0.490229 0.174371
v -0.016357 0.489953 0.174271
v -0.019876 0.490059 0.175413
v -0.024689 0.490624 0.178152
v -0.026207 0.490830 0.175334
v -0.029185 0.490354 0.176999
v -0.031223 0.490599 0.181541
v -0.029368 0.496555 0.185463
v -0.031907 0.494074 0.189295
v 0.010838 0.487297 0.147299
v 0.008976 0.488103 0.149504
v -0.007880 0.487859 0.152433
v -0.011436 0.487443 0.150307
v -0.015743 0.491665 0.190772
v -0.013352 0.491634 0.191040
v 0.045262 0.483099 0.140749
v 0.041074 0.484825 0.139895
v 0.028519 0.494797 0.188524
v 0.025965 0.495969 0.188802
v -0.032388 0.489872 0.177545
v -0.039543 0.487634 0.178235
v 0.053069 0.481316 0.137532
v 0.055760 0.480913 0.138029
v 0.054255 0.481099 0.142229
v 0.058473 0.481503 0.146314
v -0.041208 0.484845 0.142393
v -0.044200 0.483705 0.139953
v -0.036868 0.496092 0.188145
v -0.038507 0.496101 0.188397
v -0.046922 0.487393 0.172663
v -0.043814 0.488598 0.176303
v -0.037004 0.487862 0.169145
v -0.039934 0.487966 0.165474
v -0.038270 0.487518 0.160516
v -0.047591 0.483586 0.157796
v -0.054707 0.483988 0.161867
v -0.051445 0.483602 0.155030
v -0.063148 0.485328 0.176270
v -0.068718 0.484451 0.173560
v -0.074061 0.481123 0.170936
v 0.060308 0.481485 0.143196
v 0.064181 0.476452 0.147081
v 0.064217 0.485055 0.178893
v 0.062284 0.485293 0.178412
v 0.055805 0.485422 0.166996
v 0.053815 0.486322 0.169466
v 0.064262 0.477515 0.131715
v 0.066670 0.477206 0.136499
v 0.066202 0.483285 0.154266
v 0.065293 0.484034 0.157414
v 0.024159 0.454598 0.050450
v 0.030210 0.453104 0.052318
v 0.059779 0.467078 0.096284
v 0.058887 0.468627 0.097945
v 0.070597 0.473168 0.124848
v 0.065627 0.472773 0.122687
v -0.063037 0.475479 0.123040
v -0.066357 0.473814 0.119701
v 0.043665 0.491470 0.189901
v 0.041976 0.491422 0.186180
v 0.043013 0.490912 0.190817
v 0.041156 0.491266 0.190895
v 0.043020 0.486683 0.160982
v 0.049302 0.484858 0.156946
v 0.044819 0.487757 0.170354
v 0.043651 0.488180 0.167408
v 0.055998 0.486058 0.178154
v 0.054520 0.487244 0.182791
v 0.055999 0.488443 0.187509
v 0.048958 0.486639 0.191141
v 0.063245 0.472681 0.114499
v 0.068157 0.470807 0.112771
v 0.064337 0.460322 0.081371
v 0.063477 0.464250 0.088753
v -0.054340 0.458896 0.073613
v -0.057595 0.459026 0.074767
v -0.068048 0.468950 0.108283
v -0.066625 0.469088 0.106974
v -0.076550 0.464549 0.104067
v -0.082181 0.461767 0.100117
v -0.070738 0.469837 0.113172
v -0.076249 0.469167 0.116577
v -0.070531 0.472830 0.126492
v -0.075035 0.471382 0.124246
v -0.079322 0.467920 0.116782
v -0.084516 0.466217 0.118143
v -0.086745 0.463600 0.114503
v -0.084673 0.461144 0.103262
v -0.089031 0.459525 0.102557
v -0.091680 0.463378 0.117243
v -0.090363 0.463014 0.114481
v -0.092910 0.466382 0.129116
v -0.088254 0.468454 0.129001
v -0.097650 0.464133 0.129750
v -0.095360 0.464789 0.128169
v -0.081552 0.471587 0.132225
v -0.080709 0.470164 0.125995
v -0.069484 0.476104 0.136119
v -0.070473 0.475107 0.133001
v -0.070969 0.468523 0.109675
v -0.071145 0.467597 0.107343
v -0.093471 0.459440 0.107333
v -0.094488 0.458366 0.105475
v -0.065855 0.464865 0.093057
v -0.062799 0.461363 0.083331
v -0.073990 0.459831 0.090000
v -0.075500 0.458629 0.086571
v -0.069291 0.479480 0.147932
v -0.066680 0.480590 0.150555
v -0.086961 0.471479 0.141636
v -0.083196 0.472555 0.140488
v -0.060223 0.457652 0.073396
v -0.062273 0.454905 0.069095
v -0.089880 0.474704 0.166436
v -0.092970 0.473977 0.171278
v -0.079037 0.478686 0.166505
v -0.080430 0.476991 0.157590
v -0.075562 0.479003 0.158641
v -0.078642 0.477535 0.156267
v -0.083048 0.478270 0.173058
v -0.086592 0.477497 0.179331
v -0.093901 0.474649 0.175163
v -0.099857 0.472292 0.173008
v -0.090792 0.475759 0.177611
v -0.091250 0.475277 0.174144
v -0.068176 0.479902 0.158539
v -0.067167 0.480522 0.153094
v -0.071898 0.480750 0.161707
v -0.072094 0.481141 0.165998
v -0.093538 0.469285 0.140037
v -0.092889 0.468841 0.136838
v -0.082513 0.481114 0.190808
v -0.081270 0.480713 0.187631
v -0.064398 0.453143 0.068966
v -0.063429 0.451797 0.064287
v -0.057949 0.444765 0.048785
v -0.054721 0.444771 0.046663
v -0.076869 0.458302 0.087165
v -0.079273 0.456342 0.084961
v -0.081016 0.452822 0.080554
v -0.084804 0.452187 0.081326
v -0.085240 0.455602 0.088682
v -0.084444 0.458176 0.093952
v 0.053808 0.456016 0.065002
v 0.060763 0.453508 0.063968
v -0.045869 0.436053 0.043365
v -0.043677 0.441055 0.039587
v 0.060848 0.455742 0.069386
v 0.060819 0.454364 0.066572
v 0.038916 0.444123 0.038159
v 0.040422 0.442599 0.041595
v -0.097678 -0.031043 -0.029862
v -0.094827 -0.043187 -0.023626
v -0.098427 -0.027437 -0.046594
v -0.090168 -0.028150 -0.045457
v -0.098866 -0.028668 -0.039211
v -0.095912 -0.039309 -0.023395
v -0.095716 -0.028755 -0.010638
v -0.094792 -0.031215 0.009736
v -0.098895 -0.039305 0.018482
v -0.098627 -0.040638 0.019283
v -0.098136 0.293141 0.149178
v -0.098100 0.280718 0.148608
v -0.095133 0.304627 0.149049
v -0.097198 0.274204 0.150238
v -0.096425 0.273382 0.150211
v -0.071517 0.285275 0.153157
v -0.096844 0.288529 0.149152
v -0.091719 0.263400 0.150783
v -0.097566 0.273716 0.149990
v -0.096178 0.297641 0.151262
v -0.094685 0.301847 0.151842
v -0.095361 0.266579 0.150606
v -0.093828 0.263508 0.150685
v -0.091201 -0.440317 0.062816
v -0.088144 -0.131868 0.054149
v -0.090565 -0.445314 0.080083
v -0.091414 -0.446152 0.081258
v -0.094360 -0.021200 -0.050702
v -0.093776 -0.019389 -0.099498
v -0.093992 -0.021682 -0.029109
v -0.069617 -0.001243 -0.058840
v -0.074042 0.049087 -0.043086
v -0.092996 -0.016699 -0.100158
v -0.092611 -0.017658 -0.100257
v -0.090185 -0.018807 -0.098722
v -0.089681 -0.019789 -0.094800
v -0.092904 -0.016606 -0.098328
v -0.091891 -0.017339 -0.098623
v -0.092081 0.055046 -0.028205
v -0.091578 0.048455 -0.032060
v -0.092161 -0.018952 -0.031806
v -0.090745 0.055251 -0.027691
v -0.081972 0.016467 -0.137013
v -0.086065 0.013461 -0.106003
v -0.081791 0.017002 -0.135258
v -0.088343 0.096847 -0.068064
v -0.085596 0.055187 -0.071103
v -0.086790 0.018646 -0.087106
v -0.086900 0.053785 -0.087751
v -0.084667 0.097874 -0.039518
v -0.086118 0.095463 -0.065349
v -0.093228 0.020046 -0.094115
v -0.081774 0.019566 -0.094235
v -0.083084 0.017428 -0.100193
v -0.091727 0.016490 -0.098073
v -0.085660 0.053843 -0.079401
v -0.081829 0.054492 -0.088157
v -0.091173 0.053622 -0.067985
v -0.081732 0.053428 -0.088080
v -0.093127 0.054903 -0.030412
v -0.090401 -0.025343 -0.138841
v -0.090622 -0.025473 -0.141036
v -0.093097 -0.012055 0.008665
v -0.090965 -0.034484 0.016110
v -0.082754 -0.020233 -0.127524
v -0.081887 0.013812 -0.115376
v -0.091434 -0.056844 -0.070586
v -0.101249 -0.093148 -0.093163
v -0.101035 -0.243857 -0.099678
v -0.103434 -0.436304 -0.098464
v -0.092332 -0.058357 -0.071957
v -0.089075 -0.097619 -0.143441
v -0.090900 -0.036565 0.016960
v -0.090253 -0.036566 0.051642
v -0.089748 -0.045298 0.051745
v -0.089912 -0.060945 0.051293
v -0.090641 -0.071846 0.051295
v -0.091796 -0.090665 0.052939
v -0.092803 -0.089173 0.051452
v -0.089121 -0.036902 0.050037
v -0.050760 0.236841 0.154857
v -0.030544 0.243377 0.150605
v -0.067638 0.238242 0.150994
v -0.079722 0.243515 0.149806
v -0.018284 0.252923 0.150454
v -0.089953 0.254400 0.148899
v -0.093357 0.259293 0.147638
v -0.015193 0.258045 0.151665
v -0.092153 -0.086885 0.045070
v -0.093142 -0.088285 0.049014
v -0.092332 0.054947 -0.029405
v -0.092405 0.055052 -0.030396
v -0.091114 -0.089682 0.052771
v -0.091788 -0.090679 0.052848
v -0.091366 -0.033840 -0.029404
v -0.093280 -0.027076 -0.033198
v -0.094337 -0.038389 -0.024310
v -0.081004 0.057738 -0.038531
v -0.078933 0.091385 -0.055594
v -0.084288 -0.458360 0.073323
v -0.082421 -0.499101 0.084139
v -0.082087 -0.499021 0.083451
v -0.070892 -0.443802 0.091488
v -0.082016 -0.445871 0.082626
v -0.090266 -0.449025 0.080534
v -0.090685 -0.092688 0.058644
v -0.072146 -0.091664 0.054868
v -0.073586 -0.091674 0.053443
v -0.067423 -0.022709 0.050122
v -0.081209 -0.036101 0.052742
v 0.007163 0.039535 0.034898
v 0.060327 -0.019471 0.050914
v 0.084108 -0.089614 0.050222
v 0.084075 -0.046338 0.055324
v -0.090749 -0.088419 0.052006
v -0.089502 -0.090376 0.050397
v -0.082109 -0.034887 0.053589
v -0.055552 0.002464 0.050573
v -0.059589 0.010289 0.053250
v -0.091195 -0.028715 0.038021
v -0.093416 -0.006474 0.039504
v -0.090088 -0.031391 0.042743
v -0.091984 -0.034698 0.045945
v -0.082046 -0.024231 -0.137511
v -0.085903 -0.002662 -0.131576
v -0.082347 -0.023398 -0.138862
v -0.080651 -0.025758 -0.145447
v -0.089958 -0.026650 -0.144816
v -0.090060 -0.023242 -0.138642
v -0.082664 -0.022990 -0.138911
v -0.089886 -0.025247 -0.145442
v -0.081908 -0.025370 -0.146182
v -0.091187 -0.024646 -0.146288
v -0.081715 -0.025023 -0.146272
v -0.083103 0.033123 -0.014106
v -0.091158 0.053877 -0.016559
v -0.091282 0.053944 -0.016986
v -0.085173 -0.002454 0.036430
v -0.086765 -0.027264 0.039760
v -0.082701 0.074550 -0.033604
v -0.088171 0.055447 -0.026801
v -0.084729 -0.034800 0.052211
v -0.089434 -0.026765 0.039585
v -0.092151 0.084774 -0.037341
v -0.080495 0.077899 -0.042025
v -0.083075 0.077755 -0.032707
v -0.089208 0.071108 -0.033410
v -0.086209 0.003616 0.033248
v -0.087943 0.022617 -0.002918
v -0.083746 0.099323 -0.038438
v -0.082198 0.097119 -0.038331
v -0.091028 0.052532 -0.023957
v -0.082661 0.057216 -0.019074
v -0.089488 0.416440 0.035690
v -0.088819 0.416593 0.036938
v -0.074050 -0.192194 0.083288
v -0.070562 -0.359379 0.084763
v -0.082350 -0.443558 0.082763
v -0.069760 -0.444473 0.084089
v -0.088037 -0.443138 0.077788
v -0.061611 -0.442552 0.092454
v -0.068215 -0.484925 0.085782
v -0.063941 -0.362022 0.093006
v -0.071588 -0.360926 0.092534
v -0.070658 -0.443288 0.092669
v -0.060814 -0.377958 0.096188
v -0.060463 -0.362274 0.096720
v -0.060766 -0.409684 0.096452
v -0.060564 -0.419654 0.096485
v -0.060086 -0.439867 0.096684
v -0.056441 -0.446396 0.097519
v -0.056251 -0.496440 0.098023
v -0.065892 -0.445442 0.093016
v -0.066571 -0.446095 0.092758
v -0.063878 -0.436488 0.097179
v -0.062373 -0.363376 0.097486
v -0.063435 -0.370215 0.094000
v -0.061516 -0.362546 0.093819
v -0.058957 -0.496253 0.097202
v -0.090388 -0.092096 0.063181
v -0.084995 -0.104611 0.062295
v -0.083959 -0.433885 0.062954
v -0.090606 -0.091241 0.062772
v -0.070428 -0.093599 0.067476
v -0.049443 -0.084244 0.065939
v 0.073694 -0.095852 0.064640
v 0.045250 -0.061343 0.063426
v -0.043576 -0.064040 0.064193
v 0.073985 -0.094382 0.063928
v -0.049940 -0.085303 0.067470
v 0.072458 -0.096479 0.064465
v -0.048865 -0.085359 0.067027
v -0.044672 -0.052112 0.065345
v -0.036599 -0.051107 0.064911
v 0.030662 -0.074120 0.067646
v 0.031793 -0.075274 0.067677
v -0.088786 -0.089298 0.052812
v -0.090554 -0.088607 0.052694
v -0.090170 -0.025379 -0.145447
v -0.089886 -0.025248 -0.143688
v -0.085151 -0.436259 0.065572
v -0.085385 -0.443325 0.078026
v -0.064152 0.247130 0.131831
v -0.068765 0.250778 0.133807
v -0.025096 0.254247 0.147822
v -0.073426 0.260705 0.154500
v -0.064853 0.303400 0.134408
v -0.066520 0.301512 0.134585
v -0.050930 0.313416 0.132333
v -0.047190 0.314255 0.131936
v -0.029917 0.263772 0.153191
v -0.040617 0.316420 0.131879
v -0.056809 0.312047 0.132892
v -0.060411 0.313159 0.136358
v -0.088779 0.291123 0.136310
v -0.081018 0.363312 0.137670
v -0.077959 0.360528 0.139345
v -0.018588 0.360564 0.158621
v -0.017242 0.358553 0.158304
v 0.043267 0.349121 0.155011
v 0.041147 0.346755 0.154674
v 0.066268 0.394782 0.133880
v 0.067913 0.394778 0.132699
v 0.076855 0.343644 0.141295
v 0.078429 0.345457 0.140869
v 0.049889 0.338559 0.158709
v 0.039560 0.336183 0.157642
v 0.063741 0.336876 0.157846
v 0.036357 0.333019 0.158225
v 0.029159 0.327723 0.153754
v 0.067238 0.333750 0.152521
v 0.082618 0.323809 0.150351
v 0.012469 0.323016 0.154431
v 0.018918 0.330618 0.155764
v 0.053274 0.353830 0.152294
v 0.045457 0.363912 0.157953
v 0.039141 0.348041 0.155638
v 0.042316 0.368159 0.157336
v 0.037932 0.377349 0.160444
v 0.045667 0.342603 0.155242
v 0.063414 0.358852 0.147509
v 0.057927 0.363531 0.153045
v 0.075049 0.351797 0.142000
v 0.069889 0.372770 0.147053
v 0.053553 0.366347 0.153944
v 0.082066 0.355590 0.140566
v 0.042690 0.380338 0.157824
v 0.050070 0.387011 0.148535
v 0.043022 0.375430 0.156564
v 0.072188 0.341073 0.145631
v 0.073468 0.378506 0.142354
v 0.041649 0.387733 0.154168
v 0.034161 0.386544 0.156894
v 0.041277 0.403162 0.132588
v 0.031701 0.405490 0.132783
v 0.023476 0.406238 0.134286
v 0.018041 0.408085 0.129645
v 0.008419 0.415595 0.113472
v 0.030009 0.399478 0.141564
v -0.004118 0.405242 0.141129
v 0.005706 0.396137 0.154318
v 0.031917 0.389534 0.152722
v -0.008904 0.398851 0.152347
v 0.003055 0.394699 0.155606
v 0.001885 0.389148 0.151951
v -0.010274 0.381448 0.161549
v 0.010804 0.381628 0.162969
v -0.047822 0.395572 0.145971
v -0.020903 0.398591 0.148148
v -0.018187 0.351281 0.156179
v -0.049135 0.355022 0.149989
v -0.053318 0.358013 0.148733
v -0.052063 0.355448 0.149427
v -0.011149 0.363477 0.159499
v -0.050714 0.393701 0.144349
v -0.060955 0.347531 0.124325
v -0.004309 0.354574 0.157273
v 0.025658 0.377696 0.158683
v 0.011225 0.358724 0.156949
v -0.012340 0.396874 0.154261
v 0.014411 0.409905 0.127752
v -0.014172 0.404449 0.121689
v -0.024952 0.348564 0.153745
v -0.062607 0.371134 0.145926
v -0.062591 0.382395 0.144386
v 0.025934 0.354587 0.156462
v 0.021494 0.364342 0.161932
v 0.030067 0.360661 0.160440
v -0.010565 0.369531 0.157851
v -0.025562 0.382996 0.159042
v -0.012735 0.381809 0.161636
v 0.015154 0.360555 0.162682
v 0.031563 0.382489 0.159497
v -0.004013 0.305347 0.149024
v -0.014155 0.329178 0.150147
v -0.017667 0.339748 0.152589
v 0.063410 0.394845 0.128259
v 0.041303 0.408758 0.114468
v 0.067322 0.402858 0.114589
v 0.015330 0.381440 0.160883
v 0.013116 0.345551 0.152332
v 0.001568 0.353992 0.159157
v -0.001800 0.334135 0.149990
v -0.035624 0.381494 0.148276
v -0.031432 0.402499 0.148298
v -0.019982 0.408360 0.140309
v -0.025205 0.405653 0.142658
v -0.044149 0.408625 0.127566
v -0.025122 0.408924 0.140331
v -0.064452 0.393158 0.119959
v 0.079240 0.389070 0.122897
v 0.044691 0.365756 0.156839
v 0.080434 0.354359 0.140915
v 0.065854 0.394759 0.134563
v 0.069589 0.394100 0.132628
v 0.054749 0.391152 0.145693
v 0.052848 0.390322 0.143588
v -0.022129 0.352666 0.155583
v 0.002776 0.358528 0.159899
v 0.074011 0.374278 0.143523
v 0.078326 0.367027 0.127501
v 0.086894 0.351532 0.136933
v 0.085267 0.340310 0.136599
v 0.058761 0.392891 0.145101
v 0.081124 0.336250 0.138613
v 0.086929 0.337097 0.135432
v 0.002032 0.300393 0.153394
v -0.018821 0.318209 0.151522
v -0.024021 0.325323 0.155085
v -0.028080 0.327994 0.156408
v -0.038644 0.331942 0.155857
v -0.044011 0.335422 0.155936
v -0.062074 0.334199 0.152505
v -0.072272 0.330547 0.152049
v -0.076176 0.328063 0.151861
v -0.081004 0.324391 0.151420
v -0.088247 0.317269 0.152200
v 0.015873 0.334310 0.152183
v 0.006554 0.331805 0.157983
v 0.021454 0.343436 0.154364
v -0.009721 0.329126 0.155308
v -0.006792 0.340388 0.154275
v -0.018801 0.328185 0.150440
v -0.017398 0.334258 0.151182
v -0.016331 0.338806 0.152446
v -0.012469 0.337497 0.152665
v -0.022791 0.349200 0.154107
v -0.017617 0.345789 0.155043
v -0.031947 0.335973 0.152627
v -0.029011 0.334601 0.152669
v -0.002860 0.339972 0.154442
v -0.000056 0.341571 0.155479
v -0.031218 0.353252 0.153911
v -0.024981 0.350969 0.154188
v -0.041678 0.345147 0.149543
v -0.046795 0.346494 0.147884
v -0.003512 0.364147 0.161080
v -0.007824 0.361058 0.159126
v -0.002344 0.355358 0.158897
v -0.000340 0.348203 0.157012
v -0.015919 0.366322 0.159388
v -0.018105 0.359920 0.157407
v -0.046972 0.362056 0.151561
v -0.048151 0.357747 0.149744
v -0.000758 0.364682 0.162793
v 0.004364 0.365755 0.160356
v 0.013942 0.365328 0.162839
v 0.019169 0.365368 0.162841
v 0.010873 0.352881 0.159523
v 0.017889 0.353058 0.159282
v 0.002195 0.358024 0.160884
v 0.006290 0.353382 0.159879
v -0.024476 0.376478 0.154380
v -0.026766 0.368410 0.154343
v 0.019883 0.358563 0.162965
v 0.021324 0.362851 0.162992
v 0.028622 0.351107 0.158082
v 0.027689 0.347535 0.159803
v 0.029505 0.355805 0.156467
v -0.011049 0.380135 0.159055
v -0.013273 0.377343 0.159751
v -0.056926 0.370365 0.150433
v -0.056185 0.355585 0.147842
v -0.064439 0.380145 0.146291
v -0.064794 0.382031 0.141198
v -0.061514 0.340077 0.146051
v -0.059906 0.341046 0.146733
v -0.017212 0.386891 0.157490
v -0.013331 0.381916 0.159975
v -0.023591 0.386347 0.158389
v -0.025585 0.384408 0.158979
v -0.044280 0.383885 0.143911
v -0.050575 0.396760 0.146382
v -0.046981 0.400728 0.148907
v 0.014409 0.379084 0.160696
v 0.022103 0.382698 0.161118
v 0.009619 0.388398 0.160242
v 0.012613 0.382376 0.159760
v 0.029509 0.370228 0.163710
v 0.026966 0.362708 0.161478
v 0.002685 0.395705 0.154681
v 0.003325 0.396945 0.151131
v 0.003293 0.392684 0.154774
v 0.006092 0.389496 0.156438
v -0.010310 0.391781 0.156905
v -0.009950 0.394579 0.153043
v 0.025781 0.380524 0.161848
v 0.026124 0.372062 0.163114
v 0.032024 0.380836 0.161435
v 0.038553 0.386576 0.157657
v 0.037353 0.378627 0.161994
v 0.042008 0.380962 0.159835
v -0.010370 0.399559 0.151731
v -0.012861 0.398103 0.152513
v 0.042895 0.348704 0.153868
v 0.047780 0.349366 0.154036
v -0.035209 0.399330 0.147362
v -0.033975 0.397993 0.149819
v -0.024012 0.400415 0.150711
v -0.027002 0.402467 0.146726
v -0.020432 0.410614 0.156302
v -0.021007 0.412579 0.144257
v 0.033027 0.385246 0.156649
v 0.030184 0.392119 0.159219
v 0.044079 0.365171 0.158817
v 0.045725 0.368644 0.165749
v 0.045329 0.379431 0.156668
v 0.040719 0.376152 0.158398
v 0.043054 0.374053 0.157568
v 0.040644 0.371199 0.157328
v 0.051419 0.384171 0.148884
v 0.054160 0.390542 0.146665
v 0.021645 0.398583 0.149594
v 0.023247 0.397428 0.150299
v 0.045800 0.364313 0.159087
v 0.053575 0.366271 0.158390
v 0.053008 0.354471 0.152059
v 0.056097 0.363014 0.152146
v 0.039943 0.392119 0.152073
v 0.043026 0.391146 0.152917
v 0.023983 0.404707 0.137625
v 0.028984 0.400721 0.133556
v -0.005693 0.406625 0.140557
v -0.013598 0.407881 0.135334
v -0.048307 0.407050 0.138229
v -0.053062 0.396949 0.140091
v -0.068297 0.397144 0.136003
v -0.063459 0.401994 0.136747
v -0.068791 0.406283 0.128057
v 0.053136 0.392632 0.148231
v 0.053119 0.395376 0.147760
v -0.004918 0.409456 0.131412
v -0.005998 0.415242 0.118801
v -0.027312 0.408522 0.139724
v -0.031045 0.408356 0.139200
v -0.068526 0.372710 0.142032
v -0.070313 0.375033 0.138139
v 0.015731 0.409616 0.126670
v 0.013367 0.411133 0.122678
v 0.017334 0.406380 0.130158
v 0.018729 0.404899 0.136542
v 0.059198 0.365814 0.153929
v 0.063324 0.365027 0.151345
v 0.053004 0.393194 0.144477
v 0.055769 0.391533 0.144816
v 0.007013 0.413580 0.119837
v 0.004267 0.414949 0.117335
v 0.006924 0.415850 0.114159
v 0.039735 0.402198 0.133644
v 0.033545 0.402849 0.134580
v -0.027341 0.417032 0.122317
v -0.024956 0.418298 0.118747
v 0.058693 0.391442 0.143247
v 0.060473 0.391632 0.132659
v -0.046561 0.411385 0.124437
v -0.039340 0.416768 0.123371
v 0.064998 0.349898 0.148245
v 0.070948 0.348074 0.145769
v 0.068397 0.372535 0.148668
v 0.069849 0.376707 0.146142
v 0.043503 0.406482 0.122248
v 0.037224 0.409136 0.114009
v 0.070901 0.342692 0.144662
v 0.070052 0.339298 0.144195
v 0.050031 0.403758 0.125244
v 0.043557 0.399400 0.123188
v -0.076242 0.354858 0.139157
v -0.081300 0.363298 0.134455
v -0.079310 0.376244 0.136971
v -0.082176 0.379802 0.132299
v 0.070529 0.393887 0.132019
v 0.071375 0.391623 0.132877
v 0.077476 0.380296 0.140871
v 0.079274 0.377031 0.140595
v 0.079191 0.365901 0.140102
v 0.074567 0.370611 0.144088
v 0.080265 0.355754 0.141422
v 0.076804 0.355779 0.143464
v 0.068063 0.395694 0.126027
v 0.066606 0.392474 0.131504
v 0.083775 0.354769 0.139846
v 0.080828 0.354011 0.141495
v 0.081545 0.393624 0.122652
v 0.076918 0.393047 0.127970
v -0.048834 0.339229 0.146813
v -0.050766 0.339876 0.146952
v 0.084509 0.352548 0.139217
v 0.088817 0.351173 0.137650
v 0.077813 0.344014 0.140883
v 0.081624 0.341779 0.138557
v 0.079130 0.337725 0.139104
v 0.081520 0.335240 0.137561
v -0.003922 0.306104 0.150564
v -0.005208 0.309161 0.151186
v -0.083928 0.456839 0.090233
v -0.084444 0.458176 0.093952
v -0.079229 0.100294 0.164749
v -0.078317 0.086899 0.185616
v -0.060812 0.322443 0.143342
v -0.061502 0.321179 0.140573
v -0.072834 0.315104 0.156192
v -0.024506 0.314954 0.140710
v -0.063114 0.316925 0.132187
v -0.064324 0.316208 0.130741
v -0.081805 -0.445819 0.088084
v -0.077815 -0.497601 0.085337
v -0.081193 -0.109389 0.065942
v -0.102603 -0.339164 0.085207
v -0.081532 -0.104757 0.066468
v -0.080360 -0.099387 0.063977
v -0.099673 0.086214 0.008051
v -0.079542 -0.008290 0.043724
v -0.081309 0.154787 -0.054991
v -0.078217 0.179527 -0.125310
v -0.073354 0.024842 -0.106873
v -0.081421 -0.026024 -0.140772
v -0.080379 0.014249 -0.143720
v -0.087035 -0.030720 0.048696
v -0.081837 0.155851 -0.057101
v -0.080205 0.055632 0.037036
v -0.080366 0.054487 0.040164
v -0.078018 0.328623 0.146374
v -0.036482 0.327842 0.148228
v -0.082285 0.469716 0.054442
v -0.081715 0.469193 0.050766
v -0.044137 -0.327861 0.083530
v -0.058082 -0.193094 0.082269
v -0.057543 -0.133802 0.082899
v -0.058106 -0.193978 0.080752
v -0.079661 -0.195731 0.079435
v -0.047907 -0.129167 0.081470
v -0.056893 -0.134877 0.078508
v -0.056862 -0.136246 0.078079
v -0.020323 -0.111621 0.078828
v -0.006878 -0.108379 0.082465
v 0.001152 -0.106330 0.083323
v -0.079788 -0.193456 0.078226
v -0.079667 -0.193900 0.081766
v -0.080440 -0.190936 0.077911
v -0.010276 -0.107524 0.080918
v 0.021058 -0.102190 0.080462
v -0.070715 0.122597 0.039931
v -0.039459 0.057109 0.038607
v -0.019384 0.055683 0.039978
v -0.080324 0.056984 0.042376
v -0.018274 0.054471 0.044258
v -0.019355 0.039523 0.045331
v -0.019024 0.034540 0.044395
v -0.019685 0.034457 0.044217
v -0.019739 0.056061 0.041755
v -0.072982 0.001280 0.045090
v -0.030116 0.039102 0.029096
v -0.019220 0.118534 0.037380
v -0.019622 0.055923 0.037787
v -0.019730 0.056004 0.041596
v 0.052911 -0.088427 0.077037
v 0.050956 -0.088064 0.077250
v 0.075794 -0.369318 0.083291
v 0.071708 -0.400523 0.084143
v 0.065962 -0.193736 0.083140
v 0.071136 -0.398457 0.083407
v 0.082058 -0.190788 0.081312
v 0.061960 -0.191745 0.082460
v -0.061016 -0.142271 0.075700
v 0.060231 -0.091988 0.078710
v 0.063669 -0.119547 0.074905
v 0.038912 -0.077110 0.077011
v -0.064775 -0.093277 0.070977
v 0.059438 -0.089688 0.076640
v 0.070917 -0.192638 0.078046
v -0.048853 -0.086598 0.076542
v 0.052597 -0.088227 0.076037
v -0.048500 -0.085118 0.076398
v 0.027237 -0.110685 0.078329
v 0.030944 -0.111120 0.078630
v -0.070507 -0.101621 0.077035
v -0.070750 -0.103309 0.076692
v -0.072051 -0.103703 0.067670
v -0.077445 -0.104904 0.076350
v -0.073395 -0.101979 0.068184
v -0.040113 -0.079706 0.071511
v -0.063477 -0.100320 0.070063
v 0.044099 -0.076227 0.071027
v -0.068824 -0.104853 0.075581
v -0.069214 -0.104127 0.075928
v -0.021310 0.033722 0.048544
v -0.035648 0.023902 0.048563
v -0.055251 0.012452 0.045644
v -0.053391 0.004554 0.049120
v -0.078932 -0.005140 0.048263
v -0.078977 0.028755 -0.142813
v 0.078878 0.027149 -0.138956
v -0.042017 0.235439 0.141692
v -0.082164 0.231670 0.135220
v -0.079805 0.235894 0.142451
v -0.075866 0.240654 0.148659
v -0.008045 0.253108 0.148623
v -0.001637 0.270646 0.150024
v 0.005466 0.171848 0.020142
v -0.001834 0.205313 0.100470
v -0.033047 0.421989 0.106709
v -0.029499 0.422275 0.106455
v 0.026541 0.412871 0.111888
v -0.034074 0.421877 0.106689
v -0.074637 0.429276 0.046989
v -0.053293 0.401496 0.113862
v 0.004389 0.444540 0.037282
v 0.005093 0.445241 0.036656
v -0.004213 0.445639 0.037999
v -0.053488 0.434915 0.037393
v 0.074822 0.435134 0.069114
v -0.060564 0.433287 0.035765
v 0.001429 0.444073 0.038417
v 0.004044 0.444739 0.037173
v -0.075429 0.249705 0.139748
v -0.078032 0.250194 0.142286
v -0.070634 0.427803 0.036796
v -0.077449 0.426025 0.038123
v -0.072318 0.339383 0.141478
v -0.070628 0.336413 0.140313
v -0.074153 0.451702 -0.057173
v -0.073189 0.451504 -0.059948
v -0.071500 -0.091758 0.059312
v -0.073786 -0.055316 0.062768
v -0.068822 -0.058738 0.061270
v -0.070331 -0.056256 0.054715
v -0.047905 -0.058313 0.062969
v -0.070815 0.234645 0.151505
v -0.073345 0.234688 0.148929
v -0.059169 -0.037485 0.059866
v -0.067659 -0.054291 0.054688
v -0.066175 -0.046683 0.053630
v -0.064568 -0.045290 0.054260
v -0.058811 -0.363990 0.097368
v -0.062493 -0.361451 0.094274
v -0.063365 -0.363159 0.091456
v -0.067357 -0.361450 0.084793
v -0.060354 -0.361250 0.097351
v -0.061614 -0.361271 0.096686
v -0.058101 -0.352150 0.095265
v -0.060249 -0.363658 0.096690
v -0.051344 -0.040585 0.063510
v 0.051518 -0.040399 0.061014
v -0.039252 -0.049147 0.062627
v -0.037144 -0.048851 0.061882
v -0.066535 -0.047154 0.053225
v -0.062399 -0.042118 0.053540
v -0.064269 0.441498 -0.097455
v -0.064602 0.442761 -0.094725
v 0.057544 -0.400411 0.078066
v 0.027582 -0.297190 0.098551
v 0.032624 -0.290732 0.086199
v 0.028033 -0.231301 0.091147
v 0.027352 -0.496223 0.095170
v -0.026393 -0.494579 0.095163
v -0.054559 -0.431458 0.057794
v -0.030923 -0.360548 0.091563
v -0.030003 -0.288384 0.086485
v -0.028676 -0.232412 0.093865
v 0.027833 -0.298907 0.097152
v 0.025848 -0.297705 0.098529
v 0.020587 -0.299144 0.098592
v -0.039952 -0.281246 0.097832
v -0.038335 -0.281412 0.098550
v -0.024649 -0.297867 0.096848
v -0.022761 -0.300398 0.099644
v -0.020344 -0.294039 0.095978
v -0.018986 -0.296917 0.098393
v -0.036114 -0.279529 0.098961
v -0.037909 -0.282550 0.097149
v -0.063250 0.099627 0.143027
v -0.060248 0.098250 0.145609
v -0.059580 -0.040394 0.053378
v -0.062122 -0.042995 0.053575
v -0.056981 -0.037785 0.060439
v -0.047827 -0.034999 0.060944
v -0.059966 -0.031544 0.059968
v -0.051580 -0.029568 0.059685
v 0.026273 -0.192087 0.094319
v 0.027326 -0.192033 0.087040
v 0.006207 -0.167294 0.087157
v 0.012558 -0.186503 0.088981
v 0.025299 -0.298366 0.094449
v 0.021518 -0.295413 0.093350
v -0.019355 -0.295330 0.093324
v -0.023579 -0.296847 0.093408
v 0.028561 -0.113072 0.082835
v 0.032888 -0.114258 0.082966
v 0.038850 -0.120204 0.083469
v 0.040954 -0.121158 0.083790
v 0.052830 -0.157904 0.087031
v -0.034362 -0.160196 0.085426
v 0.052188 -0.280245 0.092573
v -0.037865 -0.221284 0.084693
v 0.004831 -0.481042 0.119020
v -0.010905 -0.296251 0.106638
v 0.016421 -0.194754 0.090806
v -0.052158 -0.358309 0.095202
v 0.058815 -0.193052 0.092430
v 0.050759 -0.360748 0.092788
v -0.013192 -0.179322 0.092685
v -0.013670 -0.179230 0.092332
v 0.059875 -0.197376 0.092001
v 0.027337 -0.200793 0.092146
v 0.023173 -0.198845 0.085884
v 0.029717 -0.200666 0.092965
v -0.035884 -0.200675 0.088585
v -0.027660 -0.199141 0.090773
v -0.040169 -0.196063 0.087516
v -0.055930 -0.189466 0.090226
v -0.032576 -0.198413 0.090976
v -0.037900 -0.193758 0.088576
v -0.053016 0.439263 0.037088
v -0.051378 0.439776 0.036871
v -0.047019 -0.054936 0.064221
v -0.034376 -0.047575 0.063997
v -0.045928 -0.033864 0.060461
v -0.046755 -0.030866 0.051648
v -0.045331 -0.030072 0.056921
v -0.038070 -0.023423 0.059079
v -0.045449 0.335817 -0.182410
v -0.047308 0.335088 -0.182049
v -0.048834 0.339186 0.146565
v -0.047078 0.339952 0.146795
v -0.041066 -0.281449 0.098433
v -0.031939 -0.336111 0.090209
v -0.040499 -0.281513 0.098442
v -0.038557 -0.278125 0.095832
v -0.041392 -0.281298 0.093975
v -0.031908 -0.240814 0.094164
v -0.029293 -0.227880 0.095279
v -0.033654 -0.280038 0.094553
v -0.037611 -0.023045 0.053480
v -0.036039 -0.022763 0.061136
v -0.035310 -0.021233 0.052515
v -0.034053 -0.021050 0.052854
v 0.036859 -0.043630 0.064881
v -0.033918 -0.042095 0.064730
v 0.038184 -0.019711 0.055141
v -0.029609 -0.020442 0.057919
v 0.049119 -0.021365 0.058793
v 0.064327 -0.038821 0.056759
v 0.063619 -0.051090 0.055470
v 0.037995 -0.047725 0.064325
v 0.049551 -0.052668 0.063725
v 0.049524 -0.056015 0.064854
v 0.053785 -0.058327 0.065817
v 0.050533 -0.056124 0.066291
v 0.073573 -0.058468 0.065607
v 0.073010 -0.055617 0.057070
v 0.074877 -0.058289 0.052951
v 0.065037 -0.050616 0.058875
v 0.074480 -0.058437 0.053623
v 0.072815 -0.059889 0.064963
v 0.063209 -0.045109 0.060167
v 0.061348 -0.042738 0.060379
v 0.060965 -0.040740 0.059400
v 0.058268 -0.038164 0.060179
v 0.050284 -0.033248 0.061232
v 0.047647 -0.030089 0.060065
v 0.038979 -0.026370 0.060676
v 0.036166 -0.021818 0.060551
v -0.018157 -0.024254 0.059157
v 0.049707 -0.055711 0.065106
v 0.054050 -0.056605 0.065103
v 0.049605 -0.055951 0.066162
v 0.049606 -0.055811 0.065064
v 0.048087 -0.052078 0.065943
v 0.048404 -0.053692 0.066414
v -0.019919 -0.110992 0.082077
v -0.012676 -0.108123 0.082252
v -0.032190 -0.114876 0.082565
v -0.032351 -0.115989 0.082858
v -0.034346 -0.119022 0.083169
v 0.017853 -0.108670 0.081704
v 0.021018 -0.108137 0.082656
v -0.034672 0.411704 -0.148396
v -0.033456 0.409441 -0.150527
v 0.037028 -0.021153 0.052720
v -0.022851 -0.020157 0.052956
v 0.037680 -0.021597 0.053137
v -0.029160 0.350826 -0.181954
v -0.032686 0.350942 -0.181300
v -0.027387 0.285138 0.156484
v -0.030180 0.309072 0.133382
v -0.030512 0.309752 0.133480
v -0.019190 -0.230598 0.093198
v -0.026662 -0.232798 0.093636
v -0.002098 -0.174059 0.086600
v -0.027480 -0.195642 0.091066
v -0.019475 -0.295892 0.095452
v -0.018430 -0.231463 0.095556
v -0.023340 -0.300360 0.096851
v -0.022956 -0.488960 0.097499
v -0.022644 -0.299890 0.096121
v -0.017696 -0.299877 0.097526
v 0.023663 -0.487445 0.096765
v -0.025082 -0.490037 0.096319
v -0.022621 0.469259 -0.052656
v -0.024077 0.468164 -0.056637
v -0.020233 0.360415 -0.179992
v -0.019138 0.357690 -0.181072
v 0.005571 0.122123 0.029104
v 0.000182 0.073196 0.033323
v -0.018562 0.096745 0.042640
v -0.018739 0.084004 0.042716
v -0.018402 0.081736 0.042985
v -0.018475 0.078719 0.042566
v -0.015569 0.074837 0.047147
v 0.021392 0.076903 0.048540
v -0.018330 0.075921 0.043040
v -0.018427 0.076758 0.042580
v 0.124064 0.227981 -0.116343
v 0.086584 0.168594 -0.098992
v 0.118887 0.167767 0.074241
v 0.104004 0.092885 0.191269
v 0.085609 0.174380 -0.130446
v 0.084326 0.180024 -0.136640
v 0.032354 0.087322 0.117900
v 0.041389 0.076779 0.190019
v 0.033914 0.096089 0.096166
v 0.031008 0.096719 0.093781
v 0.100516 0.093275 0.190967
v 0.094654 0.229494 -0.148890
v 0.070866 0.194187 -0.141597
v 0.010204 0.170094 -0.133376
v 0.101891 0.093605 0.191710
v -0.013511 0.369789 -0.176936
v -0.011888 0.374017 -0.175190
v -0.012062 0.337908 0.152837
v -0.010098 0.342779 0.154544
v -0.006515 0.387920 -0.168386
v -0.004197 0.389617 -0.167494
v 0.021827 0.389160 -0.166302
v 0.022781 0.390868 -0.165155
v 0.040695 0.389947 -0.161999
v 0.040599 0.392511 -0.160467
v 0.069599 0.366660 -0.163483
v 0.068999 0.363430 -0.165198
v 0.104944 0.361712 -0.142175
v 0.102871 0.362648 -0.143521
v 0.069562 0.366539 -0.163484
v 0.057110 0.369846 -0.167807
v 0.067447 0.377417 -0.158808
v 0.072411 0.364793 -0.163125
v 0.074890 0.379306 -0.153191
v 0.084051 0.378841 -0.148648
v 0.059277 0.381922 -0.159084
v 0.045192 0.385082 -0.163613
v 0.048033 0.393266 -0.157650
v 0.063106 0.386261 -0.155801
v 0.056881 0.397755 -0.149842
v 0.034339 0.416340 -0.143831
v 0.057416 0.409446 -0.141873
v 0.057743 0.399925 -0.149371
v 0.045023 0.395177 -0.157252
v 0.086663 0.368700 -0.152272
v 0.079464 0.390077 -0.143492
v 0.091964 0.393729 -0.132573
v 0.099693 0.382840 -0.129038
v 0.100662 0.380079 -0.133488
v 0.110258 0.392534 -0.111693
v 0.103067 0.397166 -0.118909
v 0.094333 0.395085 -0.129374
v 0.091056 0.404633 -0.113931
v 0.104242 0.397976 -0.115754
v 0.116535 0.385528 -0.113603
v 0.117616 0.374608 -0.114395
v 0.119466 0.368035 -0.123231
v 0.105106 0.373739 -0.135089
v 0.103941 0.397762 -0.117410
v 0.103406 0.373632 -0.137043
v 0.111891 0.356210 -0.138017
v 0.094510 0.368638 -0.147533
v 0.088384 0.361035 -0.154808
v 0.110553 0.334315 -0.138022
v 0.079002 0.413753 -0.124007
v 0.090579 0.399904 -0.128048
v 0.066222 0.387630 -0.154145
v 0.074767 0.394802 -0.144382
v 0.093401 0.333332 -0.161065
v 0.091149 0.336003 -0.161427
v 0.082491 0.339523 -0.166572
v 0.062337 0.402837 -0.143340
v 0.051563 0.373751 -0.166683
v 0.061777 0.358647 -0.169741
v 0.081663 0.361296 -0.156914
v 0.083202 0.363388 -0.157617
v 0.082415 0.366865 -0.156818
v 0.077201 0.347368 -0.166981
v 0.071020 0.363369 -0.164255
v 0.068209 0.356066 -0.168141
v 0.067337 0.363508 -0.165194
v 0.066432 0.345908 -0.170309
v 0.063550 0.339302 -0.175330
v 0.114433 0.360748 -0.125648
v 0.119462 0.363707 -0.124976
v 0.058268 0.355187 -0.172889
v 0.041742 0.342430 -0.180332
v 0.040022 0.335243 -0.181446
v 0.044505 0.362983 -0.174231
v 0.046623 0.352648 -0.175693
v 0.028182 0.363596 -0.177648
v 0.021629 0.350818 -0.179417
v 0.010526 0.368301 -0.176579
v 0.065566 0.321401 -0.176818
v 0.057780 0.335295 -0.177623
v 0.033138 0.385530 -0.163570
v 0.039586 0.395559 -0.151656
v 0.042238 0.387489 -0.162155
v 0.031061 0.383153 -0.168271
v 0.021256 0.402551 -0.156396
v 0.020331 0.392073 -0.163773
v 0.094324 0.378749 -0.140732
v 0.096632 0.304985 -0.161509
v 0.111481 0.325448 -0.148804
v 0.106094 0.360830 -0.137321
v 0.102984 0.301171 -0.158130
v 0.105969 0.269567 -0.142420
v 0.102708 0.327812 -0.154009
v 0.093356 0.302291 -0.164452
v 0.076593 0.293877 -0.172886
v 0.058003 0.311071 -0.180343
v 0.079960 0.317400 -0.171529
v 0.098846 0.276919 -0.161920
v 0.089442 0.312246 -0.164481
v 0.082880 0.331920 -0.168064
v 0.088869 0.329007 -0.162438
v 0.070346 0.331065 -0.174131
v 0.108650 0.318868 -0.152004
v -0.001545 0.365174 -0.178754
v 0.006279 0.383185 -0.170822
v 0.015304 0.371724 -0.175769
v 0.080822 0.414095 -0.122552
v 0.075451 0.415843 -0.122588
v 0.077147 0.422229 -0.114519
v 0.049550 0.369427 -0.168619
v 0.047522 0.416068 -0.140328
v 0.039608 0.423300 -0.135662
v 0.065354 0.416795 -0.129587
v 0.048477 0.429623 -0.124732
v 0.072083 0.420530 -0.121100
v 0.038237 0.436915 -0.117548
v 0.065136 0.428464 -0.115519
v 0.028543 0.433535 -0.127466
v 0.039885 0.429490 -0.127621
v 0.018995 0.435322 -0.124560
v 0.032516 0.422749 -0.136573
v 0.010935 0.426209 -0.137753
v 0.031834 0.430568 -0.130608
v 0.070048 0.416071 -0.127804
v 0.073197 0.404239 -0.131411
v 0.049297 0.422520 -0.132475
v 0.057152 0.412361 -0.139210
v 0.061006 0.433152 -0.113477
v 0.053711 0.434372 -0.114380
v 0.020592 0.367457 -0.176325
v 0.029981 0.370507 -0.174360
v 0.013886 0.368888 -0.177213
v 0.032398 0.369470 -0.171498
v 0.027043 0.381568 -0.169108
v 0.014202 0.410239 -0.152005
v -0.000461 0.413233 -0.143118
v 0.023397 0.414933 -0.148139
v 0.015078 0.416145 -0.140873
v -0.000206 0.393726 -0.161050
v 0.011625 0.398168 -0.160612
v 0.011019 0.388072 -0.167511
v 0.007954 0.388004 -0.167911
v 0.028636 0.407903 -0.152088
v 0.025775 0.414829 -0.147794
v 0.069215 0.352841 -0.168780
v 0.018265 0.381191 -0.170841
v 0.073810 0.424222 -0.115886
v 0.006310 0.428797 -0.136688
v 0.068541 0.429696 -0.110104
v 0.090979 0.267556 -0.164944
v 0.077233 0.321329 -0.171878
v 0.031205 0.342764 -0.183709
v 0.033005 0.338592 -0.184197
v 0.058637 0.357072 -0.172029
v 0.086776 0.277747 -0.167428
v 0.000617 0.431167 -0.134180
v -0.002819 0.377252 -0.172808
v 0.025242 0.415300 -0.147433
v 0.063044 0.378994 -0.156751
v 0.059553 0.386074 -0.157441
v 0.056908 0.374501 -0.165427
v 0.054627 0.377937 -0.165062
v 0.049287 0.373130 -0.166371
v 0.045737 0.381937 -0.165149
v 0.045092 0.363588 -0.173642
v 0.043941 0.366927 -0.171819
v 0.054333 0.366670 -0.169686
v 0.053263 0.365316 -0.170686
v 0.067537 0.366632 -0.164463
v 0.064714 0.365700 -0.165729
v 0.042753 0.391086 -0.157773
v 0.037964 0.397909 -0.157863
v 0.044541 0.387205 -0.162458
v 0.042384 0.388177 -0.162519
v 0.040931 0.386688 -0.164474
v 0.045059 0.383712 -0.164799
v 0.050372 0.394392 -0.155479
v 0.047340 0.395751 -0.155998
v 0.047901 0.354821 -0.175616
v 0.058408 0.358319 -0.173868
v 0.047028 0.359022 -0.175071
v 0.047180 0.362768 -0.173397
v 0.048226 0.356506 -0.175699
v 0.036616 0.363559 -0.175682
v 0.029552 0.362395 -0.177292
v 0.027782 0.372718 -0.173668
v 0.020214 0.369199 -0.176153
v 0.031095 0.382342 -0.168147
v 0.029653 0.377638 -0.170548
v 0.029280 0.382864 -0.168006
v 0.031003 0.385946 -0.166232
v 0.030064 0.369330 -0.174798
v 0.026877 0.363949 -0.177823
v 0.023574 0.383518 -0.168484
v 0.019589 0.380838 -0.171055
v 0.062155 0.353778 -0.169416
v 0.067252 0.354483 -0.169250
v 0.075608 0.350877 -0.166387
v 0.069405 0.362893 -0.164928
v 0.070689 0.364942 -0.162471
v 0.036805 0.348554 -0.180753
v 0.036765 0.340736 -0.183329
v 0.017099 0.383176 -0.170405
v 0.011785 0.386662 -0.168014
v 0.027460 0.401868 -0.156623
v 0.029439 0.406948 -0.151637
v 0.015501 0.396491 -0.159822
v 0.017541 0.407204 -0.153258
v 0.014738 0.367144 -0.177890
v 0.018140 0.369925 -0.176284
v 0.007100 0.365081 -0.179209
v 0.008138 0.362860 -0.179541
v 0.013309 0.370957 -0.176024
v 0.010018 0.372388 -0.175871
v -0.001148 0.376084 -0.174402
v 0.003564 0.376166 -0.173801
v 0.026222 0.344719 -0.184193
v 0.027919 0.347601 -0.183131
v 0.008353 0.388848 -0.166907
v 0.005565 0.390685 -0.165426
v 0.011873 0.397330 -0.162359
v 0.013830 0.398407 -0.161491
v 0.047129 0.340226 -0.180892
v 0.050379 0.343169 -0.179186
v 0.003697 0.384880 -0.170109
v -0.004033 0.386658 -0.169198
v -0.003998 0.374947 -0.175108
v -0.002335 0.376070 -0.174608
v 0.034671 0.336766 -0.184778
v 0.035567 0.338734 -0.183350
v 0.004801 0.401262 -0.160073
v 0.010781 0.404763 -0.157126
v 0.051103 0.401799 -0.150366
v 0.054128 0.401986 -0.148099
v 0.000488 0.391550 -0.166418
v -0.001560 0.391278 -0.166260
v 0.025680 0.415047 -0.147345
v 0.030857 0.416541 -0.144646
v 0.018894 0.416920 -0.146914
v 0.022711 0.415614 -0.147655
v 0.025431 0.415328 -0.147433
v 0.023369 0.412433 -0.149814
v 0.062118 0.400417 -0.146988
v 0.059750 0.398230 -0.149219
v 0.065784 0.388824 -0.152241
v 0.061110 0.393479 -0.151490
v 0.067066 0.384872 -0.154570
v 0.072708 0.383621 -0.152953
v 0.071970 0.375506 -0.157751
v 0.068629 0.375455 -0.159319
v 0.040923 0.414733 -0.143962
v 0.048587 0.414725 -0.140943
v 0.072565 0.364602 -0.162517
v 0.074970 0.361832 -0.162134
v 0.063334 0.403562 -0.143033
v 0.072772 0.396777 -0.142425
v 0.027326 0.419548 -0.137900
v 0.014496 0.425307 -0.137780
v 0.060955 0.339845 -0.175611
v 0.055957 0.336268 -0.178090
v 0.082692 0.366508 -0.154516
v 0.080300 0.367364 -0.158316
v 0.081221 0.362911 -0.158949
v 0.088462 0.364872 -0.151496
v 0.056709 0.412534 -0.139074
v 0.053480 0.410604 -0.141777
v 0.071857 0.347942 -0.169163
v 0.077500 0.344479 -0.167500
v 0.079361 0.379635 -0.151338
v 0.081785 0.378052 -0.150941
v 0.063768 0.332551 -0.176550
v 0.067770 0.325161 -0.176653
v 0.065655 0.408555 -0.137443
v 0.058782 0.411370 -0.139797
v 0.069044 0.407691 -0.134540
v 0.088394 0.356757 -0.156972
v 0.086175 0.353678 -0.158900
v 0.080734 0.346649 -0.165236
v 0.079076 0.347147 -0.166060
v 0.047844 0.328997 -0.182852
v 0.052503 0.326378 -0.181841
v 0.070057 0.338453 -0.173063
v 0.070821 0.332964 -0.172827
v 0.045313 0.418787 -0.136406
v 0.047629 0.416916 -0.139186
v 0.078370 0.396795 -0.140510
v 0.080190 0.397780 -0.137576
v 0.082650 0.331999 -0.168229
v 0.079889 0.334239 -0.169488
v 0.089933 0.383054 -0.142008
v 0.092386 0.387088 -0.148071
v 0.094001 0.369754 -0.147455
v 0.095384 0.376567 -0.141972
v 0.036393 0.422345 -0.140335
v 0.038869 0.422408 -0.137672
v 0.068297 0.323591 -0.177543
v 0.072834 0.324571 -0.174946
v 0.068777 0.415291 -0.129201
v 0.066638 0.411675 -0.134256
v 0.085608 0.335873 -0.164890
v 0.089373 0.335138 -0.163412
v 0.091151 0.330561 -0.163589
v 0.095080 0.322983 -0.161737
v 0.091282 0.332530 -0.162581
v 0.089075 0.334324 -0.163683
v 0.095466 0.379552 -0.140015
v 0.097386 0.384239 -0.135989
v 0.095408 0.339646 -0.158506
v 0.096665 0.336713 -0.159079
v 0.070447 0.316424 -0.176091
v 0.079485 0.320641 -0.172062
v 0.080373 0.317043 -0.172120
v 0.085064 0.319811 -0.169284
v 0.082361 0.309237 -0.167663
v 0.081496 0.306794 -0.172604
v 0.079776 0.303913 -0.173986
v 0.065519 0.312770 -0.179514
v 0.059221 0.307886 -0.182202
v 0.093827 0.396477 -0.132385
v 0.090596 0.399827 -0.128149
v 0.101453 0.317169 -0.158703
v 0.101472 0.309314 -0.159672
v 0.106144 0.336740 -0.150909
v 0.109528 0.334168 -0.148100
v 0.109114 0.340018 -0.147544
v 0.111277 0.326121 -0.149103
v 0.109887 0.344932 -0.144961
v 0.104243 0.359366 -0.145164
v 0.108107 0.357805 -0.138663
v 0.088632 0.403628 -0.125002
v 0.084306 0.405031 -0.127613
v 0.095020 0.394043 -0.130158
v 0.098013 0.389860 -0.129567
v 0.103612 0.376390 -0.134537
v 0.105062 0.373997 -0.134916
v 0.043114 0.425300 -0.131979
v 0.046210 0.423320 -0.133277
v 0.104397 0.371521 -0.136489
v 0.105207 0.373660 -0.135245
v 0.059062 0.421818 -0.128291
v 0.057154 0.424105 -0.126974
v 0.080115 0.413689 -0.122595
v 0.082032 0.408304 -0.127348
v 0.100964 0.402155 -0.115139
v 0.103178 0.398314 -0.117283
v 0.094451 0.407748 -0.116966
v 0.090849 0.408816 -0.119252
v 0.104087 0.378594 -0.132240
v 0.109820 0.377120 -0.127549
v 0.076227 0.415590 -0.123859
v 0.079535 0.415034 -0.121917
v 0.075176 0.419018 -0.119842
v 0.073111 0.420906 -0.120371
v 0.070813 0.416060 -0.128048
v 0.073712 0.418627 -0.124214
v 0.103635 0.396980 -0.117967
v 0.105512 0.394783 -0.117867
v 0.037416 0.428689 -0.127957
v 0.032626 0.429918 -0.131025
v 0.112330 0.362449 -0.133151
v 0.112362 0.354362 -0.138335
v 0.093380 0.308661 -0.166653
v 0.097407 0.302206 -0.163150
v 0.106674 0.319703 -0.153252
v 0.109240 0.313345 -0.152885
v 0.111338 0.383353 -0.120824
v 0.110891 0.379732 -0.124372
v 0.072542 0.424889 -0.115473
v 0.076460 0.421420 -0.117203
v 0.113343 0.322938 -0.147841
v 0.115243 0.323425 -0.146202
v 0.116472 0.365208 -0.128200
v 0.117832 0.365942 -0.125822
v 0.042582 0.431068 -0.125350
v 0.041761 0.433864 -0.122827
v 0.066374 0.427992 -0.116592
v 0.064283 0.426856 -0.119497
v 0.032058 0.430939 -0.130143
v 0.028898 0.431677 -0.132295
v 0.006737 0.416000 -0.148140
v 0.009869 0.417200 -0.147881
v 0.059489 0.432382 -0.117196
v 0.055983 0.432515 -0.117778
v 0.097912 0.298823 -0.163552
v 0.102603 0.294195 -0.162623
v 0.004862 0.421998 -0.143168
v 0.005853 0.425649 -0.140127
v 0.031896 0.436029 -0.123626
v 0.029131 0.435901 -0.124430
v 0.007436 0.430236 -0.135352
v 0.005492 0.429816 -0.135920
v 0.006627 0.428469 -0.137324
v 0.004843 0.428168 -0.138119
v 0.039590 0.439328 -0.116343
v 0.041420 0.439903 -0.114540
v 0.090693 0.283025 -0.172334
v 0.092665 0.285157 -0.166480
v 0.090988 0.280180 -0.166187
v 0.094651 0.271874 -0.161877
v 0.092252 0.267489 -0.164455
v 0.092564 0.270952 -0.165416
v 0.112210 0.268086 -0.150147
v 0.112991 0.272566 -0.150087
v 0.000797 0.412631 -0.151889
v -0.004364 0.411213 -0.152982
v -0.001200 0.286923 0.150886
v -0.000265 0.284422 0.150653
v 0.003395 0.374799 -0.175153
v 0.004668 0.377200 -0.173991
v 0.053099 0.238844 0.139541
v 0.033469 0.236627 0.155725
v 0.032003 0.238037 0.156468
v 0.030234 0.262943 0.151668
v 0.046393 0.242592 0.139951
v 0.047917 0.246491 0.137355
v 0.035959 0.253883 0.135453
v 0.070183 0.240514 0.138903
v 0.080062 0.242451 0.153884
v 0.044066 0.239713 0.144386
v 0.087962 0.267780 0.140364
v 0.093051 0.250906 0.150426
v 0.054260 0.321460 0.138498
v 0.053233 0.320047 0.135191
v 0.075907 0.319326 0.146629
v 0.077595 0.318808 0.147648
v 0.033476 0.298976 0.154840
v 0.052330 0.319046 0.133378
v 0.057071 0.318849 0.137811
v 0.052601 0.318011 0.133546
v 0.086112 0.299394 0.142145
v 0.066969 0.325108 0.154786
v 0.063165 0.318081 0.134571
v 0.057257 0.318680 0.135999
v 0.053081 0.338202 0.153397
v 0.078678 0.333605 0.143339
v 0.088608 0.320929 0.146217
v 0.091429 0.318904 0.143038
v 0.025814 0.331603 0.154174
v 0.026476 -0.298153 0.093739
v 0.015194 -0.414817 0.104675
v 0.025615 -0.298372 0.094070
v 0.022081 -0.295377 0.095076
v 0.021657 -0.229010 0.095088
v 0.021601 -0.295624 0.096534
v 0.026520 -0.297633 0.095351
v 0.025852 0.051225 0.043021
v 0.032924 0.095887 0.049548
v 0.022315 0.033817 0.044785
v 0.022376 0.034575 0.044260
v 0.023123 0.055860 0.042007
v 0.023005 0.057251 0.038226
v 0.018882 0.420586 -0.143898
v 0.021053 0.418922 -0.145083
v 0.020913 -0.229357 0.094367
v 0.029256 -0.230992 0.093872
v 0.023735 -0.108631 0.079787
v 0.062860 -0.190159 0.083854
v 0.055717 -0.138714 0.080984
v 0.059666 -0.200809 0.091744
v 0.059150 -0.237871 0.092470
v 0.055703 -0.362539 0.085150
v 0.059760 -0.290950 0.092377
v 0.058629 -0.293389 0.091978
v 0.058642 -0.197046 0.092195
v 0.040599 -0.117773 0.080888
v 0.061164 -0.192710 0.079804
v 0.061411 -0.192684 0.082052
v 0.022106 0.032173 0.051932
v 0.025581 0.031742 0.046045
v 0.020468 0.032502 0.050086
v 0.046237 0.055440 0.032957
v 0.055985 0.129793 0.031700
v 0.049695 0.020757 0.028387
v 0.037840 0.026865 0.044420
v 0.043672 0.021931 0.044241
v 0.039037 0.023874 0.045283
v 0.025619 0.053823 0.043443
v 0.063147 0.063050 0.042567
v 0.022365 0.053562 0.043197
v 0.040495 -0.192032 0.088213
v 0.061155 -0.189002 0.092058
v 0.035668 -0.196478 0.088164
v 0.031426 -0.196495 0.092634
v 0.041540 -0.193410 0.091669
v 0.040552 -0.193900 0.086369
v 0.035542 -0.198879 0.089138
v 0.041966 -0.194382 0.091685
v 0.040601 -0.193784 0.085566
v 0.029084 0.031531 0.044504
v 0.027317 0.028870 0.050958
v 0.046697 -0.354565 0.096559
v 0.043327 -0.280467 0.095057
v 0.027499 -0.236027 0.092208
v 0.036191 -0.252387 0.097059
v 0.037154 -0.252948 0.097887
v 0.037272 -0.261355 0.096156
v 0.036311 -0.253108 0.098008
v 0.036853 -0.246995 0.098198
v 0.041065 -0.267946 0.096186
v 0.039023 -0.277653 0.093931
v 0.034665 0.032707 0.049413
v 0.036322 0.027977 0.051588
v 0.034959 0.025647 0.049586
v 0.035313 0.121655 0.037365
v 0.033426 0.121361 0.037007
v 0.037821 0.024127 0.051101
v 0.037881 0.026468 0.044861
v 0.036751 0.340423 -0.183452
v 0.032197 0.342396 -0.183857
v 0.041764 0.019783 0.050752
v 0.042090 0.021307 0.045627
v 0.046853 0.019892 0.044750
v 0.039574 0.023781 0.045977
v 0.051282 0.016228 0.045103
v 0.041471 0.248833 0.136435
v 0.038506 0.250882 0.135821
v 0.039253 -0.024479 0.053530
v 0.039749 -0.024748 0.054425
v 0.038799 0.024467 0.044738
v 0.041089 0.023547 0.044542
v 0.039593 0.022960 0.046366
v 0.041639 0.021521 0.046639
v 0.100353 0.447595 -0.002687
v 0.098313 0.448626 -0.004612
v 0.122223 0.405112 -0.079748
v 0.123752 0.404293 -0.077459
v 0.129952 0.449588 0.090677
v 0.129437 0.448320 0.085171
v 0.147619 0.401216 0.005215
v 0.147226 0.401678 0.004963
v 0.148400 0.401153 0.007989
v 0.182171 0.411101 0.149054
v 0.183601 0.409257 0.147862
v 0.142651 0.424919 0.054416
v 0.137529 0.424165 0.034109
v 0.135167 0.421504 0.017979
v 0.126648 0.432595 0.026649
v 0.134129 0.419104 0.006600
v 0.124358 0.430788 0.009356
v 0.150555 0.411492 0.043626
v 0.147671 0.408102 0.026639
v 0.150648 0.401617 0.027293
v 0.157521 0.407293 0.056247
v 0.121981 0.438029 0.034293
v 0.115821 0.439776 0.021561
v 0.109959 0.445804 0.020416
v 0.121378 0.430802 0.006596
v 0.105189 0.444572 0.001671
v 0.113144 0.439086 0.003930
v 0.113567 0.437550 -0.000165
v 0.102215 0.453717 0.026688
v 0.114813 0.450656 0.051997
v 0.112313 0.450739 0.047238
v 0.109616 0.450172 0.036441
v 0.107679 0.447392 0.019661
v 0.089377 0.463372 0.037450
v 0.085261 0.465331 0.036398
v 0.109074 0.452509 0.042558
v 0.072184 0.472539 0.052460
v 0.063272 0.472691 0.026969
v 0.071816 0.471148 0.036017
v 0.083594 0.471417 0.062143
v 0.094370 0.468529 0.072734
v 0.082039 0.472526 0.063543
v 0.073200 0.469568 0.030712
v 0.092345 0.474132 0.093702
v 0.094276 0.470701 0.081918
v 0.102292 0.467821 0.088328
v 0.102757 0.465189 0.077459
v 0.104742 0.460182 0.061414
v 0.104998 0.461098 0.065280
v 0.096468 0.464809 0.060253
v 0.069830 0.478752 0.074162
v 0.078225 0.479487 0.092848
v 0.081234 0.477105 0.085656
v 0.085666 0.477019 0.097893
v 0.090006 0.478455 0.110378
v 0.092682 0.476261 0.104513
v 0.095269 0.473640 0.098367
v 0.094668 0.476743 0.110502
v 0.099679 0.470683 0.095163
v 0.102639 0.469951 0.097055
v 0.108038 0.465309 0.099633
v 0.101061 0.473954 0.112956
v 0.119779 0.457761 0.090831
v 0.113016 0.458566 0.076892
v 0.119220 0.454780 0.078196
v 0.094298 0.469021 0.074890
v 0.076203 0.466519 0.021784
v 0.092864 0.458960 0.026133
v 0.089313 0.462872 0.034933
v 0.091912 0.456270 0.012973
v 0.081346 0.457054 -0.002365
v 0.095342 0.459821 0.036851
v 0.084997 0.464159 0.030206
v 0.077240 0.464121 0.007578
v 0.081561 0.461549 0.009791
v 0.069803 0.468869 0.019967
v 0.094331 0.454641 0.011649
v 0.101635 0.449566 0.010323
v 0.086984 0.451465 -0.025263
v 0.077514 0.457347 -0.018858
v 0.071465 0.463556 -0.006110
v 0.102835 0.442114 -0.017206
v 0.092331 0.447969 -0.027676
v 0.091903 0.446919 -0.032847
v 0.095382 0.441488 -0.046230
v 0.085062 0.447698 -0.050758
v 0.105692 0.432335 -0.050433
v 0.092828 0.438497 -0.063737
v 0.074902 0.450208 -0.062833
v 0.072675 0.453814 -0.051976
v 0.078911 0.441936 -0.075422
v 0.105880 0.442866 -0.007507
v 0.108875 0.436814 -0.011677
v 0.107102 0.443065 -0.001109
v 0.080595 0.455347 -0.026037
v 0.119018 0.432606 0.000327
v 0.118406 0.427370 -0.023125
v 0.125454 0.419682 -0.025741
v 0.114158 0.436718 -0.002403
v 0.125956 0.423287 -0.008046
v 0.131419 0.419809 -0.004969
v 0.137922 0.407438 -0.000446
v 0.061089 0.466293 -0.015000
v 0.106080 0.436365 -0.032114
v 0.113707 0.426896 -0.041835
v 0.114912 0.430496 -0.023646
v 0.117080 0.426003 -0.035272
v 0.118951 0.426284 -0.027009
v 0.118800 0.422483 -0.041045
v 0.123034 0.418258 -0.039644
v 0.129829 0.413039 -0.031878
v 0.125694 0.416488 -0.032486
v 0.126258 0.414582 -0.041672
v 0.070970 0.463533 -0.007458
v 0.068106 0.465839 0.000399
v 0.058203 0.469765 0.000119
v 0.058800 0.467006 -0.014852
v 0.102247 0.437088 -0.042930
v 0.107523 0.433387 -0.039155
v 0.111196 0.427966 -0.049565
v 0.078343 0.452556 -0.045880
v 0.079717 0.455679 -0.026874
v 0.065350 0.457648 -0.049587
v 0.074148 0.458105 -0.028002
v 0.075498 0.453701 -0.047815
v 0.049456 0.456675 -0.072329
v 0.071895 0.450750 -0.065000
v 0.054563 0.457914 -0.067265
v 0.080971 0.461248 0.006271
v 0.105304 0.456495 0.053943
v 0.068402 0.476069 0.055946
v 0.113571 0.466955 0.112090
v 0.118836 0.463294 0.110918
v 0.116505 0.462581 0.099856
v 0.136636 0.444289 0.094488
v 0.130081 0.448694 0.088132
v 0.121143 0.452534 0.076218
v 0.120258 0.454560 0.083558
v 0.120971 0.455198 0.085981
v 0.121956 0.445826 0.065454
v 0.108171 0.472414 0.123457
v 0.116675 0.467314 0.121794
v 0.108146 0.473629 0.129849
v 0.145522 0.430289 0.079641
v 0.123860 0.444393 0.056293
v 0.121954 0.444583 0.051420
v 0.153556 0.429884 0.094370
v 0.155310 0.422733 0.083273
v 0.131301 0.444650 0.079172
v 0.097375 0.479605 0.130405
v 0.106290 0.447761 0.015880
v 0.105402 0.461235 0.067846
v 0.082239 0.472026 0.062234
v 0.057375 0.465074 -0.020305
v 0.114343 0.454528 0.065367
v 0.105355 0.459402 0.059742
v 0.130057 0.447746 0.085523
v 0.101691 0.432802 -0.062091
v 0.083209 0.484853 0.130045
v 0.078405 0.484297 0.118741
v 0.072075 0.483691 0.106238
v 0.075123 0.486011 0.126220
v 0.097167 0.480806 0.141704
v 0.111370 0.452114 0.048694
v 0.142906 0.399324 -0.018159
v 0.093173 0.445266 -0.038166
v 0.130440 0.436156 0.051406
v 0.129499 0.442681 0.067562
v 0.135482 0.437211 0.067358
v 0.136462 0.432692 0.057618
v 0.127175 0.460749 0.135241
v 0.127785 0.461753 0.142400
v 0.129331 0.462331 0.153445
v 0.135199 0.459634 0.153879
v 0.127684 0.459354 0.126724
v 0.097271 0.449538 -0.003953
v 0.119492 0.456578 0.085803
v 0.142882 0.401567 -0.011785
v 0.145560 0.392626 -0.030886
v 0.068046 0.477092 0.060407
v 0.140365 0.450805 0.135056
v 0.132853 0.452769 0.110510
v 0.147701 0.439245 0.109828
v 0.147487 0.443127 0.123304
v 0.144884 0.448312 0.134118
v 0.143417 0.451050 0.141764
v 0.161541 0.437198 0.154304
v 0.159129 0.436255 0.144323
v 0.153540 0.436621 0.133342
v 0.153897 0.437914 0.126546
v 0.148984 0.441864 0.123559
v 0.154782 0.443982 0.167990
v 0.151316 0.446142 0.155286
v 0.166897 0.424391 0.125042
v 0.160357 0.431046 0.123464
v 0.163872 0.425753 0.119047
v 0.139690 0.456218 0.157659
v 0.153270 0.436144 0.120403
v 0.140573 0.456755 0.167819
v 0.141123 0.456630 0.171017
v 0.143852 0.455081 0.178134
v 0.156697 0.444182 0.176423
v 0.157954 0.444123 0.188685
v 0.142756 0.455186 0.171413
v 0.137306 0.460025 0.172558
v 0.129619 0.467236 0.181231
v 0.136703 0.460860 0.177380
v 0.165542 0.429358 0.144285
v 0.128209 0.467892 0.171854
v 0.123386 0.470660 0.171392
v 0.140865 0.453945 0.147857
v 0.159733 0.430474 0.119525
v 0.165831 0.428934 0.168156
v 0.177926 0.419371 0.155620
v 0.178199 0.415528 0.145832
v 0.191525 0.401621 0.155795
v 0.184157 0.408626 0.146488
v 0.170766 0.425980 0.149662
v 0.169766 0.428578 0.155383
v 0.188762 0.405749 0.177287
v 0.188788 0.403778 0.149771
v 0.137008 0.457248 0.149140
v 0.161771 0.428882 0.188177
v 0.126133 0.460106 0.116258
v 0.159702 0.441517 0.190399
v 0.196758 0.398327 0.175576
v 0.193035 0.399969 0.158408
v 0.196005 0.401822 0.190657
v 0.158966 0.425946 0.107886
v 0.163838 0.425098 0.116871
v 0.153072 0.417404 0.103748
v 0.154034 0.429176 0.097988
v 0.180507 0.399134 0.109882
v 0.137018 0.404974 -0.024599
v 0.131239 0.417747 -0.006983
v 0.172175 0.400171 0.084345
v 0.173864 0.403454 0.095247
v 0.171668 0.411956 0.105915
v 0.159126 0.421019 0.090695
v 0.120487 0.443480 0.043992
v 0.197100 0.390533 0.156533
v 0.198019 0.385650 0.140294
v 0.185955 0.394693 0.133590
v 0.182835 0.413961 0.190439
v 0.179582 0.413859 0.188622
v 0.180078 0.417825 0.191381
v 0.174714 0.426667 0.183851
v 0.183504 0.414893 0.169415
v 0.153020 0.433454 0.108778
v 0.066339 0.446090 -0.086828
v 0.050638 0.451813 -0.085038
v 0.045563 0.449084 -0.096899
v 0.043766 0.445986 -0.102234
v 0.056896 0.442726 -0.094743
v 0.074112 0.440107 -0.088818
v 0.092335 0.463744 0.049754
v 0.130997 0.415730 -0.017257
v 0.055365 0.463052 -0.035912
v 0.060435 0.460116 -0.049323
v 0.051033 0.462217 -0.054254
v 0.095050 0.458312 0.028812
v 0.069605 0.448013 -0.075769
v 0.154523 0.397078 0.025275
v 0.155803 0.394763 0.017721
v 0.139344 0.412401 0.005358
v 0.135903 0.419293 0.014390
v 0.137933 0.412445 -0.000012
v 0.160044 0.410827 0.083200
v 0.164524 0.396759 0.052534
v 0.172390 0.396633 0.077892
v 0.132968 0.463817 0.173321
v 0.173006 0.428595 0.182219
v 0.165668 0.431978 0.154547
v 0.104476 0.461759 0.066997
v 0.189662 0.401479 0.146612
v 0.173116 0.419703 0.138332
v 0.177491 0.407798 0.118790
v 0.170792 0.419312 0.125867
v 0.169232 0.422849 0.130458
v 0.130595 0.453975 0.108278
v 0.129225 0.466837 0.166700
v 0.090878 0.464391 0.045499
v 0.128392 0.444082 0.068604
v 0.151103 0.394132 0.004984
v 0.147262 0.401660 0.005001
v 0.130253 0.404241 -0.054123
v 0.127100 0.411681 -0.046368
v 0.205915 0.371898 0.145714
v 0.200544 0.379181 0.140972
v 0.202849 0.371128 0.135693
v 0.204199 0.382018 0.161939
v 0.203568 0.369235 0.171551
v 0.202875 0.385210 0.177077
v 0.199038 0.395708 0.180046
v 0.201219 0.389559 0.188729
v 0.195303 0.396857 0.188683
v 0.207305 0.380958 0.180479
v 0.206666 0.381619 0.190912
v 0.198704 0.394805 0.174101
v 0.050900 0.459865 -0.063053
v 0.157289 0.420951 0.085404
v 0.085870 0.485576 0.140725
v 0.135107 0.390165 -0.061887
v 0.100335 0.474066 0.137138
v 0.061167 0.472225 0.020942
v 0.077674 0.487403 0.132455
v 0.081134 0.487607 0.143920
v 0.077162 0.491050 0.161458
v 0.086510 0.489776 0.168162
v 0.086829 0.488900 0.176605
v 0.144111 0.450234 0.188933
v 0.099378 0.482075 0.153059
v 0.112499 0.475033 0.158873
v 0.098520 0.480231 0.183944
v 0.112786 0.476582 0.181904
v 0.122574 0.464428 0.189108
v 0.113274 0.478644 0.184912
v 0.118009 0.474129 0.178863
v 0.112598 0.457710 0.073151
v 0.116048 0.453834 0.067717
v 0.122947 0.468644 0.158750
v 0.115133 0.474561 0.167110
v 0.112409 0.475968 0.167433
v 0.124301 0.469047 0.167554
v 0.119321 0.468691 0.141738
v 0.113879 0.473554 0.151650
v 0.110113 0.475444 0.147401
v 0.105738 0.477606 0.143517
v 0.114089 0.473925 0.156635
v 0.119958 0.468489 0.138942
v 0.121988 0.471063 0.170263
v 0.119899 0.472305 0.170522
v 0.109944 0.426779 -0.058339
v 0.094785 0.483519 0.152577
v 0.120752 0.472072 0.176530
v 0.098556 0.484351 0.173985
v 0.108850 0.477144 0.159994
v 0.160365 0.441676 0.182187
v 0.101266 0.437896 -0.044122
v 0.140133 0.389907 -0.051615
v 0.099727 0.474339 0.112143
v 0.105172 0.478001 0.140837
v 0.106876 0.475650 0.135859
v 0.107323 0.426414 -0.065137
v 0.075435 0.436141 -0.097061
v 0.053122 0.428507 -0.106504
v 0.062088 0.438623 -0.103667
v 0.110360 0.422765 -0.067819
v 0.112415 0.417908 -0.077931
v 0.119938 0.415620 -0.061581
v 0.124970 0.427236 0.001089
v 0.123673 0.435954 0.026887
v 0.126464 0.426741 0.004320
v 0.122881 0.412934 -0.057058
v 0.127468 0.407297 -0.059029
v 0.124514 0.402196 -0.076781
v 0.120984 0.414251 -0.062432
v 0.128287 0.403767 -0.065351
v 0.067304 0.477876 0.063213
v 0.097020 0.430454 -0.080069
v 0.104223 0.425259 -0.077788
v 0.103659 0.404166 -0.101350
v 0.082436 0.413894 -0.108158
v 0.098491 0.411979 -0.107005
v 0.093414 0.415494 -0.107284
v 0.114099 0.391446 -0.109269
v 0.116294 0.385632 -0.112805
v 0.097918 0.425233 -0.088113
v 0.124816 0.389388 -0.089413
v 0.090670 0.447403 -0.035635
v 0.101128 0.432562 -0.064774
v 0.096994 0.416046 -0.104074
v 0.100124 0.412841 -0.103913
v 0.110360 0.417843 -0.080817
v 0.082276 0.487972 0.189472
v 0.079175 0.427963 -0.099908
v 0.084392 0.434988 -0.087850
v 0.155688 0.421218 0.080252
v 0.079117 0.437884 -0.085099
v 0.081301 0.426774 -0.105189
v 0.118893 0.411031 -0.075785
v 0.147226 0.401678 0.004963
v 0.117693 0.399566 -0.097108
v 0.119022 0.401050 -0.091556
v 0.098313 0.448626 -0.004612
v 0.125054 0.470783 0.180079
v 0.061287 0.439472 -0.103519
v 0.167054 0.431299 0.151725
v 0.128194 0.469124 0.182573
v 0.169835 0.429004 0.158126
v 0.122803 0.441406 0.044476
v 0.123960 0.443599 0.054372
v 0.123734 0.444492 0.056396
v 0.128500 0.441014 0.057777
v 0.128780 0.442632 0.064988
v 0.127816 0.444219 0.067299
v 0.131246 0.441659 0.069564
v 0.129524 0.444895 0.074606
v 0.138321 0.435291 0.071126
v 0.141498 0.432868 0.071634
v 0.133200 0.436873 0.062803
v 0.130743 0.437770 0.056633
v 0.136514 0.431024 0.051350
v 0.133728 0.433303 0.049948
v 0.142219 0.422023 0.044619
v 0.142244 0.419548 0.038523
v 0.141310 0.427673 0.056656
v 0.145178 0.422495 0.053502
v 0.142624 0.424005 0.049753
v 0.143201 0.426096 0.059357
v 0.137935 0.431310 0.056819
v 0.146786 0.420633 0.053120
v 0.135707 0.442771 0.085675
v 0.134417 0.445308 0.089990
v 0.135276 0.447437 0.102029
v 0.135139 0.450316 0.109220
v 0.129087 0.446043 0.078431
v 0.131195 0.446811 0.086503
v 0.148400 0.441295 0.120476
v 0.154010 0.438280 0.126534
v 0.149073 0.443070 0.128243
v 0.148746 0.442379 0.124290
v 0.141247 0.448165 0.129413
v 0.145064 0.446932 0.134298
v 0.151918 0.440707 0.137348
v 0.151054 0.441875 0.133543
v 0.157407 0.434076 0.126047
v 0.158578 0.434682 0.129222
v 0.151451 0.437047 0.115720
v 0.148153 0.440297 0.115764
v 0.147471 0.433207 0.094862
v 0.153430 0.433318 0.099406
v 0.152411 0.432663 0.102841
v 0.153628 0.433556 0.108499
v 0.144501 0.441218 0.108178
v 0.128059 0.455303 0.109813
v 0.128388 0.456869 0.113767
v 0.129642 0.433785 0.037510
v 0.129467 0.432342 0.033034
v 0.137300 0.420789 0.019773
v 0.144031 0.412595 0.023261
v 0.136059 0.419429 0.014346
v 0.134499 0.421306 0.011567
v 0.149924 0.416567 0.053371
v 0.155547 0.411344 0.058190
v 0.157099 0.405144 0.046170
v 0.152534 0.407696 0.041715
v 0.159028 0.405208 0.054345
v 0.161462 0.400605 0.050146
v 0.160774 0.398485 0.044835
v 0.162942 0.397724 0.050636
v 0.151484 0.403303 0.026623
v 0.148757 0.409320 0.029670
v 0.155570 0.399806 0.029820
v 0.157153 0.395668 0.027580
v 0.149179 0.394913 -0.004174
v 0.149169 0.396330 -0.000892
v 0.155127 0.394327 0.015650
v 0.154499 0.392605 0.011306
v 0.119507 0.446189 0.050820
v 0.114342 0.451550 0.053262
v 0.111931 0.451219 0.048257
v 0.114492 0.451096 0.053350
v 0.111966 0.451659 0.048435
v 0.108926 0.452866 0.045035
v 0.115567 0.451493 0.057734
v 0.117711 0.450473 0.059581
v 0.118861 0.450500 0.062360
v 0.116452 0.453411 0.065085
v 0.119200 0.456554 0.077186
v 0.115196 0.456146 0.074310
v 0.114170 0.456042 0.069882
v 0.114130 0.454844 0.067690
v 0.108275 0.451050 0.037115
v 0.106754 0.451245 0.033178
v 0.110510 0.446132 0.023033
v 0.107617 0.447622 0.019868
v 0.105221 0.442174 -0.001760
v 0.103350 0.444414 0.001847
v 0.108976 0.440775 -0.001793
v 0.106952 0.442705 -0.001304
v 0.114401 0.436785 -0.000528
v 0.117461 0.434704 0.001721
v 0.112164 0.435358 -0.016164
v 0.113959 0.430566 -0.022933
v 0.105008 0.438245 -0.023070
v 0.106485 0.437732 -0.020492
v 0.109859 0.432508 -0.035772
v 0.104945 0.436533 -0.033861
v 0.103753 0.433637 -0.049304
v 0.102550 0.435776 -0.044439
v 0.100498 0.433568 -0.062542
v 0.094904 0.437990 -0.061579
v 0.104253 0.429281 -0.064459
v 0.101706 0.431664 -0.063258
v 0.107125 0.433607 -0.040475
v 0.110734 0.428266 -0.049743
v 0.109932 0.427115 -0.057115
v 0.111615 0.426042 -0.054518
v 0.117594 0.427787 -0.025534
v 0.118116 0.427990 -0.022549
v 0.114053 0.436639 -0.002481
v 0.112230 0.438227 -0.001689
v 0.113432 0.438702 0.004527
v 0.117395 0.435125 0.002884
v 0.124774 0.433821 0.021247
v 0.123385 0.436358 0.025636
v 0.107616 0.446094 0.012443
v 0.103514 0.448406 0.006156
v 0.106281 0.447655 0.016275
v 0.108614 0.446395 0.018714
v 0.120609 0.443540 0.040731
v 0.117215 0.443807 0.035353
v 0.124488 0.436398 0.031290
v 0.125741 0.434543 0.028424
v 0.150815 0.424678 0.079444
v 0.146242 0.428180 0.074855
v 0.124139 0.430333 0.008940
v 0.124531 0.429070 0.006028
v 0.122210 0.432788 0.010485
v 0.124376 0.430723 0.009848
v 0.122274 0.428572 0.003020
v 0.117830 0.432563 0.001571
v 0.131758 0.421303 0.004997
v 0.126953 0.425677 0.004902
v 0.120345 0.430082 -0.005526
v 0.124976 0.427174 0.000464
v 0.136607 0.415446 0.007183
v 0.137036 0.413105 -0.001407
v 0.135313 0.415040 -0.003854
v 0.140454 0.410836 0.004776
v 0.143116 0.406155 0.000865
v 0.143308 0.404250 -0.001809
v 0.134162 0.415189 -0.005857
v 0.131483 0.418723 -0.004633
v 0.154955 0.427072 0.094857
v 0.155884 0.425092 0.092081
v 0.160623 0.431212 0.123766
v 0.158025 0.432940 0.120690
v 0.160333 0.430488 0.121816
v 0.162608 0.425779 0.116913
v 0.121060 0.422791 -0.025235
v 0.118421 0.425973 -0.027198
v 0.128495 0.419725 -0.012674
v 0.128295 0.417823 -0.016575
v 0.130989 0.418755 -0.008798
v 0.130227 0.420507 -0.005660
v 0.123836 0.419145 -0.034373
v 0.123167 0.420545 -0.031555
v 0.123766 0.417989 -0.038592
v 0.125420 0.415987 -0.038759
v 0.128747 0.414477 -0.030722
v 0.127897 0.416061 -0.027166
v 0.132876 0.413170 -0.016914
v 0.134873 0.411465 -0.015257
v 0.126446 0.414659 -0.041959
v 0.124158 0.424438 -0.043441
v 0.111658 0.422798 -0.065122
v 0.108649 0.426291 -0.063408
v 0.105177 0.425968 -0.074536
v 0.108355 0.423226 -0.071306
v 0.119592 0.415995 -0.057520
v 0.121234 0.414848 -0.062216
v 0.116757 0.424483 -0.041499
v 0.117031 0.425953 -0.035259
v 0.120308 0.414547 -0.063273
v 0.118430 0.414074 -0.069835
v 0.123791 0.414522 -0.062518
v 0.123155 0.410412 -0.065721
v 0.159156 0.427366 0.109221
v 0.160489 0.422663 0.102995
v 0.157381 0.421727 0.085516
v 0.156706 0.423716 0.083171
v 0.157732 0.423327 0.089812
v 0.157499 0.415614 0.070004
v 0.151747 0.420007 0.066467
v 0.152256 0.419386 0.066078
v 0.163507 0.415103 0.089333
v 0.161373 0.417532 0.089414
v 0.165803 0.417295 0.103002
v 0.167277 0.413273 0.097605
v 0.172102 0.407200 0.100373
v 0.170065 0.410911 0.101269
v 0.178253 0.404163 0.115984
v 0.175884 0.407764 0.111644
v 0.176111 0.412801 0.125987
v 0.177555 0.410747 0.127657
v 0.170697 0.419556 0.125052
v 0.168620 0.422811 0.126132
v 0.169163 0.423447 0.130047
v 0.165051 0.428606 0.130357
v 0.165980 0.423026 0.118299
v 0.166647 0.423717 0.123312
v 0.165181 0.404428 0.074407
v 0.169176 0.403194 0.078997
v 0.169155 0.401219 0.083635
v 0.170835 0.420980 0.132002
v 0.171401 0.422998 0.139252
v 0.160547 0.435009 0.140121
v 0.162006 0.432579 0.136551
v 0.127090 0.406621 -0.061832
v 0.128234 0.406203 -0.058968
v 0.128423 0.406999 -0.054423
v 0.131895 0.402870 -0.052131
v 0.128846 0.413551 -0.045282
v 0.132943 0.411810 -0.043518
v 0.109799 0.419951 -0.077070
v 0.110554 0.417875 -0.081059
v 0.112123 0.416911 -0.078829
v 0.118994 0.411292 -0.075291
v 0.179186 0.415073 0.144737
v 0.180846 0.406767 0.146611
v 0.188438 0.404992 0.147048
v 0.188628 0.404224 0.149816
v 0.119442 0.408201 -0.076862
v 0.120961 0.405121 -0.081047
v 0.122848 0.400917 -0.078613
v 0.185715 0.410500 0.162180
v 0.185957 0.409996 0.168476
v 0.186904 0.411970 0.183508
v 0.184093 0.415806 0.175341
v 0.136673 0.404897 -0.030118
v 0.145216 0.396219 -0.018629
v 0.143135 0.400477 -0.012666
v 0.189879 0.400415 0.158964
v 0.191708 0.404155 0.164259
v 0.188728 0.402930 0.149976
v 0.188584 0.398682 0.149720
v 0.142016 0.402325 -0.013579
v 0.140470 0.404188 -0.014619
v 0.146718 0.399546 -0.001779
v 0.148956 0.398083 0.003310
v 0.170136 0.426621 0.148513
v 0.166627 0.432151 0.149922
v 0.174500 0.422411 0.156110
v 0.170467 0.427781 0.155759
v 0.172098 0.430143 0.178456
v 0.171767 0.430492 0.184653
v 0.170616 0.431652 0.187257
v 0.173960 0.427419 0.182049
v 0.175871 0.424779 0.182205
v 0.169320 0.429068 0.156364
v 0.166946 0.431481 0.153245
v 0.173029 0.426079 0.165523
v 0.172092 0.426500 0.161202
v 0.177404 0.420769 0.164645
v 0.157330 0.432309 0.153940
v 0.160772 0.436889 0.149405
v 0.160974 0.436805 0.141528
v 0.167877 0.432850 0.163193
v 0.162190 0.436503 0.158558
v 0.131141 0.460042 0.138152
v 0.133099 0.459397 0.141136
v 0.155371 0.445201 0.174046
v 0.163279 0.438921 0.175732
v 0.150871 0.445970 0.151680
v 0.151309 0.446134 0.155287
v 0.139941 0.455204 0.153111
v 0.142449 0.453790 0.153791
v 0.136416 0.458160 0.152436
v 0.143874 0.449059 0.134265
v 0.143587 0.449721 0.136458
v 0.139898 0.452178 0.137819
v 0.133901 0.458111 0.135500
v 0.139339 0.454617 0.144725
v 0.139663 0.453614 0.139080
v 0.134913 0.461491 0.174630
v 0.137065 0.460212 0.172158
v 0.141149 0.456636 0.171645
v 0.137954 0.459431 0.173027
v 0.137927 0.460883 0.179574
v 0.140737 0.458340 0.179317
v 0.144592 0.454530 0.179046
v 0.148021 0.451971 0.186780
v 0.161069 0.441164 0.183341
v 0.161874 0.440118 0.178772
v 0.141104 0.456910 0.169328
v 0.144884 0.453772 0.170321
v 0.135177 0.459162 0.153749
v 0.133756 0.461308 0.155600
v 0.104585 0.442484 -0.011345
v 0.102441 0.444984 -0.005639
v 0.128910 0.402359 -0.067568
v 0.131480 0.400002 -0.071471
v 0.112330 0.414336 -0.084227
v 0.115307 0.410642 -0.085937
v 0.130819 0.465539 0.158433
v 0.128473 0.469679 0.154513
v 0.122903 0.453569 0.082608
v 0.120405 0.454646 0.077902
v 0.127480 0.464584 0.171243
v 0.128580 0.467152 0.167854
v 0.127699 0.468687 0.183505
v 0.126827 0.462848 0.184529
v 0.124848 0.462158 0.121291
v 0.125586 0.460357 0.116535
v 0.121414 0.454340 0.083468
v 0.119373 0.456025 0.084194
v 0.120151 0.456095 0.085989
v 0.120664 0.456657 0.089666
v 0.099636 0.439852 -0.043103
v 0.101807 0.438097 -0.043036
v 0.093865 0.445424 -0.034261
v 0.091149 0.446412 -0.036285
v 0.091421 0.450937 -0.013700
v 0.097010 0.448884 -0.003779
v 0.091562 0.452410 -0.005503
v 0.093684 0.451069 -0.002840
v 0.084236 0.456362 -0.007489
v 0.081712 0.459442 -0.001759
v 0.073184 0.462944 -0.004294
v 0.072998 0.463936 -0.000834
v 0.071383 0.463758 -0.007061
v 0.071420 0.462463 -0.011687
v 0.074456 0.460887 -0.012872
v 0.078416 0.457121 -0.020271
v 0.078248 0.455519 -0.024888
v 0.084472 0.454415 -0.016455
v 0.081043 0.456367 -0.019295
v 0.091424 0.447893 -0.027509
v 0.092751 0.448495 -0.024021
v 0.089541 0.448883 -0.031923
v 0.089335 0.448264 -0.035540
v 0.085137 0.451542 -0.029729
v 0.080173 0.455356 -0.026587
v 0.071119 0.459961 -0.026587
v 0.064213 0.462608 -0.025562
v 0.071569 0.454950 -0.051933
v 0.074870 0.453857 -0.048283
v 0.076445 0.455193 -0.038660
v 0.075603 0.453927 -0.046364
v 0.075409 0.452794 -0.049321
v 0.078776 0.451514 -0.047425
v 0.081226 0.446784 -0.067901
v 0.078246 0.448359 -0.064262
v 0.070792 0.453974 -0.056060
v 0.072273 0.452499 -0.058738
v 0.085104 0.447766 -0.050775
v 0.091824 0.443704 -0.048294
v 0.101858 0.448568 0.015580
v 0.097948 0.453864 0.018283
v 0.118610 0.459188 0.093734
v 0.117796 0.460653 0.098286
v 0.107187 0.463736 0.082251
v 0.109321 0.461837 0.080414
v 0.105617 0.460890 0.065583
v 0.110137 0.457059 0.059271
v 0.125114 0.462355 0.124246
v 0.120085 0.465171 0.126028
v 0.093053 0.433060 -0.078403
v 0.096559 0.430710 -0.079606
v 0.160507 0.442058 0.188402
v 0.157902 0.444118 0.188671
v 0.103527 0.456963 0.042582
v 0.103392 0.458604 0.047111
v 0.096851 0.430302 -0.080129
v 0.093259 0.429142 -0.084882
v 0.128144 0.466322 0.166784
v 0.122455 0.469807 0.170101
v 0.117417 0.466556 0.120919
v 0.116484 0.466222 0.117324
v 0.116022 0.467776 0.122345
v 0.109860 0.471614 0.125292
v 0.101579 0.468800 0.090186
v 0.101590 0.469229 0.092695
v 0.101010 0.468432 0.086892
v 0.097822 0.468753 0.084429
v 0.097289 0.466243 0.072191
v 0.094853 0.468218 0.075044
v 0.104181 0.461758 0.067163
v 0.102221 0.464012 0.073100
v 0.104935 0.466766 0.087393
v 0.108873 0.465613 0.091543
v 0.105125 0.471506 0.111926
v 0.101757 0.472946 0.109230
v 0.113361 0.464214 0.100751
v 0.116634 0.462499 0.100253
v 0.102610 0.471897 0.103535
v 0.103075 0.470553 0.100083
v 0.100255 0.470292 0.093497
v 0.095717 0.473101 0.097548
v 0.095364 0.464971 0.060921
v 0.102735 0.459933 0.057024
v 0.105811 0.475185 0.135849
v 0.102757 0.476043 0.133507
v 0.106905 0.475950 0.138758
v 0.104893 0.477657 0.140731
v 0.104430 0.478584 0.143534
v 0.105786 0.477737 0.145638
v 0.128097 0.466737 0.189752
v 0.127959 0.463590 0.188659
v 0.089978 0.456805 0.006205
v 0.092448 0.456373 0.010265
v 0.112008 0.482152 0.179725
v 0.114207 0.479333 0.184732
v 0.144731 0.449085 0.188100
v 0.147434 0.451821 0.190467
v 0.128256 0.473635 0.142776
v 0.121397 0.471098 0.139294
v 0.098942 0.423771 -0.090191
v 0.100932 0.418040 -0.094417
v 0.110650 0.475787 0.153104
v 0.114071 0.476876 0.147491
v 0.180883 0.418253 0.189107
v 0.183962 0.414748 0.189941
v 0.094194 0.463784 0.051970
v 0.093361 0.462879 0.047577
v 0.121635 0.470680 0.165279
v 0.121234 0.471568 0.169574
v 0.122356 0.472416 0.179777
v 0.120363 0.472784 0.176513
v 0.122263 0.471253 0.175057
v 0.120966 0.471529 0.171333
v 0.113248 0.475844 0.183716
v 0.118986 0.473120 0.187836
v 0.116354 0.470285 0.137855
v 0.119670 0.468229 0.137107
v 0.125122 0.470700 0.180627
v 0.128049 0.469164 0.181231
v 0.113632 0.475385 0.172828
v 0.114678 0.474766 0.169643
v 0.114950 0.473515 0.155481
v 0.117061 0.472372 0.155980
v 0.113499 0.474816 0.164353
v 0.113437 0.475278 0.167294
v 0.111889 0.475473 0.157751
v 0.113844 0.474227 0.156420
v 0.082592 0.461521 0.011388
v 0.082927 0.460769 0.007790
v 0.080609 0.461177 0.006200
v 0.078493 0.462216 0.007907
v 0.076910 0.463060 0.004809
v 0.068861 0.465834 0.002873
v 0.069639 0.464269 -0.001370
v 0.102716 0.478468 0.136697
v 0.096100 0.478441 0.133483
v 0.088755 0.464601 0.048092
v 0.090455 0.463932 0.045387
v 0.081352 0.440282 -0.081288
v 0.083586 0.437721 -0.083083
v 0.066222 0.452943 -0.067707
v 0.068693 0.451276 -0.068327
v 0.074499 0.445243 -0.076033
v 0.073067 0.449262 -0.067939
v 0.089936 0.462414 0.035619
v 0.096745 0.458470 0.033985
v 0.083494 0.433134 -0.093990
v 0.083279 0.435987 -0.088229
v 0.136119 0.402750 -0.034870
v 0.140606 0.396044 -0.036384
v 0.188419 0.399947 0.133585
v 0.189227 0.399680 0.137027
v 0.138283 0.395355 -0.047649
v 0.135077 0.403162 -0.042557
v 0.167884 0.396844 0.064556
v 0.170677 0.394107 0.067341
v 0.166219 0.393383 0.051987
v 0.164338 0.396096 0.051144
v 0.079416 0.441065 -0.080982
v 0.075545 0.442152 -0.083236
v 0.073026 0.441842 -0.087782
v 0.067763 0.445323 -0.082870
v 0.193063 0.400067 0.156755
v 0.197473 0.392837 0.151818
v 0.090315 0.471988 0.078072
v 0.093965 0.469655 0.077235
v 0.095554 0.475492 0.111959
v 0.098182 0.474758 0.114704
v 0.103804 0.481000 0.170867
v 0.099493 0.483269 0.172522
v 0.179431 0.398740 0.099210
v 0.177402 0.400556 0.099819
v 0.200534 0.385932 0.151455
v 0.200945 0.383677 0.146313
v 0.200089 0.380674 0.143394
v 0.200563 0.371613 0.143280
v 0.206693 0.371601 0.168863
v 0.210727 0.377802 0.176227
v 0.204364 0.380140 0.156250
v 0.206528 0.376130 0.151792
v 0.198756 0.394028 0.173840
v 0.197529 0.394514 0.170731
v 0.202301 0.386708 0.168691
v 0.198966 0.392585 0.168007
v 0.199099 0.394082 0.174168
v 0.199565 0.394107 0.179717
v 0.208321 0.385573 0.187050
v 0.203872 0.387598 0.188722
v 0.205235 0.384607 0.180751
v 0.207319 0.381223 0.179017
v 0.122178 0.395154 -0.093112
v 0.123889 0.392296 -0.095185
v 0.196737 0.400510 0.179335
v 0.199868 0.396668 0.180412
v 0.103117 0.411611 -0.100377
v 0.100561 0.410183 -0.106538
v 0.115975 0.399451 -0.098617
v 0.115184 0.397991 -0.101847
v 0.172245 0.431978 0.188931
v 0.169841 0.430168 0.190349
v 0.078178 0.465075 0.019181
v 0.076089 0.465816 0.020822
v 0.074987 0.436539 -0.095555
v 0.076519 0.437408 -0.091674
v 0.091229 0.477531 0.108191
v 0.092930 0.476389 0.106052
v 0.089107 0.478899 0.110159
v 0.085923 0.481057 0.108206
v 0.082195 0.477553 0.090339
v 0.080206 0.478109 0.087915
v 0.080610 0.477229 0.084410
v 0.080044 0.480454 0.101260
v 0.078007 0.481813 0.103328
v 0.092477 0.474098 0.095612
v 0.089286 0.475299 0.094318
v 0.079547 0.473500 0.060682
v 0.083586 0.471407 0.059743
v 0.082220 0.472013 0.062315
v 0.083497 0.471897 0.064111
v 0.080372 0.486229 0.131025
v 0.080307 0.484320 0.121431
v 0.083614 0.485146 0.133219
v 0.087281 0.484160 0.133926
v 0.058765 0.467325 -0.014506
v 0.061207 0.466813 -0.012528
v 0.059232 0.466600 -0.015664
v 0.061999 0.464649 -0.020727
v 0.060725 0.461862 -0.040270
v 0.062165 0.461843 -0.037104
v 0.074203 0.433545 -0.101963
v 0.074063 0.435252 -0.099099
v 0.053441 0.459487 -0.062367
v 0.055999 0.457478 -0.064555
v 0.052502 0.458608 -0.067127
v 0.051206 0.458410 -0.069308
v 0.060949 0.459094 -0.053422
v 0.060645 0.457720 -0.059369
v 0.078203 0.425948 -0.105000
v 0.073024 0.433328 -0.105115
v 0.096962 0.416209 -0.103944
v 0.092814 0.417990 -0.103941
v 0.083907 0.423600 -0.108766
v 0.087709 0.425555 -0.104144
v 0.098421 0.415398 -0.104166
v 0.097385 0.414176 -0.107285
v 0.061943 0.444474 -0.090121
v 0.054908 0.451470 -0.085140
v 0.049824 0.450891 -0.090015
v 0.099107 0.481391 0.153132
v 0.097132 0.481729 0.150193
v 0.051523 0.455849 -0.076815
v 0.050908 0.456967 -0.074226
v 0.067745 0.477661 0.062688
v 0.071072 0.475088 0.058399
v 0.124155 0.389374 -0.098167
v 0.125600 0.387973 -0.097237
v 0.084301 0.422743 -0.108249
v 0.083507 0.420456 -0.111456
v 0.085768 0.485580 0.140663
v 0.091244 0.483967 0.142095
v 0.082099 0.487362 0.143702
v 0.082601 0.487453 0.146829
v 0.095232 0.483805 0.154045
v 0.094253 0.483997 0.152196
v 0.085757 0.487286 0.156690
v 0.088718 0.486244 0.156443
v 0.083377 0.489505 0.171242
v 0.084458 0.489426 0.175044
v 0.086947 0.490425 0.174698
v 0.089380 0.488217 0.177413
v 0.157570 0.444160 0.189791
v 0.159948 0.441862 0.191281
v 0.061478 0.439799 -0.102128
v 0.058635 0.441833 -0.101034
v 0.052308 0.443992 -0.101530
v 0.055416 0.443340 -0.101250
v 0.061141 0.439516 -0.103606
v 0.060595 0.438218 -0.105484
v 0.192562 0.397366 0.186747
v 0.195652 0.401639 0.190412
v 0.058927 0.435130 -0.112126
v 0.056254 0.436910 -0.111291
v 0.046618 0.442124 -0.108530
v 0.043319 0.443819 -0.107456
v 0.064988 0.470388 0.023423
v 0.061423 0.472038 0.020485
v 0.073415 0.469148 0.029103
v 0.074399 0.467739 0.024159
v 0.072957 0.470146 0.033056
v 0.076007 0.470531 0.041494
v 0.085005 0.465015 0.035169
v 0.082916 0.466400 0.035702
v 0.093269 0.458556 0.028238
v 0.091479 0.460179 0.029396
v 0.095845 0.457523 0.027779
v 0.095811 0.456421 0.024299
v 0.095995 0.454708 0.014674
v 0.094875 0.454554 0.011585
v 0.088902 0.462847 0.034919
v 0.086823 0.463787 0.037374
v 0.044719 0.451147 -0.093607
v 0.042477 0.452249 -0.092725
v 0.055719 -0.361601 0.097078
v 0.063772 -0.363294 0.091511
v 0.063738 -0.360732 0.084700
v 0.064096 -0.362431 0.095770
v 0.064254 -0.362121 0.097215
v 0.075208 -0.104571 0.072852
v 0.046222 -0.084228 0.071824
v 0.048748 -0.028670 0.053100
v 0.046911 -0.027877 0.052096
v 0.048370 0.020051 0.051019
v 0.053618 0.015025 0.048807
v 0.047907 0.018374 0.051695
v 0.048236 0.016732 0.051911
v 0.121619 0.397640 0.039598
v 0.124283 0.397447 0.041849
v 0.138078 0.428751 0.101981
v 0.138444 0.429597 0.104479
v 0.151913 0.388646 0.065519
v 0.150780 0.390683 0.065835
v 0.182238 0.402628 0.181055
v 0.182633 0.402681 0.184681
v 0.082913 0.469266 0.144042
v 0.082131 0.481599 0.190997
v 0.080066 0.482373 0.190973
v 0.077256 0.483201 0.190411
v 0.170419 0.393088 0.112870
v 0.133914 0.389391 0.038457
v 0.116254 0.399036 0.035234
v 0.186084 0.390660 0.157627
v 0.182768 0.402985 0.191227
v 0.187615 0.397184 0.192036
v 0.153741 0.384614 0.064558
v 0.146212 0.378074 0.052445
v 0.118112 0.396108 0.035224
v 0.058237 0.013000 0.050803
v 0.052324 0.013934 0.045213
v 0.048694 0.015637 0.044506
v 0.050322 -0.032663 0.052950
v 0.050663 -0.033561 0.053240
v 0.051073 -0.034220 0.052689
v 0.058856 -0.036697 0.053177
v 0.060056 -0.037749 0.053269
v 0.059173 -0.036938 0.053664
v 0.059181 -0.036764 0.053410
v 0.060178 -0.037520 0.053036
v 0.071108 -0.448523 0.092740
v 0.082783 -0.497933 0.092942
v 0.061028 -0.498355 0.094346
v 0.065343 -0.444494 0.094044
v 0.059258 -0.499241 0.094547
v 0.066061 -0.362043 0.093854
v 0.082683 -0.447366 0.085898
v 0.080761 -0.497977 0.089108
v 0.078745 -0.407205 0.078419
v 0.089981 -0.443154 0.082013
v 0.071295 -0.442538 0.085149
v 0.083470 -0.441916 0.081437
v 0.085142 -0.439602 0.081511
v 0.082305 -0.197020 0.082125
v 0.074414 -0.442247 0.090887
v 0.071386 -0.363334 0.091593
v 0.089874 -0.473748 0.073358
v 0.084852 -0.448147 0.084306
v 0.084510 -0.447457 0.084056
v 0.063663 -0.364645 0.094167
v 0.060989 -0.445571 0.095051
v 0.064431 -0.361767 0.093780
v 0.058377 -0.496586 0.094540
v 0.064413 -0.361120 0.092919
v 0.099561 -0.498967 0.072023
v 0.098442 -0.447173 0.070478
v 0.060660 -0.228687 0.083022
v 0.060994 -0.192818 0.083690
v 0.061315 -0.359182 0.084129
v 0.063310 0.000325 0.050669
v 0.056214 0.008746 0.045960
v 0.077354 0.222239 0.102338
v 0.163603 0.282407 0.047197
v 0.109346 0.188998 0.031000
v 0.111946 0.191786 0.031068
v 0.076229 0.229055 0.135843
v 0.075381 0.227942 0.137859
v 0.077879 0.235672 0.155086
v 0.076086 0.235081 0.155440
v 0.078371 0.236358 0.155132
v 0.077727 0.234982 0.154474
v 0.065823 0.000900 0.045287
v 0.065487 -0.001846 0.051950
v 0.068567 -0.045400 0.054314
v 0.061056 -0.040138 0.053194
v 0.087497 -0.152796 0.067680
v 0.091101 -0.300616 0.063290
v 0.090988 -0.335032 0.063595
v 0.089616 -0.422316 0.074918
v 0.091848 -0.335025 0.063948
v 0.072377 -0.095674 0.066490
v 0.085223 -0.094818 0.068947
v 0.062956 -0.093304 0.067568
v 0.082130 -0.094303 0.056554
v 0.092440 -0.089894 0.052995
v 0.091193 -0.089497 0.052469
v 0.065839 0.161036 0.037638
v 0.063058 0.159178 0.037660
v 0.069580 -0.450709 0.089607
v 0.076267 -0.448207 0.081231
v 0.084141 0.400434 0.106184
v 0.087129 0.398967 0.106119
v 0.087566 0.324706 0.139608
v 0.087994 0.323629 0.141629
v 0.109550 0.349644 0.120926
v 0.111664 0.349117 0.119008
v 0.118326 0.380949 0.075905
v 0.116064 0.383864 0.076673
v 0.121901 0.334223 0.109026
v 0.123390 0.336803 0.106729
v 0.131148 0.365840 0.041970
v 0.132185 0.363482 0.042055
v 0.140929 0.316699 0.069377
v 0.140910 0.313531 0.071919
v 0.071683 0.407326 0.096949
v 0.077126 0.401107 0.104910
v 0.080774 0.399614 0.112159
v 0.091575 0.396333 0.104585
v 0.095388 0.382014 0.113115
v 0.092010 0.386142 0.123123
v 0.110585 0.368982 0.115773
v 0.112188 0.379270 0.102478
v 0.114764 0.371037 0.084264
v 0.091147 0.384514 0.124707
v 0.081746 0.370520 0.127018
v 0.104448 0.389710 0.097420
v 0.095376 0.391581 0.102032
v 0.077590 0.399103 0.116244
v 0.074603 0.412068 0.080306
v 0.084279 0.410963 0.065279
v 0.087905 0.407514 0.069422
v 0.101107 0.398462 0.073984
v 0.098595 0.393491 0.089039
v 0.084698 0.401167 0.099562
v 0.087318 0.402646 0.091021
v 0.085151 0.399811 0.106364
v 0.086407 0.404372 0.085160
v 0.093582 0.406260 0.061115
v 0.100239 0.400934 0.051729
v 0.105615 0.394864 0.068031
v 0.106212 0.394021 0.075980
v 0.113261 0.393281 0.049671
v 0.091212 0.413562 0.034089
v 0.077174 0.414094 0.054060
v 0.086154 0.410996 0.063579
v 0.080976 0.424346 0.038469
v 0.108657 0.399084 0.042528
v 0.091986 0.407204 0.060872
v 0.111496 0.389610 0.071285
v 0.119827 0.380098 0.073989
v 0.123779 0.372615 0.071141
v 0.134522 0.360481 0.031456
v 0.126696 0.374395 0.043903
v 0.117614 0.381253 0.058582
v 0.108762 0.396578 0.042952
v 0.113603 0.397086 0.035790
v 0.116877 0.393398 0.036998
v 0.107634 0.403911 0.037477
v 0.114488 0.391595 0.059588
v 0.124829 0.370717 0.061290
v 0.126222 0.368318 0.072204
v 0.131171 0.358975 0.066066
v 0.133148 0.357363 0.054573
v 0.134846 0.349730 0.062115
v 0.111200 0.380515 0.101427
v 0.109994 0.364437 0.106622
v 0.128591 0.349905 0.087515
v 0.132506 0.346726 0.072831
v 0.095207 0.349943 0.131646
v 0.129803 0.345447 0.091796
v 0.132587 0.351838 0.069681
v 0.137156 0.344805 0.056636
v 0.141921 0.324667 0.050956
v 0.138109 0.343973 0.045176
v 0.136353 0.348029 0.054374
v 0.129594 0.367789 0.047206
v 0.134174 0.358579 0.041919
v 0.129250 0.339448 0.088565
v 0.119682 0.346984 0.099967
v 0.107922 0.363191 0.117057
v 0.146968 0.334156 0.033881
v 0.145959 0.330788 0.032723
v 0.111673 0.348451 0.117672
v 0.127390 0.331151 0.097723
v 0.113833 0.313522 0.115967
v 0.115750 0.298662 0.116960
v 0.111381 0.305293 0.118206
v 0.095567 0.319743 0.133617
v 0.102413 0.303660 0.126164
v 0.101793 0.299348 0.141399
v 0.104287 0.299015 0.125679
v 0.120607 0.290101 0.132083
v 0.109378 0.323922 0.118919
v 0.102669 0.326948 0.125138
v 0.109671 0.344461 0.121038
v 0.101298 0.349477 0.123808
v 0.096591 0.348967 0.130675
v 0.089874 0.339263 0.135592
v 0.100329 0.324941 0.125930
v 0.114049 0.333940 0.115787
v 0.114368 0.295457 0.118601
v 0.123957 0.320353 0.104648
v 0.127754 0.291823 0.097578
v 0.116880 0.332548 0.108274
v 0.127325 0.286905 0.104884
v 0.089412 0.325752 0.132723
v 0.141364 0.288224 0.060027
v 0.139755 0.319297 0.072214
v 0.140337 0.326154 0.062617
v 0.142314 0.312166 0.061832
v 0.141860 0.321097 0.056239
v 0.144684 0.316219 0.046188
v 0.146308 0.298920 0.047133
v 0.146253 0.302451 0.045011
v 0.149719 0.313435 0.030650
v 0.153550 0.291045 0.036849
v 0.132786 0.326193 0.081645
v 0.129329 0.322272 0.099364
v 0.079897 0.388330 0.118932
v 0.142946 0.328228 0.044600
v 0.084891 0.335004 0.140411
v 0.085603 0.316755 0.146506
v 0.095427 0.286385 0.139755
v 0.084081 0.325101 0.152936
v 0.080873 0.328529 0.153200
v 0.109550 0.349644 0.120926
v 0.118825 0.284648 0.112816
v 0.146792 0.326553 0.031393
v 0.145451 0.329149 0.031000
v 0.102943 0.296536 0.144120
v 0.078267 0.336699 0.143801
v 0.145571 0.318286 0.037649
v 0.120218 0.373578 0.088787
v 0.123057 0.368245 0.083192
v 0.111448 0.374977 0.088652
v 0.122797 0.371699 0.081495
v 0.124182 0.370803 0.074251
v 0.126439 0.369364 0.067622
v 0.125435 0.370386 0.069653
v 0.126448 0.361945 0.074745
v 0.125611 0.366596 0.071720
v 0.118519 0.380740 0.070126
v 0.114069 0.386065 0.069106
v 0.116956 0.382578 0.077124
v 0.118118 0.381250 0.075997
v 0.122425 0.357899 0.096185
v 0.122290 0.364458 0.097594
v 0.127300 0.356828 0.089570
v 0.127850 0.346110 0.089254
v 0.131704 0.340897 0.090860
v 0.134025 0.337190 0.086502
v 0.130358 0.359022 0.074718
v 0.132565 0.357655 0.068121
v 0.133671 0.351612 0.063702
v 0.139570 0.351119 0.068675
v 0.124257 0.375266 0.058528
v 0.128179 0.370644 0.053211
v 0.139239 0.346531 0.083093
v 0.134881 0.342009 0.076302
v 0.134818 0.340229 0.071620
v 0.131857 0.360533 0.051959
v 0.133460 0.355687 0.054240
v 0.135652 0.348799 0.058638
v 0.136415 0.346567 0.058226
v 0.130603 0.365471 0.047437
v 0.130956 0.365351 0.042255
v 0.125837 0.373994 0.045966
v 0.125924 0.373874 0.049060
v 0.135677 0.362838 0.037186
v 0.135178 0.357220 0.038997
v 0.133641 0.367317 0.040445
v 0.134426 0.356352 0.043925
v 0.136936 0.360867 0.033413
v 0.138387 0.357494 0.032177
v 0.128826 0.370672 0.038446
v 0.126638 0.373379 0.041117
v 0.136538 0.349933 0.046634
v 0.134488 0.356166 0.048785
v 0.113386 0.388029 0.060671
v 0.116041 0.386585 0.053946
v 0.113061 0.390165 0.045537
v 0.119568 0.391519 0.037978
v 0.115902 0.392563 0.036134
v 0.107803 0.390975 0.067909
v 0.105774 0.390716 0.083628
v 0.138261 0.344216 0.049862
v 0.137958 0.343189 0.053898
v 0.143743 0.329923 0.045062
v 0.141600 0.330475 0.049299
v 0.138486 0.328427 0.071972
v 0.139200 0.324781 0.069271
v 0.136369 0.322654 0.080201
v 0.142019 0.327423 0.058346
v 0.143152 0.321227 0.057177
v 0.126415 0.345125 0.094544
v 0.123400 0.342939 0.100412
v 0.144557 0.333094 0.036451
v 0.147187 0.327706 0.031371
v 0.143360 0.319438 0.054475
v 0.144805 0.316551 0.046585
v 0.132596 0.329327 0.096132
v 0.135048 0.325629 0.097172
v 0.145645 0.323829 0.032674
v 0.146719 0.318135 0.035495
v 0.141196 0.313808 0.070207
v 0.140947 0.313785 0.071136
v 0.125598 0.329767 0.101377
v 0.128174 0.318046 0.100161
v 0.145549 0.318711 0.041634
v 0.145053 0.316026 0.045432
v 0.137449 0.303485 0.087716
v 0.136748 0.310582 0.087740
v 0.119955 0.338796 0.107202
v 0.122485 0.345988 0.109406
v 0.117115 0.355462 0.111875
v 0.139726 0.349186 0.031686
v 0.141231 0.344343 0.031582
v 0.145983 0.300556 0.048977
v 0.146342 0.302476 0.045140
v 0.118250 0.334846 0.115982
v 0.112462 0.346465 0.118115
v 0.118034 0.327286 0.114551
v 0.118235 0.324316 0.113140
v 0.124275 0.306726 0.107643
v 0.126255 0.301318 0.106458
v 0.127566 0.293561 0.106243
v 0.117121 0.293026 0.115951
v 0.144775 0.293330 0.045266
v 0.146586 0.288782 0.040550
v 0.107517 0.395677 0.061305
v 0.109911 0.392991 0.057157
v 0.111274 0.368616 0.114232
v 0.113623 0.365365 0.114071
v 0.110717 0.379788 0.101931
v 0.107733 0.381016 0.106037
v 0.108587 0.399583 0.039007
v 0.112569 0.395587 0.040070
v 0.109267 0.392464 0.089827
v 0.106070 0.388871 0.096537
v 0.107793 0.397780 0.043643
v 0.104449 0.400508 0.048054
v 0.101871 0.406480 0.037732
v 0.105850 0.402239 0.036025
v 0.108625 0.363453 0.118812
v 0.104370 0.368471 0.118854
v 0.096416 0.374334 0.126505
v 0.112473 0.330580 0.119254
v 0.109559 0.330908 0.121072
v 0.108301 0.393175 0.098510
v 0.100884 0.392594 0.097107
v 0.113153 0.313955 0.116701
v 0.110614 0.311425 0.120340
v 0.110231 0.346153 0.120571
v 0.110489 0.349007 0.120114
v 0.109780 0.346237 0.121241
v 0.103936 0.354408 0.129241
v 0.102460 0.398752 0.069795
v 0.103379 0.398667 0.064895
v 0.101434 0.333269 0.126336
v 0.103039 0.337942 0.125022
v 0.095755 0.394088 0.100800
v 0.092657 0.396028 0.104585
v 0.097280 0.392055 0.113056
v 0.086692 0.403018 0.083728
v 0.089369 0.400679 0.090021
v 0.100504 0.401886 0.057999
v 0.092569 0.407988 0.058063
v 0.090120 0.400720 0.049035
v 0.101782 0.325600 0.126116
v 0.102931 0.322508 0.126366
v 0.097017 0.381837 0.119564
v 0.091346 0.384167 0.123024
v 0.104921 0.303951 0.127641
v 0.097602 0.309753 0.130777
v 0.108695 0.299398 0.128304
v 0.101932 0.303549 0.125489
v 0.097965 0.322287 0.128022
v 0.095888 0.319720 0.128555
v 0.116203 0.295735 0.117307
v 0.116936 0.298543 0.116505
v 0.114368 0.295457 0.118601
v 0.113492 0.298604 0.118865
v 0.096649 0.348975 0.130158
v 0.097009 0.351709 0.129527
v 0.093492 0.344224 0.131040
v 0.094486 0.348582 0.131082
v 0.089877 0.397444 0.102023
v 0.086896 0.398860 0.106256
v 0.084794 0.404294 0.087046
v 0.082318 0.406119 0.086607
v 0.089480 0.391873 0.123511
v 0.091253 0.387308 0.125020
v 0.092327 0.406127 0.063383
v 0.092198 0.406934 0.061205
v 0.091560 0.341346 0.133998
v 0.088479 0.347632 0.136201
v 0.081556 0.402869 0.100753
v 0.084167 0.400837 0.101665
v 0.089418 0.329552 0.136845
v 0.090657 0.327122 0.136285
v 0.087576 0.367016 0.136310
v 0.089384 0.363042 0.135529
v 0.086004 0.409662 0.068598
v 0.086181 0.409774 0.064849
v 0.083868 0.392185 0.124995
v 0.086101 0.390173 0.124648
v 0.084067 0.398312 0.115442
v 0.078263 0.398481 0.116785
v 0.079093 0.404492 0.098621
v 0.079791 0.402778 0.104483
v 0.086174 0.411429 0.063091
v 0.079652 0.412854 0.062616
v 0.088284 0.414680 0.042793
v 0.087776 0.416534 0.037324
v 0.073996 0.410687 0.071926
v 0.078749 0.412171 0.069299
v 0.075105 0.409740 0.083723
v 0.075128 0.408768 0.087803
v 0.075688 0.420931 0.043254
v 0.078883 0.418720 0.046923
v 0.105847 0.289031 0.125057
v 0.106282 0.283774 0.125465
v 0.087399 0.325715 0.136641
v 0.089661 0.323024 0.135551
v 0.100868 0.299436 0.143474
v 0.098340 0.305234 0.148334
v 0.102901 0.296956 0.142316
v 0.103466 0.294848 0.140928
v 0.089580 0.321703 0.146203
v 0.091059 0.319974 0.145693
v 0.108969 0.295744 0.138987
v 0.108777 0.287271 0.132621
v 0.069191 -0.002252 0.045549
v 0.068683 -0.003241 0.051986
v 0.072306 0.226879 0.137888
v 0.073787 0.228518 0.138153
v 0.069165 -0.048892 0.052732
v 0.067555 -0.047176 0.052228
v 0.067454 -0.045124 0.053057
v 0.068505 -0.046476 0.053390
v 0.068373 -0.004158 0.049441
v 0.082187 -0.004424 0.048917
v 0.067070 0.161116 0.037095
v 0.069450 0.163043 0.037591
v 0.066888 0.400446 -0.144606
v 0.069746 0.398602 -0.144455
v 0.071045 -0.056071 0.054104
v 0.072794 -0.056613 0.054221
v 0.077332 0.404486 0.101956
v 0.075335 0.406101 0.098521
v 0.071871 0.421719 -0.120409
v 0.076553 0.419757 -0.119120
v 0.075087 -0.091424 0.059578
v 0.076590 -0.057294 0.062531
v 0.082327 0.403267 0.099493
v 0.081746 0.402446 0.103211
v 0.079348 0.411441 0.070732
v 0.077966 0.411200 0.073712
v 0.076066 0.484269 0.191304
v 0.076640 0.483138 0.188851
v 0.082404 0.406236 0.086934
v 0.079865 0.406677 0.089430
v 0.079003 0.484197 0.191924
v 0.080363 0.482694 0.191388
v 0.080767 0.482775 0.191591
v 0.081936 0.483348 0.191928
v 0.080070 0.193550 -0.141498
v 0.081522 0.195322 -0.142604
v 0.119264 0.093498 -0.145820
v 0.122370 0.090589 -0.145818
v 0.168599 -0.290558 -0.129594
v 0.170251 -0.318368 -0.130979
v 0.170663 -0.356804 -0.131339
v 0.220848 -0.258883 -0.132509
v 0.241841 -0.304721 -0.135875
v 0.251983 -0.344708 -0.134419
v 0.262624 -0.366259 -0.150049
v 0.211262 -0.176925 -0.145699
v 0.188889 -0.206885 -0.137379
v 0.104494 0.112439 -0.146659
v 0.107676 0.104025 -0.145709
v 0.110334 0.218155 -0.145394
v 0.098073 0.221224 -0.145771
v 0.081720 0.200809 -0.146972
v 0.147555 0.052563 -0.137312
v 0.081078 0.196138 -0.145706
v 0.253000 -0.406802 -0.140175
v 0.249445 -0.438322 -0.141637
v 0.245626 -0.444515 -0.147429
v 0.233701 -0.466440 -0.143017
v 0.215587 -0.486072 -0.144758
v 0.212181 -0.497697 -0.147858
v 0.211139 -0.175589 -0.145359
v 0.264330 -0.368237 -0.149914
v 0.102119 0.222777 -0.142926
v 0.243182 -0.442888 -0.151787
v 0.242214 -0.443012 -0.151097
v 0.211360 -0.498004 -0.150679
v 0.211372 -0.498535 -0.149709
v 0.079862 0.423159 0.036562
v 0.084558 0.423862 0.040106
v 0.079881 0.482144 0.189911
v 0.081640 0.481151 0.187666
v 0.081116 -0.105889 0.067714
v 0.085821 -0.187916 0.071161
v 0.090805 -0.434532 0.079307
v 0.081220 -0.194642 0.080706
v 0.082794 -0.191657 0.078742
v 0.080177 -0.104681 0.066930
v 0.081328 -0.105115 0.067599
v 0.083149 -0.004932 0.042731
v 0.083577 0.020094 -0.140748
v 0.073322 0.062077 -0.017030
v 0.074283 0.179116 -0.117320
v 0.082581 0.136452 0.013743
v 0.085268 -0.022899 -0.143357
v 0.084209 -0.030558 0.046404
v 0.082718 -0.033865 0.045572
v 0.083175 0.137200 0.015741
v 0.084470 -0.033387 0.046093
v 0.091112 -0.018051 -0.144170
v 0.083343 -0.025021 -0.138730
v 0.083059 -0.024853 -0.137925
v 0.080389 0.051193 0.041223
v 0.082834 0.055818 0.036789
v 0.093512 -0.023901 -0.138692
v 0.090991 -0.026883 -0.145227
v 0.096961 0.140750 -0.138733
v 0.096553 0.142500 -0.141968
v 0.194190 -0.170942 -0.122390
v 0.109528 0.162243 -0.128846
v 0.096143 0.144508 -0.145647
v 0.096225 0.144438 -0.145488
v 0.086539 0.178890 -0.133971
v 0.087527 0.180801 -0.145108
v 0.121668 0.046940 -0.103271
v 0.085452 0.182028 -0.137117
v 0.083014 0.195502 -0.142653
v 0.132741 0.003571 -0.103357
v 0.133764 0.006129 -0.103450
v 0.084666 0.179723 -0.136207
v 0.086439 0.181010 -0.136244
v 0.086087 0.183722 -0.138035
v 0.089510 0.481317 0.191949
v 0.089157 0.480044 0.191641
v 0.082252 0.483776 0.189562
v 0.089138 0.480922 0.190571
v 0.090370 0.479254 0.192292
v 0.099119 0.476637 0.191346
v 0.088564 0.053922 -0.013448
v 0.091182 0.016896 -0.014474
v 0.092746 0.017269 -0.015054
v 0.088572 0.023326 0.007228
v 0.093372 0.017629 -0.015529
v 0.089079 0.078139 -0.025113
v 0.087538 0.055977 -0.026432
v 0.088317 0.055130 -0.015458
v 0.087047 0.049229 -0.031628
v 0.081834 0.071126 -0.032989
v 0.090509 0.072680 -0.033049
v 0.083582 0.075409 -0.042286
v 0.092487 0.094775 -0.037638
v 0.092928 0.094631 -0.037871
v 0.087692 -0.035236 0.045892
v 0.087694 -0.003687 0.033829
v 0.088853 0.017061 0.016773
v 0.087993 0.093220 -0.039626
v 0.085024 0.094042 -0.065957
v 0.092590 0.015610 -0.098662
v 0.085954 0.014921 -0.118404
v 0.082842 0.016416 -0.136791
v 0.092348 0.014023 -0.098803
v 0.082731 0.016041 -0.137758
v 0.089663 0.056638 -0.069046
v 0.086246 0.094556 -0.066341
v 0.089107 0.053208 -0.088012
v 0.089579 0.020874 -0.090103
v 0.094605 0.055294 -0.068611
v 0.083355 0.055553 -0.070096
v 0.083222 0.054076 -0.087928
v 0.093912 0.053950 -0.087889
v 0.083101 0.055553 -0.086454
v 0.095356 0.057192 -0.028564
v 0.093243 0.015267 -0.096429
v 0.084384 0.017838 -0.100046
v 0.096535 0.020229 -0.093551
v 0.082551 0.018162 -0.093418
v 0.091155 0.015653 -0.135738
v 0.091221 0.015077 -0.135550
v 0.087428 -0.025403 -0.136711
v 0.085571 0.014449 -0.131351
v 0.084026 -0.024550 -0.138554
v 0.091950 -0.024942 -0.138612
v 0.083478 0.017441 0.014324
v 0.083831 0.017412 0.013241
v 0.083986 -0.445913 0.084073
v 0.093492 -0.445710 0.083084
v 0.084096 -0.446793 0.083976
v 0.083808 -0.447665 0.086163
v 0.087080 -0.443358 0.062428
v 0.084181 -0.444739 0.076602
v 0.084385 0.323729 0.153897
v 0.084313 0.321380 0.154058
v 0.088549 0.250103 0.152532
v 0.085172 0.247977 0.152267
v 0.088677 0.325580 0.133789
v 0.089661 0.323024 0.135551
v 0.088831 0.406596 0.071047
v 0.084254 0.409657 0.068272
v 0.190808 -0.263375 -0.114391
v 0.194164 -0.261579 -0.113250
v 0.213676 -0.484114 -0.097109
v 0.217441 -0.479863 -0.097595
v 0.108709 0.189728 -0.113831
v 0.141686 0.014411 -0.114791
v 0.203997 -0.205948 -0.118663
v 0.152273 -0.072490 -0.103478
v 0.223681 -0.224439 -0.108111
v 0.171643 -0.153524 -0.104746
v 0.150175 -0.067066 -0.102925
v 0.219743 -0.258267 -0.116857
v 0.175952 -0.170571 -0.104125
v 0.251427 -0.324866 -0.115802
v 0.251409 -0.387376 -0.106736
v 0.247411 -0.461471 -0.094710
v 0.245565 -0.455878 -0.094851
v 0.233170 -0.464119 -0.102918
v 0.223955 -0.223375 -0.109136
v 0.246158 -0.458610 -0.095093
v 0.150033 -0.067058 -0.103985
v 0.171174 -0.153264 -0.105120
v 0.169250 -0.306733 -0.130032
v 0.175357 -0.277505 -0.123535
v 0.169367 -0.357280 -0.127254
v 0.250551 -0.445556 -0.096343
v 0.251133 -0.444791 -0.095173
v 0.234834 -0.476455 -0.095410
v 0.234558 -0.477416 -0.097628
v 0.087721 0.480210 0.191059
v 0.092468 0.474489 0.189905
v 0.091443 0.481465 0.173052
v 0.101202 0.485181 0.190003
v 0.103504 0.484193 0.190820
v 0.103453 -0.102914 0.051248
v 0.103922 -0.104121 0.048787
v 0.097272 -0.060773 0.034438
v 0.098043 -0.030273 0.012472
v 0.095836 -0.045669 0.024833
v 0.093803 -0.058403 0.036240
v 0.092923 -0.058755 0.035818
v 0.101834 -0.389138 0.051743
v 0.102571 -0.415380 0.053448
v 0.099410 -0.443873 0.054069
v 0.099706 -0.440946 0.052959
v 0.101460 -0.347858 0.052082
v 0.100824 -0.306401 0.051794
v 0.101835 -0.281697 0.051688
v 0.099060 -0.279050 0.051945
v 0.102767 -0.265855 0.052237
v 0.100981 -0.254072 0.051895
v 0.102450 -0.189768 0.052408
v 0.099627 -0.187734 0.052885
v 0.102221 -0.157054 0.052067
v 0.099905 -0.158200 0.052884
v 0.099850 -0.444893 0.053329
v 0.100200 -0.126496 0.052323
v 0.101913 -0.104699 0.051880
v 0.101842 -0.215044 0.053310
v 0.091198 -0.441656 0.063750
v 0.099779 -0.440251 0.051863
v 0.101961 -0.443723 0.053204
v 0.091896 -0.317407 0.062649
v 0.100243 -0.100690 0.045741
v 0.092191 -0.336285 0.063950
v 0.090064 -0.373811 0.062681
v 0.090657 -0.367168 0.064939
v 0.093347 -0.238355 0.065051
v 0.092261 -0.104387 0.063583
v 0.090125 -0.125240 0.061872
v 0.090763 -0.443408 0.078410
v 0.090055 -0.308799 0.064399
v 0.096673 -0.080307 0.038049
v 0.093873 -0.059517 0.033556
v 0.096559 -0.089925 0.050157
v 0.091516 -0.438764 0.064032
v 0.090182 -0.438788 0.064218
v 0.091991 -0.365196 0.063830
v 0.091275 -0.370178 0.063976
v 0.114533 -0.443037 -0.088763
v 0.114027 -0.442918 -0.046178
v 0.111819 -0.439046 -0.089784
v 0.111596 -0.440139 -0.045146
v 0.117802 -0.447881 -0.115108
v 0.112936 -0.447510 -0.142631
v 0.119839 -0.446401 -0.135637
v 0.108035 -0.445452 -0.148589
v 0.119852 -0.447393 -0.134066
v 0.107532 -0.447328 -0.153733
v 0.110172 -0.441861 -0.101131
v 0.098900 -0.433455 -0.095977
v 0.118452 -0.448751 -0.112254
v 0.115668 -0.444507 -0.113267
v 0.108801 -0.442442 -0.092525
v 0.115496 -0.451776 -0.079346
v 0.117519 -0.446103 -0.035022
v 0.111283 -0.440333 -0.041277
v 0.114650 -0.442326 0.005024
v 0.115276 -0.449559 0.019716
v 0.097110 -0.438495 0.005293
v 0.099852 -0.438021 -0.039476
v 0.103160 -0.443330 -0.094263
v 0.104743 -0.443352 -0.091707
v 0.118061 -0.447669 0.037724
v 0.117071 -0.448707 0.049097
v 0.103512 -0.444722 0.056984
v 0.093684 -0.444564 0.081596
v 0.114656 -0.444731 -0.113503
v 0.110445 -0.445926 0.057628
v 0.106989 -0.447881 0.061966
v 0.110590 -0.446903 -0.147696
v 0.112008 -0.446522 -0.147464
v 0.115147 -0.445370 -0.120846
v 0.116956 -0.445904 -0.117522
v 0.094849 -0.078452 0.052585
v 0.091923 -0.047246 0.052136
v 0.092113 -0.042701 0.051143
v 0.091442 -0.036320 0.051040
v 0.093729 -0.040960 0.034006
v 0.089670 -0.083014 0.046202
v 0.092405 -0.006363 0.034581
v 0.093387 0.023713 -0.002591
v 0.096388 -0.034161 -0.021467
v 0.093274 0.053973 -0.028006
v 0.092166 -0.013856 0.037092
v 0.096876 -0.025059 -0.047852
v 0.069837 -0.011801 -0.120014
v 0.093141 0.013980 -0.099430
v 0.097825 -0.090261 -0.101233
v 0.111723 -0.405557 -0.103900
v 0.091184 0.013414 -0.098229
v 0.095872 -0.024475 -0.028602
v 0.093164 0.054534 -0.027569
v 0.074646 0.066730 -0.050306
v 0.091866 -0.014387 0.037634
v 0.092862 0.293857 0.135449
v 0.090985 0.297346 0.134070
v 0.093940 -0.032152 -0.050806
v 0.092615 -0.027674 -0.046687
v 0.093087 -0.036830 -0.056833
v 0.104031 -0.099648 -0.086525
v 0.106667 -0.099931 -0.089066
v 0.102741 -0.100174 0.045682
v 0.106177 -0.101583 -0.087866
v 0.096149 -0.056277 -0.065826
v 0.094511 -0.031499 -0.047521
v 0.096183 -0.094778 -0.082857
v 0.098007 -0.098342 -0.082261
v 0.101455 -0.095885 -0.084264
v 0.094330 -0.054646 -0.068865
v 0.093703 -0.058131 -0.072419
v 0.092709 -0.035458 0.051660
v 0.092602 -0.035784 0.052329
v 0.095596 -0.012061 -0.098561
v 0.061432 0.017403 -0.042712
v 0.095798 0.014971 -0.098929
v 0.094176 -0.010986 -0.099882
v 0.094056 -0.018811 -0.098879
v 0.091376 -0.019910 -0.094415
v 0.093750 -0.020415 -0.055392
v 0.092711 -0.021129 -0.029803
v 0.095002 -0.017918 -0.099329
v 0.094298 -0.019745 -0.030462
v 0.094376 -0.011037 -0.098930
v 0.094772 -0.003561 -0.098497
v 0.094126 -0.016377 -0.097810
v 0.095854 -0.016944 -0.098686
v 0.115920 -0.442731 -0.138338
v 0.111417 -0.444714 -0.106654
v 0.094542 -0.192735 -0.104826
v 0.093924 -0.221921 -0.104877
v 0.093836 -0.160970 -0.105341
v 0.093587 -0.170862 -0.104390
v 0.105816 -0.094096 -0.098156
v 0.107727 -0.442639 -0.106530
v 0.096727 -0.400491 -0.109554
v 0.107205 -0.136340 -0.101633
v 0.112222 -0.443507 -0.108615
v 0.095592 -0.270912 -0.104605
v 0.094335 -0.304675 -0.104428
v 0.094660 -0.397693 -0.104838
v 0.094103 -0.426198 -0.105437
v 0.096091 -0.438463 -0.104020
v 0.094729 -0.237546 -0.103820
v 0.098288 -0.097494 -0.106966
v 0.100307 -0.097818 -0.139089
v 0.106672 -0.298475 -0.107108
v 0.106950 -0.287604 -0.145120
v 0.108111 -0.308036 -0.137789
v 0.106998 -0.317832 -0.145650
v 0.108106 -0.319167 -0.122777
v 0.108118 -0.314636 -0.137557
v 0.108176 -0.339389 -0.136764
v 0.107930 -0.333551 -0.113304
v 0.107918 -0.318206 -0.118597
v 0.108015 -0.262542 -0.114815
v 0.108066 -0.257758 -0.134927
v 0.108148 -0.266207 -0.127486
v 0.108106 -0.254703 -0.122836
v 0.106936 -0.236381 -0.125467
v 0.107793 -0.224749 -0.138106
v 0.106109 -0.223522 -0.107190
v 0.104809 -0.203437 -0.108947
v 0.108066 -0.202878 -0.118174
v 0.108071 -0.243234 -0.144960
v 0.107874 -0.249447 -0.145281
v 0.106304 -0.279279 -0.145492
v 0.108062 -0.177411 -0.119924
v 0.105855 -0.185042 -0.107803
v 0.107189 -0.207067 -0.143512
v 0.108033 -0.212106 -0.132065
v 0.104418 -0.148849 -0.109061
v 0.107990 -0.152537 -0.118732
v 0.107853 -0.146458 -0.116761
v 0.107998 -0.165107 -0.124118
v 0.107999 -0.143869 -0.124140
v 0.106415 -0.148337 -0.142557
v 0.108054 -0.122601 -0.135729
v 0.108020 -0.137662 -0.119979
v 0.102274 -0.113405 -0.110794
v 0.101308 -0.103458 -0.117301
v 0.108394 -0.127782 -0.145310
v 0.104773 -0.106816 -0.145159
v 0.107620 -0.102757 -0.136903
v 0.107021 -0.178174 -0.138093
v 0.107980 -0.142410 -0.114783
v 0.107932 -0.233822 -0.145367
v 0.107381 -0.225372 -0.107038
v 0.108017 -0.235895 -0.143975
v 0.107333 -0.365754 -0.111884
v 0.108153 -0.363350 -0.138230
v 0.111105 -0.332000 -0.147404
v 0.108144 -0.343845 -0.138715
v 0.108129 -0.375354 -0.133534
v 0.108155 -0.372647 -0.114408
v 0.108200 -0.400711 -0.132166
v 0.108346 -0.407633 -0.120080
v 0.111571 -0.424583 -0.106518
v 0.108203 -0.425371 -0.145029
v 0.108026 -0.394710 -0.135405
v 0.108470 -0.372128 -0.146482
v 0.108219 -0.427666 -0.125556
v 0.116040 -0.434614 -0.126943
v 0.108208 -0.404622 -0.140846
v 0.106099 -0.282403 -0.144490
v 0.105142 -0.247274 -0.108072
v 0.108873 -0.440732 -0.145354
v 0.107999 -0.263289 -0.113431
v 0.107728 -0.268522 -0.113441
v 0.108123 -0.256230 -0.123716
v 0.108240 -0.258846 -0.118500
v 0.108159 -0.243901 -0.121743
v 0.108082 -0.240952 -0.124451
v 0.107860 -0.221152 -0.131993
v 0.108065 -0.226521 -0.126393
v 0.108054 -0.204718 -0.132432
v 0.108045 -0.210270 -0.131928
v 0.108044 -0.213357 -0.119954
v 0.108039 -0.217773 -0.119501
v 0.107595 -0.194457 -0.110220
v 0.107188 -0.197267 -0.114513
v 0.107910 -0.176604 -0.135858
v 0.107962 -0.174072 -0.146534
v 0.108054 -0.165077 -0.127332
v 0.108071 -0.171235 -0.126504
v 0.107907 -0.178050 -0.114718
v 0.105363 -0.177585 -0.108157
v 0.107968 -0.162122 -0.120568
v 0.107991 -0.153196 -0.119167
v 0.107875 -0.147667 -0.120191
v 0.107933 -0.152198 -0.117826
v 0.107995 -0.143121 -0.117041
v 0.107994 -0.146772 -0.115779
v 0.108041 -0.134901 -0.128793
v 0.108076 -0.139103 -0.125229
v 0.104457 -0.137635 -0.108111
v 0.107921 -0.139759 -0.117861
v 0.107992 -0.106560 -0.123352
v 0.107891 -0.112875 -0.122331
v 0.108020 -0.258692 -0.129692
v 0.108030 -0.256595 -0.124607
v 0.108482 -0.296301 -0.106722
v 0.108026 -0.296903 -0.121435
v 0.108211 -0.342382 -0.136638
v 0.108221 -0.340154 -0.122432
v 0.108105 -0.321422 -0.119976
v 0.108094 -0.327130 -0.115557
v 0.103923 -0.350570 -0.108705
v 0.106693 -0.347861 -0.107197
v 0.108189 -0.370431 -0.115803
v 0.108178 -0.371175 -0.126125
v 0.108223 -0.363777 -0.113347
v 0.108150 -0.380631 -0.141727
v 0.108101 -0.392806 -0.131671
v 0.108356 -0.399896 -0.138998
v 0.108191 -0.401614 -0.133202
v 0.108110 -0.395854 -0.118634
v 0.107661 -0.401798 -0.114048
v 0.111943 -0.438142 -0.126787
v 0.108420 -0.430130 -0.119534
v 0.108215 -0.425372 -0.145025
v 0.108217 -0.429242 -0.141772
v 0.108022 -0.340860 -0.143516
v 0.108028 -0.334669 -0.144002
v 0.106194 -0.320299 -0.144944
v 0.107837 -0.314108 -0.139815
v 0.107866 -0.253906 -0.142221
v 0.107699 -0.258100 -0.139999
v 0.108234 -0.218883 -0.141636
v 0.107984 -0.215182 -0.134750
v 0.107954 -0.129748 -0.138292
v 0.107278 -0.132351 -0.139381
v 0.107315 -0.111853 -0.144765
v 0.101732 -0.114472 -0.142280
v 0.106400 -0.158135 -0.142760
v 0.107495 -0.152017 -0.143783
v 0.107948 -0.225768 -0.141108
v 0.107931 -0.234408 -0.142915
v 0.107649 -0.245410 -0.140392
v 0.107866 -0.249657 -0.142368
v 0.108038 -0.280766 -0.144540
v 0.108036 -0.279731 -0.140655
v 0.108297 -0.420556 -0.126273
v 0.108321 -0.425048 -0.129392
v 0.102415 -0.416469 -0.109603
v 0.108756 -0.423933 -0.106556
v 0.108149 -0.364432 -0.139895
v 0.108140 -0.366846 -0.135130
v 0.108063 -0.313675 -0.131916
v 0.107988 -0.308103 -0.137243
v 0.107464 -0.312054 -0.115691
v 0.107955 -0.318183 -0.118274
v 0.106782 -0.223070 -0.110750
v 0.107387 -0.225524 -0.107989
v 0.107981 -0.235500 -0.144540
v 0.107917 -0.239544 -0.145520
v 0.107805 -0.291165 -0.144688
v 0.107838 -0.295483 -0.144740
v 0.107968 -0.190296 -0.144960
v 0.107908 -0.193630 -0.145509
v 0.105966 -0.282327 -0.144537
v 0.102750 -0.287357 -0.143378
v 0.105506 -0.201712 -0.108425
v 0.105283 -0.205903 -0.108388
v 0.108688 -0.102255 -0.133706
v 0.108811 -0.102389 -0.138802
v 0.108047 -0.401095 -0.107473
v 0.107910 -0.404888 -0.106645
v 0.109008 -0.310029 -0.107184
v 0.108628 -0.315099 -0.107055
v 0.105849 -0.246726 -0.107941
v 0.106618 -0.242619 -0.107491
v 0.107837 -0.273222 -0.106953
v 0.107836 -0.270250 -0.107036
v 0.106591 -0.225372 -0.107676
v 0.106115 -0.221683 -0.107437
v 0.107684 -0.115537 -0.106505
v 0.107340 -0.113098 -0.105949
v 0.107587 -0.153798 -0.106452
v 0.107188 -0.157146 -0.106021
v 0.107567 -0.139364 -0.106440
v 0.107234 -0.136003 -0.106006
v 0.095556 -0.095003 -0.106498
v 0.093411 -0.096275 -0.138881
v 0.093998 -0.095692 -0.139876
v 0.099226 -0.096716 -0.137941
v 0.098544 -0.103275 -0.141850
v 0.106891 -0.099673 -0.105446
v 0.093321 -0.030320 -0.043543
v 0.101357 -0.030381 -0.027655
v 0.092666 -0.036045 -0.002945
v 0.100271 -0.039771 -0.019604
v 0.100413 -0.041168 -0.020563
v 0.093656 0.008790 -0.028639
v 0.085668 0.009042 -0.042132
v 0.093454 0.008232 -0.028517
v 0.096758 -0.116873 -0.087434
v 0.100781 -0.432784 -0.087270
v 0.107878 -0.442789 -0.090074
v 0.112517 -0.442468 -0.087247
v 0.098728 -0.233083 0.005377
v 0.098343 -0.433050 0.004967
v 0.094832 -0.440925 0.008299
v 0.095450 -0.440951 0.008257
v 0.095388 -0.218712 0.008027
v 0.095061 -0.220120 0.004083
v 0.099826 -0.439582 -0.039244
v 0.100803 -0.377375 -0.038403
v 0.105971 -0.372856 -0.037023
v 0.096928 -0.378687 -0.039780
v 0.107821 -0.374955 -0.041285
v 0.108235 -0.373485 -0.038539
v 0.107955 -0.374939 -0.043356
v 0.107946 -0.376074 -0.043765
v 0.107709 -0.374363 -0.038471
v 0.108235 -0.373485 -0.038539
v 0.101697 -0.441726 0.002454
v 0.097622 -0.218804 -0.000235
v 0.095918 -0.222689 0.004873
v 0.106730 -0.221839 0.004529
v 0.106325 -0.300436 -0.011036
v 0.107991 -0.442775 0.009311
v 0.113808 -0.443290 0.010727
v 0.107183 -0.219160 0.008078
v 0.095630 -0.220737 0.008039
v 0.110745 -0.401940 -0.048534
v 0.110101 -0.443380 -0.038308
v 0.112084 -0.443657 -0.033928
v 0.108267 -0.442215 -0.043501
v 0.107038 -0.407012 -0.028610
v 0.113759 -0.444023 -0.045138
v 0.113785 -0.441771 -0.045292
v 0.114546 -0.444304 -0.044888
v 0.096138 0.477293 0.190999
v 0.097268 0.475990 0.188455
v 0.099850 -0.444893 0.053329
v 0.099671 -0.443638 0.053047
v 0.099816 -0.416461 0.052131
v 0.099988 -0.441051 0.052694
v 0.099997 -0.393151 0.052466
v 0.099898 -0.397402 0.052834
v 0.100103 -0.285279 0.052178
v 0.099855 -0.291095 0.052927
v 0.100445 -0.249004 0.052330
v 0.099863 -0.262663 0.052765
v 0.100014 -0.274744 0.052398
v 0.099996 -0.209361 0.052547
v 0.100156 -0.190341 0.052359
v 0.099987 -0.185347 0.052822
v 0.100028 -0.161701 0.052488
v 0.099893 -0.126500 0.052213
v 0.100338 -0.157580 0.052665
v 0.101063 -0.058408 0.035619
v 0.078050 -0.064162 -0.009644
v 0.100576 -0.058358 0.035659
v 0.107872 0.220025 -0.141137
v 0.109904 0.217086 -0.143772
v 0.112998 0.211115 -0.145572
v 0.107288 -0.447605 0.062997
v 0.098868 -0.472839 0.042726
v 0.107705 -0.446680 0.061821
v 0.098180 -0.147184 0.040180
v 0.106043 -0.437612 0.053038
v 0.102221 -0.443622 -0.095091
v 0.100701 -0.442882 -0.095365
v 0.102176 0.093346 0.191306
v 0.100115 0.092434 0.190668
v 0.229437 0.223041 0.180670
v 0.111636 0.183990 0.112374
v 0.208600 0.254610 0.163167
v 0.208233 0.252708 0.147382
v 0.206664 0.253686 0.135059
v 0.137355 0.371587 -0.091232
v 0.136895 0.370682 -0.093236
v 0.137890 0.371951 -0.089622
v 0.139946 0.316978 -0.116455
v 0.139269 0.321884 -0.116352
v 0.141342 0.329028 -0.110908
v 0.140703 0.328044 -0.112283
v 0.150845 0.358488 -0.068340
v 0.151510 0.358293 -0.066265
v 0.158620 0.323049 -0.072576
v 0.159516 0.323952 -0.068824
v 0.165053 0.336630 -0.035095
v 0.164142 0.336400 -0.039471
v 0.164899 0.330570 -0.041073
v 0.165672 0.329584 -0.038257
v 0.170310 0.335243 -0.013257
v 0.171339 0.333098 -0.010772
v 0.170608 0.326001 -0.018846
v 0.171050 0.325418 -0.017353
v 0.175529 0.381088 0.060181
v 0.175696 0.379397 0.058101
v 0.177735 0.312191 0.002467
v 0.178883 0.308493 0.005599
v 0.186088 0.367163 0.072656
v 0.186427 0.364994 0.070921
v 0.185842 0.359626 0.062790
v 0.186591 0.356085 0.061268
v 0.190305 0.361239 0.078158
v 0.190329 0.359155 0.075845
v 0.194885 0.351507 0.081362
v 0.195773 0.350928 0.083406
v 0.201756 0.285682 0.073543
v 0.201069 0.284070 0.071511
v 0.200845 0.327899 0.079816
v 0.201414 0.327372 0.081268
v 0.203996 0.353933 0.111789
v 0.202731 0.356545 0.110306
v 0.210279 0.291350 0.101806
v 0.210754 0.293750 0.103722
v 0.210168 0.299623 0.102430
v 0.210156 0.297402 0.102055
v 0.216203 0.360185 0.182369
v 0.216572 0.358397 0.182820
v 0.219051 0.315251 0.138106
v 0.219192 0.316433 0.139071
v 0.223183 0.289587 0.160684
v 0.223482 0.287629 0.162835
v 0.222769 0.314783 0.161337
v 0.222878 0.311866 0.161641
v 0.224236 0.285792 0.168527
v 0.224274 0.288475 0.168981
v 0.225335 0.305634 0.179012
v 0.226070 0.303656 0.186001
v 0.224220 0.329754 0.189952
v 0.222937 0.331887 0.182445
v 0.223522 0.325607 0.167345
v 0.224767 0.315516 0.177288
v 0.223596 0.310430 0.168074
v 0.224039 0.304053 0.169447
v 0.222843 0.291417 0.159590
v 0.224239 0.294443 0.169903
v 0.224764 0.284874 0.172705
v 0.222845 0.294337 0.158090
v 0.223625 0.271896 0.166374
v 0.222939 0.276323 0.158657
v 0.224500 0.279979 0.170364
v 0.223267 0.270859 0.161587
v 0.224817 0.254843 0.175425
v 0.225025 0.275186 0.175812
v 0.225917 0.264646 0.186497
v 0.222503 0.301486 0.157057
v 0.225393 0.287849 0.178657
v 0.225180 0.284469 0.177709
v 0.226632 0.288685 0.189320
v 0.223827 0.261723 0.169073
v 0.223042 0.308915 0.162513
v 0.220414 0.296744 0.144628
v 0.221747 0.311123 0.188476
v 0.221070 0.265308 0.145791
v 0.222007 0.275420 0.151984
v 0.221325 0.315490 0.152519
v 0.223986 0.317410 0.170064
v 0.218898 0.321593 0.140230
v 0.222113 0.320661 0.157611
v 0.221915 0.257153 0.156229
v 0.222494 0.270958 0.155542
v 0.219502 0.276069 0.137583
v 0.218152 0.315011 0.134189
v 0.222088 0.300309 0.153742
v 0.223041 0.255298 0.161962
v 0.223291 0.324447 0.165165
v 0.219003 0.296980 0.134707
v 0.214287 0.316034 0.121890
v 0.217928 0.293441 0.128328
v 0.209444 0.306326 0.103084
v 0.205998 0.321282 0.109640
v 0.209338 0.326400 0.106560
v 0.209081 0.336129 0.111807
v 0.209067 0.300314 0.100166
v 0.214344 0.291906 0.119131
v 0.208942 0.286080 0.097001
v 0.209213 0.301559 0.099510
v 0.216705 0.281180 0.129808
v 0.204497 0.333751 0.099904
v 0.200917 0.318954 0.076558
v 0.206419 0.290392 0.088863
v 0.207019 0.296336 0.091560
v 0.202950 0.311065 0.087121
v 0.214342 0.270569 0.118638
v 0.212173 0.288549 0.106632
v 0.218810 0.271542 0.133390
v 0.202276 0.263016 0.080642
v 0.216577 0.279880 0.124853
v 0.198055 0.272870 0.065620
v 0.193741 0.268880 0.053486
v 0.185650 0.276324 0.033504
v 0.192531 0.293129 0.047330
v 0.198302 0.281464 0.066979
v 0.184496 0.297572 0.023960
v 0.194450 0.290893 0.054212
v 0.180853 0.300287 0.011046
v 0.179795 0.288667 0.007495
v 0.176185 0.294286 -0.006932
v 0.185713 0.307867 0.030513
v 0.176398 0.312932 0.000151
v 0.179531 0.287236 0.006533
v 0.180107 0.279333 0.013939
v 0.171716 0.317490 -0.016651
v 0.179279 0.319161 0.011948
v 0.184387 0.324301 0.026889
v 0.188370 0.316624 0.039349
v 0.185070 0.328258 0.034305
v 0.178327 0.334973 0.021322
v 0.184366 0.287251 0.022253
v 0.185247 0.286646 0.025751
v 0.186244 0.334037 0.040959
v 0.170481 0.332148 -0.014306
v 0.172727 0.307553 -0.017974
v 0.206462 0.281360 0.091380
v 0.192814 0.318382 0.058870
v 0.188059 0.298867 0.035154
v 0.210305 0.276530 0.104978
v 0.190013 0.308776 0.040245
v 0.200370 0.301793 0.075478
v 0.171918 0.310697 -0.019348
v 0.199520 0.318826 0.073104
v 0.188567 0.311966 0.037553
v 0.165489 0.351157 -0.013910
v 0.172426 0.339446 -0.001555
v 0.168599 0.333241 -0.018542
v 0.164134 0.349264 -0.023321
v 0.162472 0.357784 -0.020862
v 0.160370 0.355180 -0.034746
v 0.168744 0.354858 0.000811
v 0.157359 0.370950 -0.018259
v 0.167714 0.332818 -0.026099
v 0.152466 0.351450 -0.061120
v 0.161590 0.344418 -0.042072
v 0.162186 0.341242 -0.042410
v 0.151599 0.366523 -0.048750
v 0.163804 0.341484 -0.034695
v 0.159673 0.344047 -0.050656
v 0.158872 0.359922 -0.031162
v 0.160407 0.333846 -0.057647
v 0.158357 0.326568 -0.063245
v 0.151966 0.373862 -0.038080
v 0.208542 0.262446 0.129624
v 0.168321 0.329593 -0.025925
v 0.164927 0.332493 -0.033446
v 0.167684 0.320075 -0.030654
v 0.161826 0.335061 -0.046762
v 0.169424 0.306980 -0.031713
v 0.171907 0.308228 -0.021966
v 0.172943 0.283112 -0.018811
v 0.175577 0.276996 -0.006536
v 0.166512 0.298733 -0.046717
v 0.154570 0.327344 -0.083581
v 0.151044 0.309406 -0.086217
v 0.151573 0.323903 -0.092099
v 0.160102 0.297061 -0.074651
v 0.163532 0.295561 -0.059176
v 0.163574 0.285173 -0.059765
v 0.167034 0.282222 -0.037630
v 0.161041 0.277730 -0.069173
v 0.169299 0.297606 -0.038150
v 0.154448 0.355922 -0.057195
v 0.155852 0.343973 -0.066085
v 0.183762 0.336112 0.033743
v 0.163078 0.332495 -0.047850
v 0.185438 0.334748 0.038643
v 0.175113 0.351679 0.014041
v 0.172995 0.359649 0.025593
v 0.167139 0.368575 0.013930
v 0.161499 0.382009 0.025163
v 0.177265 0.365777 0.042004
v 0.172215 0.375851 0.042519
v 0.175963 0.377263 0.055526
v 0.169455 0.384267 0.046662
v 0.175709 0.385801 0.068276
v 0.176433 0.374420 0.054691
v 0.176240 0.376212 0.055544
v 0.179307 0.380542 0.072444
v 0.184263 0.375032 0.078362
v 0.186200 0.361947 0.067688
v 0.167644 0.381592 0.036069
v 0.177758 0.354254 0.031811
v 0.183794 0.361256 0.059123
v 0.180447 0.358123 0.044550
v 0.184903 0.385686 0.098619
v 0.171555 0.395302 0.074410
v 0.186254 0.374240 0.084342
v 0.187157 0.389367 0.111556
v 0.196795 0.370422 0.113761
v 0.185553 0.389783 0.106860
v 0.191918 0.389401 0.130705
v 0.197269 0.382747 0.135072
v 0.202699 0.376134 0.137199
v 0.186759 0.385767 0.103424
v 0.174641 0.396766 0.087999
v 0.200353 0.363606 0.111785
v 0.201938 0.351385 0.113825
v 0.194977 0.363535 0.097393
v 0.198832 0.355371 0.097922
v 0.201331 0.360271 0.109337
v 0.209080 0.353120 0.128477
v 0.190685 0.370416 0.094491
v 0.188237 0.373127 0.086377
v 0.186634 0.357578 0.063839
v 0.192932 0.354601 0.080219
v 0.196142 0.349756 0.068561
v 0.195253 0.340461 0.072626
v 0.195415 0.355040 0.089983
v 0.204534 0.366162 0.127047
v 0.206305 0.370029 0.134972
v 0.205220 0.369667 0.129561
v 0.211167 0.359931 0.143468
v 0.212382 0.338782 0.129529
v 0.210591 0.339125 0.119923
v 0.209897 0.351225 0.128336
v 0.208840 0.340302 0.115083
v 0.206198 0.330383 0.104914
v 0.217034 0.332590 0.148751
v 0.212558 0.339505 0.126656
v 0.211313 0.330179 0.124685
v 0.216973 0.321537 0.131769
v 0.220304 0.320639 0.146749
v 0.214587 0.347628 0.135858
v 0.219670 0.331505 0.150377
v 0.223305 0.326981 0.163295
v 0.164934 0.382578 0.032867
v 0.163371 0.393270 0.041850
v 0.152331 0.389611 -0.000150
v 0.154776 0.377219 -0.019726
v 0.163464 0.372049 0.006752
v 0.141227 0.386482 -0.047301
v 0.149397 0.390543 -0.012982
v 0.152761 0.373647 -0.034254
v 0.164511 0.367345 0.002087
v 0.163888 0.360484 -0.012317
v 0.164425 0.377999 0.019656
v 0.183295 0.398493 0.114973
v 0.197926 0.330286 0.074687
v 0.151992 0.374952 -0.036713
v 0.211728 0.359970 0.147073
v 0.213435 0.355597 0.150444
v 0.216958 0.345749 0.162657
v 0.207452 0.369659 0.162882
v 0.208468 0.368102 0.184381
v 0.215844 0.356072 0.174434
v 0.216080 0.358719 0.190035
v 0.215563 0.360617 0.176411
v 0.211244 0.366184 0.153036
v 0.142168 0.318584 -0.107491
v 0.147345 0.337866 -0.092789
v 0.140597 0.334269 -0.105196
v 0.151000 0.323316 -0.094445
v 0.134887 0.339244 -0.116612
v 0.147966 0.311785 -0.103574
v 0.150897 0.332225 -0.087250
v 0.153730 0.323601 -0.069928
v 0.145614 0.342243 -0.096692
v 0.149524 0.333389 -0.092846
v 0.138941 0.321785 -0.113026
v 0.129596 0.332903 -0.126124
v 0.135433 0.315167 -0.122123
v 0.127656 0.320698 -0.132773
v 0.122321 0.309276 -0.141528
v 0.125420 0.314773 -0.136743
v 0.121179 0.322937 -0.139693
v 0.120326 0.313618 -0.142268
v 0.139653 0.267656 -0.117912
v 0.141755 0.283193 -0.107855
v 0.145360 0.283736 -0.108251
v 0.131586 0.307049 -0.131054
v 0.114320 0.338914 -0.129501
v 0.123292 0.258139 -0.136551
v 0.131620 0.238546 -0.113521
v 0.107862 0.248842 -0.134518
v 0.112400 0.276522 -0.145907
v 0.135362 0.245263 -0.113908
v 0.146087 0.308360 -0.108114
v 0.151290 0.298407 -0.095684
v 0.149419 0.285969 -0.100293
v 0.177305 0.358872 0.037469
v 0.154277 0.271491 -0.087425
v 0.167328 0.358959 0.003579
v 0.147302 0.374697 -0.057657
v 0.148987 0.368754 -0.054389
v 0.145999 0.365704 -0.073338
v 0.142875 0.377999 -0.064508
v 0.144625 0.370862 -0.072510
v 0.140869 0.384349 -0.062613
v 0.136859 0.388581 -0.067925
v 0.214606 0.351740 0.154023
v 0.221579 0.336517 0.163835
v 0.216530 0.346579 0.157106
v 0.211317 0.367425 0.154549
v 0.188221 0.364239 0.063521
v 0.197307 0.339037 0.077837
v 0.201934 0.337386 0.090481
v 0.200505 0.334435 0.083103
v 0.153392 0.360197 -0.054776
v 0.149075 0.346251 -0.082489
v 0.141786 0.350596 -0.098412
v 0.139139 0.365949 -0.093116
v 0.139712 0.354920 -0.100650
v 0.133806 0.365872 -0.102304
v 0.136255 0.344603 -0.113032
v 0.152573 0.340548 -0.080406
v 0.131727 0.244933 -0.092140
v 0.154817 0.249979 -0.074016
v 0.160596 0.276432 -0.062983
v 0.167879 0.272621 -0.037820
v 0.160020 0.256917 -0.045418
v 0.153120 0.237939 -0.043613
v 0.163545 0.278122 -0.056176
v 0.158318 0.272409 -0.070968
v 0.158466 0.287963 -0.078757
v 0.153652 0.298229 -0.088262
v 0.149759 0.275781 -0.096251
v 0.142607 0.272569 -0.110610
v 0.223764 0.260896 0.166891
v 0.153496 0.359624 -0.056806
v 0.152943 0.356863 -0.062594
v 0.140739 0.370960 -0.080413
v 0.140625 0.367133 -0.087082
v 0.135178 0.384680 -0.074367
v 0.140407 0.376105 -0.076285
v 0.166902 0.267433 -0.036867
v 0.164361 0.282039 -0.054577
v 0.190820 0.339583 0.058220
v 0.220492 0.297088 0.142512
v 0.167946 0.356439 -0.000639
v 0.194906 0.296716 0.054894
v 0.204991 0.292624 0.083884
v 0.218027 0.348079 0.178217
v 0.223513 0.333273 0.174239
v 0.222747 0.334978 0.190267
v 0.218196 0.346934 0.184202
v 0.211051 0.352687 0.187966
v 0.206067 0.298185 0.086394
v 0.199547 0.291695 0.067162
v 0.178289 0.322950 0.008538
v 0.127741 0.384774 -0.086103
v 0.155450 0.342947 -0.069406
v 0.154220 0.337019 -0.077128
v 0.137072 0.370097 -0.093135
v 0.130999 0.336406 -0.123756
v 0.172552 0.332655 0.002436
v 0.131445 0.352455 -0.107256
v 0.122557 0.364235 -0.120807
v 0.121537 0.367585 -0.119213
v 0.131690 0.369123 -0.104461
v 0.119198 0.374684 -0.098036
v 0.204625 0.368156 0.149310
v 0.128342 0.347567 -0.122903
v 0.174111 0.306667 -0.012344
v 0.201939 0.332363 0.085786
v 0.153420 0.355049 -0.063475
v 0.150509 0.237808 -0.067550
v 0.202646 0.376025 0.139760
v 0.153167 0.303149 -0.094509
v 0.147644 0.328688 -0.093328
v 0.226393 0.280062 0.190508
v 0.150888 0.240383 -0.073660
v 0.119927 0.325516 -0.140923
v 0.159415 0.298827 -0.076722
v 0.179080 0.325100 0.012427
v 0.139411 0.353185 -0.102559
v 0.150779 0.342016 -0.084608
v 0.188923 0.340821 0.054089
v 0.162453 0.334111 -0.049195
v 0.162225 0.338754 -0.079020
v 0.154532 0.326973 -0.070082
v 0.159828 0.323373 -0.062369
v 0.159974 0.309193 -0.072221
v 0.159312 0.313168 -0.073409
v 0.155607 0.302187 -0.084085
v 0.152818 0.303741 -0.093146
v 0.159148 0.299424 -0.076560
v 0.160170 0.296532 -0.073930
v 0.164204 0.302129 -0.056996
v 0.165261 0.302186 -0.052615
v 0.167991 0.312518 -0.034255
v 0.169529 0.317039 -0.028135
v 0.168276 0.322517 -0.031098
v 0.166818 0.300687 -0.038235
v 0.167983 0.299537 -0.044493
v 0.169745 0.296996 -0.046915
v 0.169243 0.295803 -0.034972
v 0.169391 0.293207 -0.031761
v 0.172633 0.307547 -0.017887
v 0.170446 0.303852 -0.021910
v 0.175516 0.305413 -0.010666
v 0.175551 0.307547 -0.007950
v 0.174157 0.318001 -0.017211
v 0.173276 0.310677 -0.016435
v 0.171539 0.309648 -0.022184
v 0.170559 0.313730 -0.025179
v 0.175123 0.293872 -0.010910
v 0.173808 0.284842 -0.011774
v 0.157117 0.293253 -0.078257
v 0.158505 0.284667 -0.075166
v 0.162797 0.288433 -0.061660
v 0.162724 0.283772 -0.060779
v 0.159511 0.283757 -0.075443
v 0.159090 0.278821 -0.073590
v 0.161399 0.270965 -0.069937
v 0.162345 0.281439 -0.063269
v 0.164736 0.268283 -0.061197
v 0.163331 0.279994 -0.059400
v 0.164533 0.282573 -0.054837
v 0.164646 0.279936 -0.053066
v 0.165931 0.279818 -0.047473
v 0.166857 0.280871 -0.044568
v 0.168395 0.281686 -0.035865
v 0.169504 0.284530 -0.032814
v 0.180214 0.287698 0.007525
v 0.181620 0.283086 0.012205
v 0.177663 0.292094 0.002049
v 0.179026 0.288940 0.006456
v 0.175502 0.278020 -0.005624
v 0.174287 0.275260 -0.009206
v 0.185420 0.284940 0.025417
v 0.187601 0.281930 0.033395
v 0.188015 0.280619 0.034703
v 0.185176 0.292460 0.024239
v 0.185251 0.288021 0.024290
v 0.181439 0.297380 0.011521
v 0.178548 0.295348 0.003119
v 0.185410 0.304444 0.027384
v 0.187096 0.298574 0.030862
v 0.188343 0.299896 0.035045
v 0.187959 0.303161 0.035637
v 0.187795 0.312391 0.035910
v 0.189393 0.304287 0.039776
v 0.186167 0.314699 0.030875
v 0.187277 0.311960 0.034347
v 0.182557 0.319860 0.020309
v 0.183069 0.321055 0.023312
v 0.184806 0.323875 0.030846
v 0.183153 0.327829 0.027139
v 0.181300 0.327542 0.016598
v 0.180099 0.324815 0.014674
v 0.178664 0.313587 0.006426
v 0.178511 0.315108 0.002104
v 0.178957 0.315808 0.009860
v 0.178332 0.322753 0.010072
v 0.179167 0.317699 0.010255
v 0.174761 0.323557 -0.002330
v 0.175975 0.316430 -0.005176
v 0.178995 0.325112 0.012594
v 0.176331 0.326946 0.006696
v 0.185511 0.330292 0.035489
v 0.187112 0.334434 0.041109
v 0.181704 0.337197 0.027590
v 0.182960 0.337507 0.031579
v 0.184231 0.336096 0.032040
v 0.180167 0.337519 0.023311
v 0.179482 0.343033 0.025416
v 0.177247 0.345596 0.020898
v 0.179353 0.336216 0.020207
v 0.177095 0.348655 0.023035
v 0.175202 0.340616 0.008222
v 0.172174 0.339906 0.001440
v 0.177239 0.340600 0.017034
v 0.168607 0.349583 -0.005446
v 0.169507 0.346162 -0.007383
v 0.172268 0.352306 0.011973
v 0.170631 0.357249 0.011020
v 0.170187 0.361605 0.013299
v 0.176192 0.353633 0.026124
v 0.178236 0.350983 0.029658
v 0.179955 0.354085 0.036577
v 0.176857 0.361010 0.028149
v 0.181104 0.357111 0.044882
v 0.185173 0.351130 0.052279
v 0.176797 0.360751 0.038032
v 0.177305 0.363280 0.043002
v 0.184713 0.360406 0.061529
v 0.185903 0.354101 0.057486
v 0.189513 0.348280 0.060253
v 0.182349 0.365737 0.061662
v 0.184814 0.363050 0.064649
v 0.183325 0.372341 0.076806
v 0.187313 0.373784 0.084393
v 0.178763 0.374971 0.062962
v 0.181485 0.369759 0.062530
v 0.183831 0.377464 0.080632
v 0.182494 0.383586 0.086185
v 0.187493 0.378322 0.092777
v 0.188605 0.373335 0.088609
v 0.195709 0.369822 0.108407
v 0.191855 0.369028 0.099526
v 0.194875 0.359832 0.091966
v 0.200412 0.369469 0.122701
v 0.199447 0.372560 0.118842
v 0.187307 0.385280 0.104384
v 0.189432 0.383923 0.108863
v 0.186988 0.383165 0.100840
v 0.184270 0.390710 0.103761
v 0.185777 0.389344 0.106502
v 0.185617 0.392849 0.111000
v 0.174553 0.388353 0.071305
v 0.178295 0.382756 0.071750
v 0.177686 0.392706 0.086611
v 0.179212 0.391690 0.089819
v 0.199917 0.378088 0.130677
v 0.200510 0.375581 0.132087
v 0.194644 0.387788 0.126939
v 0.191703 0.392370 0.133161
v 0.175300 0.371644 0.046157
v 0.177087 0.367098 0.045021
v 0.169630 0.376070 0.034083
v 0.170650 0.373535 0.034080
v 0.168971 0.376999 0.033118
v 0.168765 0.378094 0.035601
v 0.167148 0.371507 0.020492
v 0.167463 0.374894 0.028058
v 0.164254 0.378784 0.020022
v 0.170366 0.367877 0.003013
v 0.168198 0.358393 -0.000453
v 0.169041 0.357422 0.002915
v 0.162058 0.388551 0.026713
v 0.160280 0.387955 0.018117
v 0.165644 0.386919 0.038548
v 0.165534 0.384659 0.035979
v 0.172335 0.377878 0.044789
v 0.169631 0.384607 0.045957
v 0.176032 0.376819 0.055282
v 0.177069 0.375328 0.056220
v 0.164021 0.391883 0.042384
v 0.164007 0.393972 0.046231
v 0.167503 0.355630 -0.001855
v 0.168423 0.351556 -0.003199
v 0.164232 0.362360 -0.006330
v 0.166053 0.355891 -0.010908
v 0.159297 0.365496 -0.018519
v 0.161152 0.361514 -0.017174
v 0.164195 0.346192 -0.026519
v 0.165266 0.346739 -0.023790
v 0.163241 0.338945 -0.036124
v 0.165088 0.337721 -0.030330
v 0.162336 0.344459 -0.040072
v 0.163359 0.343270 -0.035869
v 0.160800 0.344547 -0.045899
v 0.159897 0.343676 -0.050258
v 0.158302 0.351365 -0.048168
v 0.155843 0.355269 -0.053989
v 0.154760 0.359703 -0.055107
v 0.158298 0.343362 -0.057392
v 0.159167 0.346593 -0.052300
v 0.161662 0.338354 -0.048330
v 0.161287 0.335623 -0.050221
v 0.161263 0.330518 -0.054133
v 0.162292 0.327594 -0.056200
v 0.162575 0.323884 -0.051403
v 0.168654 0.330866 -0.024297
v 0.168764 0.328792 -0.025350
v 0.167599 0.332198 -0.027698
v 0.167756 0.332938 -0.026172
v 0.167735 0.336334 -0.018792
v 0.169403 0.332731 -0.014008
v 0.170724 0.329715 -0.015259
v 0.170605 0.325982 -0.017621
v 0.154626 0.347680 -0.066880
v 0.155272 0.346036 -0.067375
v 0.155743 0.344909 -0.069699
v 0.164887 0.331816 -0.039709
v 0.163619 0.332197 -0.045010
v 0.164552 0.353992 -0.019071
v 0.164618 0.356082 -0.014233
v 0.172429 0.334359 -0.011063
v 0.171487 0.337289 -0.007490
v 0.185071 0.335867 0.036154
v 0.184324 0.338989 0.038255
v 0.155102 0.327833 -0.083182
v 0.155101 0.332171 -0.083188
v 0.187684 0.330001 0.060497
v 0.195870 0.329235 0.066936
v 0.189936 0.342227 0.058256
v 0.190394 0.340020 0.055944
v 0.198884 0.329555 0.078708
v 0.200166 0.319344 0.074539
v 0.152931 0.339620 -0.080258
v 0.151566 0.339654 -0.082853
v 0.151476 0.344531 -0.083209
v 0.152810 0.342113 -0.078732
v 0.202247 0.331003 0.086284
v 0.202801 0.332509 0.090893
v 0.200914 0.332646 0.081127
v 0.201438 0.336399 0.087568
v 0.201305 0.334348 0.085245
v 0.206058 0.333594 0.099566
v 0.207042 0.323536 0.099521
v 0.207355 0.326444 0.105535
v 0.212566 0.331877 0.104131
v 0.208254 0.335877 0.109638
v 0.208032 0.339012 0.110099
v 0.208299 0.338786 0.111759
v 0.209048 0.340476 0.114941
v 0.209887 0.337009 0.115688
v 0.211577 0.336199 0.121190
v 0.209725 0.332688 0.116603
v 0.216605 0.335656 0.127520
v 0.215343 0.336689 0.136947
v 0.212283 0.341663 0.127091
v 0.213014 0.340645 0.125768
v 0.209944 0.355668 0.130397
v 0.209446 0.351523 0.130288
v 0.201299 0.348972 0.102190
v 0.199990 0.353587 0.098817
v 0.198491 0.356286 0.096762
v 0.196974 0.344153 0.077940
v 0.195785 0.347249 0.079212
v 0.197058 0.346472 0.081686
v 0.197148 0.352096 0.085102
v 0.201187 0.344838 0.091291
v 0.202889 0.357355 0.112104
v 0.201329 0.360115 0.109219
v 0.207929 0.351051 0.122030
v 0.206607 0.349836 0.116642
v 0.203511 0.340743 0.098303
v 0.201769 0.338229 0.090959
v 0.196738 0.337480 0.074999
v 0.198156 0.332038 0.073970
v 0.211103 0.332871 0.114612
v 0.210412 0.325131 0.122605
v 0.211096 0.360030 0.143566
v 0.211192 0.362634 0.147744
v 0.212242 0.359625 0.145090
v 0.212830 0.356197 0.141245
v 0.210338 0.364026 0.147069
v 0.207898 0.369498 0.154029
v 0.200972 0.363414 0.122454
v 0.203584 0.369742 0.129199
v 0.153255 0.327182 -0.088655
v 0.154619 0.326960 -0.084084
v 0.199831 0.364576 0.112687
v 0.198297 0.362823 0.109944
v 0.200580 0.360358 0.106461
v 0.199506 0.361404 0.104603
v 0.146256 0.362295 -0.078531
v 0.147359 0.360027 -0.076527
v 0.153818 0.355566 -0.061186
v 0.153316 0.355846 -0.063455
v 0.157845 0.357915 -0.064514
v 0.159524 0.356879 -0.070320
v 0.143999 0.351114 -0.096513
v 0.146055 0.348501 -0.094619
v 0.205633 0.366923 0.130493
v 0.205003 0.366030 0.127302
v 0.160894 0.356778 -0.029676
v 0.160237 0.360075 -0.027459
v 0.157270 0.362297 -0.037135
v 0.159994 0.355790 -0.035629
v 0.151789 0.335708 -0.089079
v 0.149473 0.333577 -0.093153
v 0.151240 0.321120 -0.094224
v 0.153691 0.317368 -0.090314
v 0.211301 0.366774 0.153224
v 0.212425 0.366066 0.154991
v 0.213275 0.356138 0.151238
v 0.215423 0.352102 0.156019
v 0.214977 0.351434 0.153894
v 0.217352 0.342534 0.154422
v 0.216217 0.346469 0.158289
v 0.217823 0.340866 0.161398
v 0.215709 0.358838 0.169972
v 0.215500 0.360057 0.174528
v 0.215656 0.360954 0.177073
v 0.216844 0.354939 0.177956
v 0.216838 0.359355 0.182943
v 0.213298 0.356770 0.188252
v 0.218033 0.348080 0.178217
v 0.217703 0.350698 0.180264
v 0.213198 0.346318 0.186453
v 0.219459 0.345297 0.189797
v 0.187123 0.363175 0.071149
v 0.186366 0.361399 0.066070
v 0.204855 0.368855 0.166123
v 0.207839 0.370060 0.162744
v 0.205416 0.318637 0.074691
v 0.202056 0.311933 0.076423
v 0.200239 0.310973 0.072490
v 0.201667 0.305037 0.079339
v 0.204049 0.298615 0.091219
v 0.188879 0.319499 0.042040
v 0.189338 0.315561 0.042292
v 0.194470 0.296374 0.053623
v 0.192132 0.293252 0.045272
v 0.197531 0.290678 0.053296
v 0.204342 0.289579 0.055853
v 0.194704 0.302424 0.057481
v 0.198706 0.300904 0.065033
v 0.212233 0.320771 0.113827
v 0.211124 0.313920 0.108162
v 0.214537 0.316961 0.125101
v 0.216482 0.320790 0.130152
v 0.215320 0.292020 0.121560
v 0.214632 0.299918 0.116016
v 0.216980 0.281552 0.125775
v 0.207467 0.307766 0.095112
v 0.208062 0.314653 0.099078
v 0.208376 0.303458 0.097437
v 0.208952 0.302089 0.098668
v 0.217630 0.280042 0.127450
v 0.217973 0.280693 0.131306
v 0.220395 0.286336 0.133551
v 0.219563 0.290776 0.138052
v 0.220483 0.288984 0.141933
v 0.219209 0.294914 0.140937
v 0.212337 0.272928 0.109193
v 0.209224 0.274700 0.100133
v 0.201311 0.272107 0.073607
v 0.202982 0.273793 0.077904
v 0.213628 0.279098 0.113873
v 0.215566 0.278133 0.122428
v 0.207958 0.284808 0.093943
v 0.208808 0.281471 0.096918
v 0.206176 0.275073 0.088794
v 0.208420 0.271857 0.096790
v 0.213375 0.279948 0.113945
v 0.212204 0.286276 0.108445
v 0.205647 0.290740 0.086910
v 0.206436 0.285230 0.089401
v 0.209643 0.300752 0.100755
v 0.210105 0.300320 0.102325
v 0.209895 0.289482 0.100362
v 0.210842 0.290960 0.103800
v 0.148262 0.332949 -0.095844
v 0.149572 0.331679 -0.093547
v 0.149831 0.327971 -0.094662
v 0.151058 0.326927 -0.092251
v 0.152768 0.359906 -0.057119
v 0.152103 0.363701 -0.055295
v 0.154099 0.363427 -0.050400
v 0.155784 0.361414 -0.044531
v 0.145080 0.369670 -0.071482
v 0.146013 0.366338 -0.072489
v 0.144479 0.370987 -0.072492
v 0.141286 0.374098 -0.078017
v 0.138097 0.377509 -0.083121
v 0.146209 0.373976 -0.062040
v 0.145633 0.373194 -0.065397
v 0.145175 0.377415 -0.059456
v 0.146382 0.374303 -0.059615
v 0.145014 0.377975 -0.058905
v 0.142905 0.379807 -0.062519
v 0.145774 0.383656 -0.044593
v 0.150502 0.376575 -0.037080
v 0.138029 0.391849 -0.057131
v 0.138646 0.390312 -0.058782
v 0.133091 0.392734 -0.073052
v 0.136259 0.385707 -0.076930
v 0.138690 0.382737 -0.071367
v 0.140132 0.377556 -0.075803
v 0.142936 0.389847 -0.041826
v 0.144058 0.387241 -0.042771
v 0.141020 0.382921 -0.067565
v 0.141085 0.384854 -0.062664
v 0.146062 0.362238 -0.078812
v 0.144047 0.364394 -0.080782
v 0.151668 0.375478 -0.029631
v 0.152714 0.379065 -0.024857
v 0.155390 0.376920 -0.018479
v 0.163879 0.369372 0.003195
v 0.160726 0.374893 0.002393
v 0.167107 0.371120 0.007646
v 0.164306 0.374234 0.012514
v 0.163859 0.376000 0.016016
v 0.156022 0.385172 0.000931
v 0.156163 0.383724 -0.001980
v 0.150150 0.370141 -0.052773
v 0.150642 0.372692 -0.046690
v 0.152018 0.374919 -0.036418
v 0.152477 0.373072 -0.036952
v 0.157146 0.374285 -0.014803
v 0.157507 0.373094 -0.016720
v 0.190859 0.364082 0.082902
v 0.193386 0.360588 0.084016
v 0.218105 0.321720 0.135436
v 0.218283 0.316643 0.135005
v 0.218420 0.314198 0.136628
v 0.218893 0.308563 0.138286
v 0.219251 0.337948 0.167939
v 0.219460 0.338463 0.170976
v 0.143274 0.354198 -0.093914
v 0.139224 0.353020 -0.101805
v 0.141187 0.365870 -0.086769
v 0.136845 0.370681 -0.092690
v 0.219180 0.319810 0.143377
v 0.221683 0.317158 0.151314
v 0.217349 0.328148 0.143534
v 0.214621 0.330255 0.149887
v 0.202259 0.295194 0.072802
v 0.199377 0.288852 0.069766
v 0.142121 0.342525 -0.104026
v 0.141775 0.345132 -0.099709
v 0.145128 0.337980 -0.100546
v 0.144452 0.333518 -0.103399
v 0.222559 0.315210 0.160021
v 0.222623 0.312312 0.160069
v 0.223504 0.311501 0.166228
v 0.223340 0.306579 0.163317
v 0.224136 0.312535 0.171152
v 0.224217 0.318470 0.171090
v 0.223026 0.324605 0.166375
v 0.225286 0.312908 0.178174
v 0.225705 0.316478 0.182603
v 0.225364 0.310089 0.180148
v 0.224478 0.308684 0.172208
v 0.223246 0.299450 0.162347
v 0.223124 0.295733 0.160565
v 0.224994 0.296875 0.173472
v 0.224545 0.302460 0.171879
v 0.222271 0.299512 0.155902
v 0.222619 0.296067 0.157268
v 0.221619 0.303978 0.153379
v 0.221219 0.298382 0.147607
v 0.221304 0.297980 0.147948
v 0.220729 0.300592 0.142087
v 0.222734 0.290281 0.158358
v 0.222710 0.286991 0.160469
v 0.225305 0.275416 0.179052
v 0.225294 0.272540 0.177266
v 0.225154 0.287337 0.177112
v 0.225080 0.283078 0.176086
v 0.224424 0.276917 0.170559
v 0.224982 0.275053 0.175200
v 0.223842 0.265797 0.166069
v 0.223895 0.261332 0.167927
v 0.223532 0.275450 0.162893
v 0.223345 0.271318 0.162114
v 0.222609 0.277714 0.153771
v 0.222157 0.268901 0.157922
v 0.222419 0.259410 0.156354
v 0.223288 0.259319 0.160454
v 0.222902 0.255305 0.159762
v 0.223964 0.260489 0.169358
v 0.224285 0.257656 0.171422
v 0.225026 0.284151 0.171015
v 0.224474 0.288036 0.168690
v 0.221831 0.272908 0.151491
v 0.223325 0.267775 0.150550
v 0.226197 0.289083 0.184137
v 0.226235 0.286882 0.180806
v 0.226666 0.299137 0.184934
v 0.226191 0.297490 0.186658
v 0.222729 0.323877 0.161338
v 0.222481 0.328918 0.158261
v 0.223057 0.329395 0.165134
v 0.222997 0.326709 0.166596
v 0.226015 0.308497 0.186642
v 0.226446 0.309770 0.189199
v 0.220106 0.271926 0.137866
v 0.218680 0.269984 0.132041
v 0.219318 0.332266 0.163856
v 0.218787 0.329936 0.167138
v 0.221867 0.330997 0.167517
v 0.222784 0.332798 0.180613
v 0.224636 0.337807 0.187226
v 0.222222 0.330427 0.183696
v 0.223419 0.331351 0.189730
v 0.153027 0.300940 -0.093176
v 0.152776 0.296694 -0.093979
v 0.224555 0.255982 0.135365
v 0.219771 0.264145 0.138563
v 0.152634 0.302526 -0.094398
v 0.147563 0.301654 -0.100379
v 0.221278 0.333535 0.150319
v 0.221254 0.334979 0.156574
v 0.224608 0.266457 0.187280
v 0.225657 0.262209 0.189584
v 0.223535 0.278323 0.187801
v 0.224334 0.280691 0.189840
v 0.146066 0.322970 -0.104128
v 0.143655 0.318463 -0.109380
v 0.142137 0.326867 -0.111165
v 0.143635 0.317141 -0.110741
v 0.145644 0.331628 -0.110440
v 0.139230 0.341063 -0.108727
v 0.136577 0.344307 -0.112095
v 0.147846 0.307604 -0.103189
v 0.145531 0.305606 -0.108435
v 0.146455 0.312421 -0.106345
v 0.143879 0.311216 -0.110009
v 0.195481 0.279048 0.053709
v 0.197136 0.273863 0.058792
v 0.136103 0.367999 -0.096850
v 0.137258 0.368057 -0.093953
v 0.137996 0.356429 -0.102162
v 0.134840 0.357084 -0.107077
v 0.136970 0.322166 -0.119846
v 0.138864 0.320767 -0.116730
v 0.136372 0.375183 -0.093767
v 0.132059 0.378776 -0.094237
v 0.130987 0.383337 -0.092132
v 0.150968 0.285027 -0.099461
v 0.154418 0.281375 -0.094254
v 0.139269 0.321884 -0.116352
v 0.140045 0.315812 -0.114509
v 0.135449 0.344750 -0.113439
v 0.134098 0.337379 -0.117113
v 0.133065 0.349215 -0.111856
v 0.134262 0.366156 -0.100208
v 0.131705 0.370441 -0.102998
v 0.135086 0.359236 -0.106027
v 0.133035 0.363109 -0.106047
v 0.152904 0.386379 -0.008132
v 0.149911 0.389365 -0.012403
v 0.149635 0.395069 -0.002039
v 0.152217 0.391456 -0.000240
v 0.226506 0.288138 0.189388
v 0.226532 0.285761 0.190549
v 0.131708 0.335421 -0.123068
v 0.131779 0.329148 -0.125014
v 0.148700 0.287337 -0.102095
v 0.143952 0.285104 -0.107993
v 0.166750 0.270089 -0.040262
v 0.164685 0.263539 -0.045682
v 0.155211 0.270665 -0.083616
v 0.149111 0.270691 -0.097974
v 0.145338 0.284033 -0.108560
v 0.144883 0.279889 -0.109200
v 0.128722 0.359975 -0.115139
v 0.126311 0.362033 -0.117559
v 0.130798 0.383919 -0.091214
v 0.128270 0.389353 -0.089647
v 0.140256 0.298491 -0.117702
v 0.137393 0.304785 -0.123100
v 0.128942 0.319689 -0.130039
v 0.128848 0.325253 -0.130171
v 0.126024 0.351482 -0.123884
v 0.128535 0.348546 -0.121655
v 0.127122 0.337800 -0.127854
v 0.125448 0.341236 -0.128948
v 0.126577 0.383641 -0.099769
v 0.119133 0.389811 -0.106178
v 0.144892 0.269124 -0.106360
v 0.144578 0.264114 -0.104886
v 0.140914 0.274410 -0.114549
v 0.131341 0.279621 -0.127860
v 0.126763 0.315909 -0.137050
v 0.129921 0.310733 -0.134675
v 0.151621 0.255574 -0.082426
v 0.151589 0.249822 -0.077500
v 0.121146 0.343845 -0.132929
v 0.123962 0.343112 -0.129751
v 0.122299 0.314760 -0.139953
v 0.122622 0.309943 -0.140842
v 0.122657 0.355810 -0.126228
v 0.121779 0.354089 -0.128205
v 0.124087 0.329715 -0.134669
v 0.120700 0.324409 -0.138806
v 0.119979 0.363241 -0.125312
v 0.122290 0.363376 -0.122336
v 0.155434 0.248889 -0.067610
v 0.157240 0.249047 -0.063147
v 0.121504 0.308862 -0.142246
v 0.119461 0.311650 -0.144108
v 0.149597 0.239173 -0.073594
v 0.151123 0.235956 -0.068459
v 0.138066 0.259078 -0.115769
v 0.133994 0.246271 -0.115707
v 0.120138 0.256485 -0.137913
v 0.120047 0.265091 -0.139854
v 0.132427 0.241888 -0.113340
v 0.135365 0.240529 -0.108382
v 0.124408 0.241871 -0.127211
v 0.122421 0.237613 -0.127971
v 0.103160 -0.443330 -0.094263
v 0.105628 -0.443218 -0.093114
v 0.105237 0.180637 0.033640
v 0.106921 0.182892 0.032583
v 0.104561 0.398909 -0.115563
v 0.108267 0.395435 -0.114668
v 0.083381 -0.411324 -0.042361
v 0.110049 -0.436523 -0.088136
v 0.108103 -0.439221 -0.043810
v 0.090845 -0.436283 0.021591
v 0.096319 -0.167949 0.033784
v 0.106817 -0.100661 -0.089572
v 0.108171 -0.099760 0.047009
v 0.107829 -0.439430 -0.089219
v 0.106202 -0.100830 -0.088841
v 0.108180 -0.440227 -0.044204
v 0.106640 -0.100428 0.042238
v 0.107299 -0.100365 -0.089444
v 0.107501 -0.218977 0.006910
v 0.106788 -0.220043 0.004409
v 0.106554 -0.219192 0.008989
v 0.115023 -0.497637 -0.130350
v 0.116009 -0.496663 -0.140946
v 0.105246 -0.451841 -0.154057
v 0.094197 -0.472260 -0.050624
v 0.097897 -0.465895 0.041508
v 0.112720 -0.497464 0.056928
v 0.114069 -0.446656 0.058413
v 0.105300 -0.447555 0.058045
v 0.103795 -0.496092 0.057954
v 0.110259 -0.470814 0.053100
v 0.116161 -0.497811 0.051769
v 0.117091 -0.446206 0.052472
v 0.116743 -0.497879 0.050286
v 0.117206 -0.447547 0.051637
v 0.108552 -0.440067 -0.140486
v 0.113840 -0.444624 -0.137973
v 0.110452 -0.444503 -0.142494
v 0.114846 -0.441180 -0.139051
v 0.111582 -0.445769 -0.140980
v 0.107791 -0.440621 -0.138421
v 0.114230 -0.438184 0.003505
v 0.113637 -0.436505 -0.039380
v 0.116525 -0.442820 -0.032300
v 0.116706 -0.440234 0.003042
v 0.115148 -0.443047 0.010878
v 0.116260 -0.443103 0.049046
v 0.113666 -0.437462 0.049944
v 0.114578 -0.438261 0.009749
v 0.109441 -0.441893 -0.139212
v 0.109939 -0.442359 -0.107488
v 0.114434 0.206825 -0.140501
v 0.115136 0.204332 -0.143302
v 0.167904 -0.005042 -0.124622
v 0.168683 -0.008033 -0.130124
v 0.215511 -0.190401 -0.139918
v 0.214942 -0.188225 -0.141797
v 0.222237 -0.215007 -0.109752
v 0.222893 -0.217363 -0.110069
v 0.247957 -0.293744 -0.139060
v 0.247674 -0.293165 -0.134175
v 0.255891 -0.312022 -0.140827
v 0.255352 -0.310787 -0.143912
v 0.221560 -0.225822 -0.143240
v 0.248333 -0.294506 -0.147052
v 0.233282 -0.257001 -0.108614
v 0.246370 -0.291919 -0.106955
v 0.221734 -0.212912 -0.115482
v 0.212344 -0.177742 -0.145987
v 0.190362 -0.168996 -0.121286
v 0.195353 -0.112933 -0.103266
v 0.171605 -0.013909 -0.104037
v 0.118361 0.122022 -0.124215
v 0.164840 0.006075 -0.103123
v 0.159763 0.027006 -0.103164
v 0.115965 0.201647 -0.145752
v 0.112075 0.221577 -0.138656
v 0.114946 0.202599 -0.145065
v 0.223106 -0.218199 -0.110197
v 0.161711 0.015291 -0.103084
v 0.223270 -0.218179 -0.110165
v 0.254694 -0.321607 -0.107615
v 0.254333 -0.309050 -0.147351
v 0.157232 0.031286 -0.103385
v 0.254920 -0.310300 -0.147395
v 0.257706 -0.332783 -0.132062
v 0.193929 -0.113764 -0.103928
v 0.164926 0.002713 -0.102724
v 0.223126 -0.218417 -0.109994
v 0.222639 -0.216331 -0.112061
v 0.118045 -0.446823 0.050649
v 0.117438 -0.495386 0.049309
v 0.118732 0.386402 -0.109511
v 0.120903 0.383752 -0.108850
v 0.118616 0.386538 -0.109543
v 0.124307 0.384361 -0.103129
v 0.121805 0.362362 -0.123583
v 0.120139 0.361540 -0.126142
v 0.160333 0.387879 0.079553
v 0.158970 0.387794 0.076894
v 0.169048 0.389842 0.101032
v 0.167776 0.392457 0.101695
v 0.168436 0.381956 0.089793
v 0.170376 0.378478 0.089982
v 0.171783 0.372881 0.086788
v 0.170109 0.374839 0.085335
v 0.189983 0.349943 0.105377
v 0.191029 0.346630 0.105329
v 0.202048 0.321305 0.118340
v 0.200722 0.322987 0.115164
v 0.203868 0.343279 0.139668
v 0.202758 0.344985 0.136352
v 0.205828 0.313955 0.128333
v 0.205028 0.316385 0.126315
v 0.206519 0.346481 0.160179
v 0.205792 0.348383 0.158014
v 0.211575 0.330226 0.164073
v 0.211206 0.331705 0.165765
v 0.211804 0.316295 0.157292
v 0.211609 0.317972 0.156517
v 0.184158 0.360560 0.098192
v 0.196562 0.328054 0.105579
v 0.202238 0.301949 0.106056
v 0.166997 0.276345 0.033706
v 0.212027 0.253049 0.155423
v 0.204610 0.318172 0.124721
v 0.204533 0.318258 0.124707
v 0.207618 0.339343 0.147049
v 0.154217 0.308205 0.029225
v 0.151667 0.238975 0.067369
v 0.219910 0.253946 0.187952
v 0.210066 0.336648 0.171272
v 0.202774 0.225258 0.139204
v 0.199521 0.227370 0.164388
v 0.202403 0.224977 0.137237
v 0.200119 0.356440 0.137743
v 0.205772 0.339947 0.146350
v 0.210223 0.336775 0.171118
v 0.202299 0.354952 0.145124
v 0.220447 0.330194 0.183752
v 0.207688 0.368395 0.190267
v 0.208051 0.371133 0.188996
v 0.160343 0.360968 0.055015
v 0.168961 0.366631 0.074818
v 0.161014 0.381257 0.069580
v 0.176238 0.367694 0.090628
v 0.163148 0.390909 0.088761
v 0.174459 0.390563 0.126295
v 0.177202 0.391389 0.122506
v 0.176710 0.393245 0.122999
v 0.144864 0.373879 0.044316
v 0.155234 0.387799 0.070055
v 0.160128 0.389488 0.080633
v 0.203884 0.377672 0.163379
v 0.133058 0.372687 0.034015
v 0.134480 0.374065 0.035054
v 0.137603 0.379175 0.043488
v 0.193679 0.267608 0.053198
v 0.150037 0.238335 0.080891
v 0.214480 0.255857 0.120237
v 0.200209 0.262687 0.073364
v 0.214214 0.256596 0.120079
v 0.218178 0.257469 0.130362
v 0.217836 0.255943 0.133899
v 0.218501 0.255092 0.155684
v 0.220160 0.254888 0.184578
v 0.136730 0.124022 0.191846
v 0.139412 0.124370 0.192165
v 0.140042 0.369170 0.036791
v 0.137721 0.371384 0.035751
v 0.152038 0.391579 -0.000676
v 0.149179 0.394913 -0.004174
v 0.162095 0.359935 0.057906
v 0.159971 0.360727 0.055283
v 0.167559 -0.260904 -0.122641
v 0.167577 -0.259717 -0.125114
v 0.167134 -0.284151 -0.136568
v 0.167980 -0.275504 -0.122968
v 0.164730 -0.286229 -0.131384
v 0.170188 -0.258932 -0.135771
v 0.176464 -0.242227 -0.133755
v 0.176108 -0.249540 -0.136667
v 0.173282 -0.258915 -0.119238
v 0.179664 -0.248115 -0.116251
v 0.177787 -0.239927 -0.123252
v 0.182217 -0.235922 -0.123929
v 0.181146 -0.247806 -0.136731
v 0.183770 -0.238761 -0.142066
v 0.180620 -0.235878 -0.127567
v 0.185948 -0.221869 -0.128936
v 0.188616 -0.218619 -0.141369
v 0.183360 -0.232039 -0.128203
v 0.185980 -0.216406 -0.126050
v 0.185869 -0.226510 -0.145046
v 0.183187 -0.234888 -0.122878
v 0.184009 -0.239281 -0.110217
v 0.179678 -0.240931 -0.118286
v 0.190994 -0.218992 -0.112086
v 0.168223 -0.257516 -0.128194
v 0.169396 -0.270373 -0.119514
v 0.169076 -0.277970 -0.118073
v 0.169532 -0.254450 -0.130101
v 0.183037 -0.244724 -0.112817
v 0.161871 -0.294026 -0.121602
v 0.163292 -0.289590 -0.136591
v 0.165073 -0.297702 -0.133838
v 0.164807 -0.312097 -0.135993
v 0.162512 -0.300578 -0.121411
v 0.161300 -0.304860 -0.127743
v 0.164891 -0.311555 -0.122963
v 0.168927 -0.339660 -0.127433
v 0.168999 -0.353570 -0.134124
v 0.169054 -0.354003 -0.124091
v 0.181791 -0.239632 -0.110196
v 0.167556 -0.288381 -0.133636
v 0.164357 -0.289993 -0.135984
v 0.162111 -0.297617 -0.124799
v 0.160483 -0.297743 -0.131609
v 0.167787 -0.270832 -0.122499
v 0.168370 -0.275578 -0.120205
v 0.172629 -0.258883 -0.130672
v 0.170118 -0.258404 -0.134583
v 0.167559 -0.260904 -0.122641
v 0.167575 -0.260788 -0.125804
v 0.168906 -0.257574 -0.124303
v 0.168726 -0.255771 -0.118922
v 0.169483 -0.301201 -0.129344
v 0.165466 -0.305056 -0.133083
v 0.172401 -0.258060 -0.119272
v 0.170597 -0.257372 -0.117590
v 0.177000 -0.249403 -0.136232
v 0.177791 -0.246841 -0.137648
v 0.181485 -0.235339 -0.123482
v 0.180662 -0.241795 -0.119884
v 0.183885 -0.247588 -0.115454
v 0.183465 -0.236075 -0.124077
v 0.184541 -0.232112 -0.127567
v 0.185840 -0.227516 -0.130328
v 0.183815 -0.232116 -0.130331
v 0.182222 -0.236988 -0.126587
v 0.179920 -0.240479 -0.130521
v 0.178057 -0.238947 -0.110621
v 0.177580 -0.242163 -0.111115
v 0.184034 -0.226156 -0.116924
v 0.183489 -0.223767 -0.120508
v 0.182217 -0.236914 -0.137263
v 0.180182 -0.242736 -0.134349
v 0.189007 -0.226328 -0.140224
v 0.189760 -0.227325 -0.143379
v 0.185658 -0.217464 -0.126745
v 0.185809 -0.213991 -0.122719
v 0.167108 -0.350931 -0.125263
v 0.167145 -0.345152 -0.129950
v 0.165148 -0.332102 -0.122525
v 0.164903 -0.334462 -0.123454
v 0.163995 -0.310383 -0.123342
v 0.164284 -0.309810 -0.122022
v 0.180990 -0.242096 -0.109213
v 0.184550 -0.240231 -0.111069
v 0.227946 -0.387876 -0.125957
v 0.227823 -0.390153 -0.130317
v 0.228429 -0.402658 -0.130092
v 0.229304 -0.384842 -0.119566
v 0.227752 -0.382559 -0.118493
v 0.245470 -0.372341 -0.125056
v 0.202203 -0.441522 -0.132275
v 0.185523 -0.446509 -0.135091
v 0.170447 -0.458283 -0.131447
v 0.184504 -0.449645 -0.131240
v 0.170335 -0.459270 -0.129384
v 0.166640 -0.459303 -0.130077
v 0.168991 -0.458862 -0.135496
v 0.174269 -0.455046 -0.133765
v 0.168841 -0.457036 -0.136574
v 0.198153 -0.434054 -0.128076
v 0.189823 -0.437426 -0.128592
v 0.169969 -0.460398 -0.129294
v 0.170530 -0.459741 -0.135759
v 0.218837 -0.413620 -0.124878
v 0.218332 -0.407022 -0.123918
v 0.179833 -0.443350 -0.138081
v 0.182978 -0.442147 -0.137925
v 0.213110 -0.417612 -0.125855
v 0.207745 -0.421430 -0.125420
v 0.205006 -0.423128 -0.125991
v 0.207735 -0.421632 -0.125689
v 0.229235 -0.378851 -0.118399
v 0.228379 -0.381169 -0.118267
v 0.211544 -0.419650 -0.138303
v 0.208132 -0.420907 -0.137475
v 0.216059 -0.416649 -0.137899
v 0.214525 -0.417822 -0.138302
v 0.228061 -0.392110 -0.121951
v 0.228291 -0.390538 -0.121793
v 0.200648 -0.430649 -0.126534
v 0.201733 -0.430124 -0.126065
v 0.228475 -0.382679 -0.118410
v 0.228379 -0.381169 -0.118267
v 0.201089 -0.435557 -0.136928
v 0.189673 -0.437858 -0.135322
v 0.202158 -0.426939 -0.126480
v 0.203747 -0.425525 -0.127634
v 0.219962 -0.405072 -0.124728
v 0.218444 -0.406018 -0.124754
v 0.170653 -0.354571 -0.124428
v 0.169537 -0.350418 -0.131723
v 0.221515 -0.420747 -0.133043
v 0.194174 -0.439211 -0.130271
v 0.229986 -0.402912 -0.128753
v 0.240220 -0.370098 -0.134144
v 0.169337 -0.458712 -0.133217
v 0.239661 -0.363008 -0.139509
v 0.236964 -0.359652 -0.138367
v 0.244543 -0.381034 -0.136707
v 0.243341 -0.381904 -0.137084
v 0.221228 -0.400882 -0.122305
v 0.228317 -0.395735 -0.122663
v 0.222566 -0.418746 -0.130111
v 0.218406 -0.405088 -0.124475
v 0.206749 -0.429553 -0.133295
v 0.233674 -0.393015 -0.128356
v 0.190893 -0.441494 -0.135141
v 0.168413 -0.459019 -0.132348
v 0.242027 -0.376719 -0.122476
v 0.237051 -0.365608 -0.115754
v 0.166631 -0.463059 -0.128416
v 0.167289 -0.463854 -0.128362
v 0.262439 -0.393540 -0.140577
v 0.262340 -0.391977 -0.137484
v 0.262891 -0.375681 -0.107212
v 0.262676 -0.379671 -0.107953
v 0.262992 -0.374621 -0.111490
v 0.263110 -0.372373 -0.112580
v 0.263605 -0.360247 -0.117275
v 0.263406 -0.365057 -0.116282
v 0.263810 -0.348189 -0.107747
v 0.263734 -0.351632 -0.107060
v 0.202826 -0.442315 -0.137571
v 0.209236 -0.433732 -0.137486
v 0.241773 -0.387877 -0.139064
v 0.249704 -0.383711 -0.119975
v 0.260145 -0.374430 -0.121711
v 0.261946 -0.375026 -0.120917
v 0.180896 -0.447142 -0.131896
v 0.209224 -0.424658 -0.133372
v 0.165640 -0.457222 -0.131246
v 0.244312 -0.380790 -0.133278
v 0.244687 -0.379150 -0.130744
v 0.244710 -0.381958 -0.135385
v 0.243400 -0.382080 -0.136746
v 0.250515 -0.444907 -0.151669
v 0.252976 -0.444850 -0.151067
v 0.243072 -0.457177 -0.150101
v 0.236462 -0.452086 -0.144242
v 0.245074 -0.462088 -0.149731
v 0.253011 -0.443143 -0.150880
v 0.256909 -0.434530 -0.145519
v 0.257062 -0.426889 -0.144373
v 0.258796 -0.424430 -0.145027
v 0.258815 -0.421320 -0.135103
v 0.258633 -0.411643 -0.150599
v 0.262103 -0.408974 -0.134031
v 0.263179 -0.408973 -0.145761
v 0.262775 -0.409715 -0.150562
v 0.262010 -0.403491 -0.132999
v 0.263458 -0.396901 -0.141376
v 0.261860 -0.394881 -0.143615
v 0.262733 -0.378711 -0.132215
v 0.263049 -0.370669 -0.137323
v 0.260523 -0.378135 -0.146037
v 0.258177 -0.369282 -0.127893
v 0.263815 -0.352106 -0.142299
v 0.263635 -0.355844 -0.129661
v 0.263267 -0.368161 -0.110325
v 0.263513 -0.360056 -0.109342
v 0.260064 -0.378875 -0.109859
v 0.261168 -0.372392 -0.099632
v 0.260936 -0.410049 -0.096359
v 0.261056 -0.405970 -0.106590
v 0.262685 -0.368700 -0.100061
v 0.257599 -0.354944 -0.105283
v 0.262485 -0.374153 -0.106835
v 0.259025 -0.408418 -0.107360
v 0.261265 -0.415848 -0.110919
v 0.263884 -0.345073 -0.118002
v 0.264254 -0.334243 -0.122294
v 0.262089 -0.334453 -0.145631
v 0.263786 -0.346028 -0.137487
v 0.263832 -0.349597 -0.139143
v 0.264008 -0.351448 -0.125553
v 0.263946 -0.346588 -0.120750
v 0.261585 -0.346445 -0.103963
v 0.263964 -0.346009 -0.112670
v 0.262038 -0.332879 -0.102330
v 0.261228 -0.347328 -0.147386
v 0.263724 -0.380947 -0.129360
v 0.262577 -0.396531 -0.138376
v 0.262441 -0.389200 -0.149665
v 0.260881 -0.411488 -0.103636
v 0.255866 -0.419767 -0.108010
v 0.257508 -0.416523 -0.110652
v 0.256976 -0.439495 -0.109634
v 0.256965 -0.431356 -0.103552
v 0.253206 -0.441603 -0.108832
v 0.246801 -0.440233 -0.101663
v 0.232976 -0.464400 -0.100602
v 0.209298 -0.490079 -0.105078
v 0.255420 -0.433805 -0.148734
v 0.256660 -0.429291 -0.103117
v 0.262224 -0.407477 -0.132882
v 0.259645 -0.414195 -0.111196
v 0.245945 -0.461352 -0.150322
v 0.246289 -0.459209 -0.147624
v 0.247531 -0.463887 -0.151642
v 0.246824 -0.466410 -0.148388
v 0.244712 -0.454104 -0.138548
v 0.249348 -0.453310 -0.137239
v 0.244613 -0.467673 -0.137432
v 0.243874 -0.469237 -0.138034
v 0.235749 -0.473029 -0.147114
v 0.235152 -0.474117 -0.147522
v 0.256643 -0.435311 -0.148312
v 0.256769 -0.441746 -0.149807
v 0.256939 -0.434977 -0.139213
v 0.257795 -0.443481 -0.136636
v 0.256385 -0.432121 -0.147222
v 0.256759 -0.434549 -0.145179
v 0.253334 -0.422371 -0.144275
v 0.256786 -0.426309 -0.140300
v 0.261684 -0.415771 -0.137580
v 0.256487 -0.416967 -0.135405
v 0.256253 -0.427226 -0.147468
v 0.256403 -0.429339 -0.144858
v 0.265998 -0.409939 -0.145944
v 0.267124 -0.412025 -0.147234
v 0.262189 -0.390809 -0.147483
v 0.262277 -0.389067 -0.144473
v 0.258164 -0.375800 -0.132693
v 0.258678 -0.370640 -0.127164
v 0.263489 -0.364974 -0.138116
v 0.263363 -0.365252 -0.134620
v 0.263772 -0.352293 -0.143202
v 0.263802 -0.349003 -0.141044
v 0.263725 -0.352428 -0.138564
v 0.263662 -0.356612 -0.132128
v 0.259928 -0.343055 -0.143797
v 0.261091 -0.346353 -0.146526
v 0.263944 -0.351917 -0.126648
v 0.263506 -0.355489 -0.129754
v 0.263706 -0.355119 -0.108179
v 0.263479 -0.359070 -0.110436
v 0.263149 -0.367353 -0.115858
v 0.263268 -0.372539 -0.114922
v 0.262721 -0.375749 -0.106546
v 0.262888 -0.371183 -0.101474
v 0.263272 -0.385935 -0.101427
v 0.256813 -0.388658 -0.108508
v 0.263330 -0.365593 -0.107053
v 0.263214 -0.367549 -0.104190
v 0.263930 -0.346875 -0.121273
v 0.263769 -0.351530 -0.119007
v 0.263898 -0.351366 -0.124478
v 0.263878 -0.352909 -0.121633
v 0.264114 -0.340780 -0.120654
v 0.264129 -0.338353 -0.124505
v 0.263972 -0.342377 -0.112869
v 0.263942 -0.344521 -0.113180
v 0.264110 -0.334682 -0.106006
v 0.264041 -0.337809 -0.108136
v 0.263950 -0.346892 -0.109368
v 0.263821 -0.349072 -0.108200
v 0.267045 -0.351039 -0.103116
v 0.262996 -0.349801 -0.100963
v 0.262386 -0.389259 -0.149605
v 0.262278 -0.390915 -0.150062
v 0.262470 -0.394312 -0.139282
v 0.262336 -0.391666 -0.136850
v 0.261936 -0.398136 -0.139177
v 0.262117 -0.402848 -0.134431
v 0.263421 -0.406010 -0.111326
v 0.262483 -0.402540 -0.106602
v 0.264069 -0.410560 -0.105549
v 0.263449 -0.410747 -0.101790
v 0.262548 -0.375426 -0.118153
v 0.262237 -0.375200 -0.121430
v 0.264634 -0.409731 -0.151994
v 0.263950 -0.411219 -0.151884
v 0.263155 -0.404857 -0.095418
v 0.262890 -0.402225 -0.095152
v 0.258503 -0.425151 -0.101305
v 0.258398 -0.419987 -0.100510
v 0.257509 -0.431222 -0.103063
v 0.256891 -0.429556 -0.103474
v 0.257025 -0.441916 -0.104093
v 0.256948 -0.441845 -0.107037
v 0.256909 -0.436290 -0.110075
v 0.256988 -0.439933 -0.109401
v 0.256901 -0.413370 -0.110181
v 0.264641 -0.417140 -0.105208
v 0.256757 -0.441382 -0.095196
v 0.256555 -0.439579 -0.094674
v 0.243675 -0.466279 -0.098606
v 0.243959 -0.458340 -0.096659
v 0.218230 -0.494799 -0.097485
v 0.218250 -0.495025 -0.100011
v 0.251007 -0.447352 -0.099294
v 0.253805 -0.447409 -0.094821
v 0.169863 0.367278 0.077198
v 0.168852 0.366562 0.074552
v 0.175793 0.412431 0.191250
v 0.175282 0.414983 0.191608
v 0.176419 -0.296450 -0.127903
v 0.176369 -0.297071 -0.124403
v 0.184114 -0.272635 -0.123260
v 0.175385 -0.294393 -0.136937
v 0.176577 -0.295373 -0.136854
v 0.164624 -0.350366 -0.130634
v 0.178412 0.250591 0.064361
v 0.176562 0.253666 0.060351
v 0.186459 0.383215 0.098084
v 0.187142 0.381044 0.096574
v 0.189659 0.264179 0.084231
v 0.187936 0.265228 0.080207
v 0.198239 0.370187 0.157295
v 0.204134 0.375668 0.187261
v 0.192923 0.368707 0.134912
v 0.193278 0.328965 0.099523
v 0.195294 0.324879 0.102096
v 0.193999 0.263816 0.055080
v 0.193891 0.257804 0.056889
v 0.193278 0.328965 0.099523
v 0.195294 0.324879 0.102096
v 0.194286 -0.260775 -0.113303
v 0.196068 -0.259148 -0.111905
v 0.245155 -0.418167 -0.137612
v 0.245134 -0.417034 -0.139074
v 0.221249 -0.483899 -0.145615
v 0.226174 -0.469362 -0.141979
v 0.225776 -0.466822 -0.147887
v 0.244679 -0.383388 -0.133274
v 0.244830 -0.382864 -0.135471
v 0.218894 -0.478971 -0.139764
v 0.215767 -0.482941 -0.141779
v 0.219429 -0.478078 -0.149970
v 0.217637 -0.482250 -0.147646
v 0.209779 -0.497758 -0.150689
v 0.210002 -0.498080 -0.150727
v 0.241154 -0.358297 -0.111916
v 0.245014 -0.352129 -0.105992
v 0.238913 -0.360001 -0.120475
v 0.235391 -0.353316 -0.122296
v 0.235678 -0.347890 -0.129468
v 0.233144 -0.327940 -0.114981
v 0.235770 -0.324190 -0.131042
v 0.251286 -0.363507 -0.135422
v 0.243673 -0.338868 -0.142013
v 0.238880 -0.320407 -0.108822
v 0.240738 -0.332855 -0.107168
v 0.235253 -0.320726 -0.131949
v 0.227391 -0.311582 -0.144548
v 0.229916 -0.312300 -0.127489
v 0.236505 -0.330922 -0.138530
v 0.235285 -0.327295 -0.148552
v 0.241112 -0.358275 -0.135945
v 0.239317 -0.369474 -0.133460
v 0.233974 -0.363683 -0.131059
v 0.225162 -0.301216 -0.143217
v 0.225926 -0.302233 -0.137341
v 0.222531 -0.303357 -0.117760
v 0.232095 -0.315861 -0.114642
v 0.229496 -0.305422 -0.108663
v 0.230697 -0.307946 -0.127778
v 0.223973 -0.299133 -0.142004
v 0.203572 -0.278527 -0.107993
v 0.224850 -0.300919 -0.140211
v 0.219166 -0.277499 -0.140784
v 0.218267 -0.286494 -0.128734
v 0.216113 -0.290343 -0.124804
v 0.215229 -0.282246 -0.127452
v 0.215842 -0.284711 -0.126253
v 0.237564 -0.365035 -0.123140
v 0.226893 -0.302278 -0.108407
v 0.244953 -0.368899 -0.147868
v 0.242032 -0.370603 -0.144722
v 0.198490 -0.265901 -0.135258
v 0.201415 -0.258629 -0.142931
v 0.246741 -0.377757 -0.099688
v 0.240988 -0.372627 -0.114917
v 0.247876 -0.378085 -0.116404
v 0.243425 -0.391907 -0.105422
v 0.247321 -0.384939 -0.096204
v 0.242054 -0.402332 -0.101592
v 0.244433 -0.410064 -0.095082
v 0.243633 -0.422736 -0.097517
v 0.245617 -0.406248 -0.109720
v 0.243178 -0.406508 -0.098642
v 0.245261 -0.427462 -0.109282
v 0.245180 -0.417283 -0.096446
v 0.242657 -0.426997 -0.106124
v 0.241257 -0.455347 -0.099272
v 0.242355 -0.440808 -0.101835
v 0.244899 -0.435066 -0.108452
v 0.242708 -0.442100 -0.108967
v 0.229777 -0.463320 -0.109593
v 0.248345 -0.414573 -0.097150
v 0.243089 -0.406764 -0.098908
v 0.246042 -0.399236 -0.112027
v 0.245517 -0.402445 -0.110489
v 0.243677 -0.374247 -0.108814
v 0.248149 -0.397873 -0.134531
v 0.246255 -0.385641 -0.148208
v 0.246767 -0.373691 -0.144708
v 0.246217 -0.389895 -0.150555
v 0.244201 -0.393188 -0.138141
v 0.248210 -0.399192 -0.147754
v 0.252422 -0.412694 -0.141510
v 0.245387 -0.428211 -0.151055
v 0.243583 -0.426783 -0.141916
v 0.247469 -0.442397 -0.143834
v 0.244547 -0.443460 -0.149284
v 0.239634 -0.446739 -0.150097
v 0.230189 -0.460397 -0.151730
v 0.231277 -0.467367 -0.140368
v 0.226258 -0.470104 -0.150472
v 0.228748 -0.475314 -0.146892
v 0.242914 -0.428622 -0.134999
v 0.245446 -0.408658 -0.134838
v 0.244124 -0.407486 -0.134063
v 0.243342 -0.402943 -0.133892
v 0.245247 -0.423066 -0.141001
v 0.227207 -0.467744 -0.108234
v 0.223590 -0.490022 -0.100792
v 0.218367 -0.484368 -0.106835
v 0.222892 -0.476357 -0.107323
v 0.212738 -0.486591 -0.107476
v 0.210169 -0.498704 -0.109850
v 0.212905 -0.484347 -0.109731
v 0.223598 -0.470974 -0.108165
v 0.210535 -0.499064 -0.109755
v 0.245511 -0.428694 -0.151573
v 0.225225 -0.471690 -0.140091
v 0.221085 -0.475370 -0.139011
v 0.235173 -0.360707 -0.132497
v 0.244956 -0.442167 -0.108556
v 0.236734 -0.347081 -0.106069
v 0.236922 -0.345367 -0.108675
v 0.243480 -0.331998 -0.109716
v 0.237229 -0.325741 -0.111615
v 0.235239 -0.343182 -0.127195
v 0.233590 -0.354553 -0.125035
v 0.235583 -0.330364 -0.135317
v 0.235340 -0.327231 -0.137022
v 0.235361 -0.353355 -0.115584
v 0.235699 -0.352465 -0.116543
v 0.236758 -0.353118 -0.135221
v 0.235079 -0.357390 -0.133419
v 0.237631 -0.333744 -0.141171
v 0.236043 -0.332367 -0.144043
v 0.234818 -0.361723 -0.131798
v 0.235185 -0.362670 -0.134856
v 0.234494 -0.362589 -0.124025
v 0.232037 -0.365748 -0.130756
v 0.235018 -0.358798 -0.129709
v 0.233076 -0.359110 -0.132413
v 0.233844 -0.322520 -0.133194
v 0.238190 -0.316807 -0.138996
v 0.235678 -0.325179 -0.125587
v 0.235144 -0.320657 -0.130306
v 0.238842 -0.318915 -0.109577
v 0.235335 -0.317081 -0.105562
v 0.234214 -0.317905 -0.114086
v 0.234644 -0.318746 -0.117714
v 0.237305 -0.348285 -0.106257
v 0.238157 -0.352106 -0.102991
v 0.232485 -0.313907 -0.146015
v 0.234085 -0.315767 -0.146635
v 0.230921 -0.313594 -0.119621
v 0.229438 -0.312665 -0.126376
v 0.225826 -0.304800 -0.118123
v 0.226116 -0.304527 -0.109185
v 0.228375 -0.304685 -0.108568
v 0.230819 -0.307892 -0.108758
v 0.226487 -0.301685 -0.136011
v 0.225860 -0.300433 -0.139510
v 0.227868 -0.309511 -0.129466
v 0.228000 -0.309657 -0.136047
v 0.226965 -0.300643 -0.142751
v 0.227414 -0.299516 -0.140742
v 0.217907 -0.290884 -0.123824
v 0.218193 -0.292283 -0.130218
v 0.220474 -0.285612 -0.126405
v 0.218311 -0.287665 -0.128985
v 0.218835 -0.285873 -0.109583
v 0.215860 -0.285957 -0.110553
v 0.214929 -0.281203 -0.134386
v 0.214867 -0.281160 -0.128881
v 0.215420 -0.284023 -0.125873
v 0.215267 -0.284365 -0.117646
v 0.215399 -0.269746 -0.141492
v 0.211736 -0.276398 -0.115823
v 0.215065 -0.284854 -0.145313
v 0.215464 -0.282071 -0.146052
v 0.224972 -0.299144 -0.146101
v 0.226852 -0.297988 -0.143078
v 0.224588 -0.299255 -0.146474
v 0.222532 -0.296858 -0.146817
v 0.241932 -0.374441 -0.111503
v 0.243901 -0.375514 -0.112390
v 0.240004 -0.383999 -0.100592
v 0.245165 -0.384351 -0.104275
v 0.250437 -0.377409 -0.102085
v 0.249394 -0.378450 -0.100498
v 0.246236 -0.391722 -0.104177
v 0.242735 -0.394726 -0.108226
v 0.241269 -0.400325 -0.110835
v 0.246507 -0.403111 -0.110023
v 0.246485 -0.405599 -0.109788
v 0.245340 -0.405639 -0.099677
v 0.243715 -0.403597 -0.106947
v 0.245552 -0.417981 -0.099091
v 0.245155 -0.416135 -0.104547
v 0.245345 -0.415120 -0.096112
v 0.245452 -0.418083 -0.095462
v 0.246761 -0.428083 -0.102110
v 0.246925 -0.426040 -0.105512
v 0.240112 -0.425949 -0.107713
v 0.242415 -0.430195 -0.110574
v 0.243421 -0.371203 -0.143154
v 0.244355 -0.375417 -0.143725
v 0.248280 -0.370449 -0.146017
v 0.247417 -0.369695 -0.144005
v 0.250573 -0.388689 -0.147686
v 0.249743 -0.390844 -0.149244
v 0.247001 -0.392972 -0.136953
v 0.241852 -0.392212 -0.141813
v 0.249915 -0.408146 -0.135973
v 0.246489 -0.404096 -0.136904
v 0.245798 -0.421530 -0.143914
v 0.246175 -0.424060 -0.141840
v 0.248881 -0.417587 -0.136913
v 0.245148 -0.419480 -0.136078
v 0.246049 -0.423357 -0.139798
v 0.246437 -0.427675 -0.139077
v 0.243302 -0.402966 -0.134614
v 0.244546 -0.398593 -0.133099
v 0.244685 -0.399575 -0.145006
v 0.243790 -0.402123 -0.149887
v 0.246746 -0.431228 -0.149715
v 0.246004 -0.428985 -0.151196
v 0.242903 -0.441121 -0.137902
v 0.242290 -0.438917 -0.136808
v 0.240566 -0.440756 -0.141028
v 0.239001 -0.441097 -0.143889
v 0.231690 -0.453423 -0.137341
v 0.230910 -0.456663 -0.138393
v 0.232713 -0.462585 -0.149185
v 0.232730 -0.462352 -0.149849
v 0.221329 -0.472618 -0.106738
v 0.222170 -0.472128 -0.102348
v 0.217991 -0.486561 -0.103855
v 0.213621 -0.485513 -0.109322
v 0.229553 -0.466348 -0.103213
v 0.230242 -0.463367 -0.100854
v 0.224865 -0.469506 -0.109404
v 0.222966 -0.470754 -0.108664
v 0.212325 -0.488582 -0.098581
v 0.213879 -0.490998 -0.101210
v 0.228099 -0.448564 -0.105176
v 0.232164 -0.451345 -0.094727
v 0.242373 -0.443168 -0.095201
v 0.240379 -0.445227 -0.094496
v 0.242705 -0.441037 -0.101066
v 0.241892 -0.438195 -0.102589
v 0.198716 -0.431088 -0.137568
v 0.199808 -0.430426 -0.136046
v 0.200222 0.356198 0.138049
v 0.198824 0.358610 0.135496
v 0.206324 0.232160 0.155952
v 0.206869 0.233281 0.158897
v 0.212004 0.213841 0.188679
v 0.214559 0.209753 0.162414
v 0.211151 0.212334 0.148925
v 0.210724 0.211612 0.142038
v 0.212384 -0.496602 -0.102932
v 0.212913 -0.495608 -0.107878
v 0.212518 -0.495604 -0.098265
v 0.252373 -0.410660 -0.101762
v 0.247560 -0.439124 -0.102130
v 0.254306 -0.373419 -0.109979
v 0.235684 -0.463425 -0.099181
v 0.221137 -0.483949 -0.103590
v 0.212498 -0.495514 -0.105406
v 0.254299 -0.379276 -0.119318
v 0.249290 -0.377900 -0.119270
v 0.261073 -0.378642 -0.120372
v 0.242773 -0.468820 -0.108598
v 0.240117 -0.468016 -0.107162
v 0.239446 -0.445237 -0.109083
v 0.237650 -0.446314 -0.109529
v 0.253886 -0.447332 -0.110436
v 0.250791 -0.447832 -0.110620
v 0.248061 -0.447300 -0.136860
v 0.249159 -0.446412 -0.137232
v 0.254135 -0.373483 -0.126984
v 0.262300 -0.376879 -0.127179
v 0.250221 -0.444282 -0.137556
v 0.253413 -0.444174 -0.137313
v 0.252086 -0.406990 -0.146147
v 0.251601 -0.440518 -0.140973
v 0.242330 -0.433027 -0.135390
v 0.243921 -0.441930 -0.137850
v 0.235864 -0.466184 -0.146877
v 0.223740 -0.479885 -0.143725
v 0.212287 -0.494169 -0.144960
v 0.241992 -0.441314 -0.136576
v 0.255514 -0.372375 -0.134850
v 0.230204 -0.480437 -0.150532
v 0.230827 -0.479106 -0.151479
v 0.212863 -0.485849 -0.144202
v 0.230950 -0.478385 -0.151710
v 0.231435 -0.478639 -0.152179
v 0.230429 -0.469973 -0.142175
v 0.214449 0.255861 0.120248
v 0.214476 0.253072 0.122356
v 0.217651 0.233583 0.191520
v 0.218635 0.234705 0.191084
v 0.222219 0.251584 0.187697
v 0.221389 0.250902 0.155285
v 0.218978 0.251604 0.145632
v 0.218630 0.251870 0.155598
v 0.220984 0.251665 0.154884
v 0.219623 0.250354 0.155731
v 0.218278 0.253202 0.135640
v 0.217765 0.251314 0.137792
v 0.226248 0.281544 0.190886
v 0.223236 0.259391 0.189255
v 0.226670 0.296560 0.190683
v 0.224016 0.252333 0.189464
v 0.243093 -0.439275 -0.136169
v 0.243396 -0.441598 -0.136997
v 0.243438 -0.408241 -0.102747
v 0.243089 -0.406764 -0.098908
vn -0.8312 -0.3092 -0.4621
vn -0.8356 -0.3158 -0.4495
vn -0.8439 -0.2941 -0.4487
vn -0.9325 0.0793 0.3523
vn -0.9334 0.0753 0.3510
vn -0.9325 0.0783 0.3525
vn -0.9453 0.3142 0.0879
vn -0.9453 0.3123 0.0945
vn -0.9441 0.3174 0.0894
vn -0.9642 0.2639 0.0263
vn -0.9613 0.2752 0.0107
vn -0.9556 0.2947 0.0016
vn -0.9711 0.2334 0.0507
vn -0.9712 0.2349 0.0394
vn -0.2893 0.4986 -0.8171
vn -0.6390 0.1431 -0.7557
vn -0.9793 0.1996 0.0334
vn -0.9907 0.1168 0.0696
vn -0.9558 -0.2935 -0.0193
vn -0.9737 0.1203 -0.1934
vn -0.9171 0.3796 0.1218
vn -0.9175 0.3786 0.1218
vn -0.7862 0.1927 -0.5872
vn -0.7869 0.1922 -0.5864
vn -0.7866 0.1936 -0.5864
vn -0.7809 0.0108 -0.6245
vn -0.9037 0.0800 -0.4207
vn -0.8423 0.1390 -0.5208
vn -0.7705 -0.5321 0.3509
vn -0.8858 -0.3796 0.2670
vn -0.7616 -0.5355 0.3649
vn -0.8153 -0.4974 0.2965
vn -0.3663 0.1919 -0.9105
vn -0.6918 -0.6009 0.4004
vn -0.6466 -0.1153 -0.7541
vn -0.6491 -0.1146 -0.7520
vn -0.6480 -0.1049 -0.7544
vn -0.1211 0.2253 -0.9667
vn -0.1583 0.2775 -0.9476
vn -0.1623 0.2336 -0.9587
vn -0.1205 0.2218 -0.9676
vn 0.0846 0.5242 -0.8474
vn -0.0681 0.1541 -0.9857
vn 0.0720 0.3080 -0.9487
vn -0.8876 0.2317 0.3981
vn -0.8659 0.2980 0.4017
vn -0.8657 0.2956 0.4040
vn -0.0163 -0.1783 -0.9838
vn -0.2383 -0.0193 -0.9710
vn 0.0488 -0.3072 -0.9504
vn 0.3755 -0.3715 -0.8491
vn 0.2841 0.0091 -0.9588
vn 0.1472 -0.2285 -0.9624
vn 0.1148 0.0421 -0.9925
vn -0.9365 0.1519 0.3160
vn 0.8245 -0.0760 -0.5607
vn 0.3271 -0.3111 -0.8923
vn 0.3268 -0.3117 -0.8922
vn 0.3233 -0.3165 -0.8918
vn -0.2898 -0.1773 -0.9405
vn 0.0845 0.0574 -0.9948
vn -0.2689 0.0569 -0.9615
vn -0.1323 -0.1194 -0.9840
vn -0.6016 0.1917 -0.7754
vn -0.5377 0.1525 -0.8292
vn -0.3613 0.0474 -0.9312
vn 0.0030 -0.0201 -0.9998
vn -0.1650 0.9683 0.1876
vn -0.3517 0.2407 -0.9047
vn -0.3176 0.0247 -0.9479
vn -0.1778 0.1848 -0.9666
vn 0.0460 -0.0490 -0.9977
vn -0.0604 -0.0836 -0.9947
vn -0.2853 0.0501 -0.9571
vn -0.0439 0.0442 -0.9981
vn -0.0474 -0.0279 -0.9985
vn -0.0495 0.0014 -0.9988
vn -0.0885 0.0728 -0.9934
vn 0.1410 0.0037 -0.9900
vn 0.0920 -0.0328 -0.9952
vn 0.0381 0.1728 -0.9842
vn 0.0381 0.1724 -0.9843
vn 0.0378 0.1732 -0.9842
vn 0.3548 -0.2408 -0.9034
vn 0.5327 0.0292 -0.8458
vn 0.0258 -0.0242 -0.9994
vn 0.0680 -0.0131 -0.9976
vn 0.0378 -0.0375 -0.9986
vn 0.6822 -0.0344 -0.7303
vn 0.0614 -0.1243 -0.9903
vn 0.0793 -0.0165 -0.9967
vn -0.2149 0.0023 -0.9766
vn -0.1744 -0.0240 -0.9844
vn -0.1247 -0.0127 -0.9921
vn 0.3822 -0.0922 -0.9195
vn 0.3129 -0.0551 -0.9482
vn 0.3322 -0.0101 -0.9432
vn -0.1106 0.1460 -0.9831
vn -0.1096 0.1460 -0.9832
vn 0.1178 0.0089 -0.9930
vn 0.1060 0.0056 -0.9944
vn 0.1085 0.0098 -0.9940
vn 0.1673 -0.1923 -0.9670
vn 0.1343 -0.2405 -0.9613
vn 0.1189 -0.2425 -0.9628
vn 0.0810 -0.0208 -0.9965
vn 0.0734 0.0011 -0.9973
vn -0.0468 0.0049 -0.9989
vn 0.0680 0.0004 -0.9977
vn 0.1968 0.0224 -0.9802
vn 0.0267 -0.0848 -0.9960
vn 0.1496 0.0170 -0.9886
vn -0.6301 0.0756 -0.7728
vn -0.7193 -0.0292 -0.6941
vn -0.7029 0.0154 -0.7111
vn 0.0771 -0.1195 -0.9898
vn 0.1759 0.0225 -0.9841
vn -0.0921 0.0111 -0.9957
vn -0.0615 -0.1883 -0.9802
vn -0.6856 0.0911 -0.7222
vn 0.7742 0.1793 -0.6071
vn 0.4356 0.0179 -0.9000
vn 0.0659 -0.0051 -0.9978
vn 0.6468 -0.1160 -0.7538
vn 0.6417 -0.1401 -0.7540
vn 0.6385 -0.3599 -0.6802
vn 0.5664 -0.1831 -0.8035
vn -0.1085 -0.0071 -0.9941
vn -0.0010 -0.1121 -0.9937
vn -0.2794 -0.5059 -0.8161
vn 0.9372 0.2152 0.2745
vn 0.9397 0.2637 -0.2178
vn 0.8526 0.5221 -0.0225
vn 0.1216 0.1104 -0.9864
vn 0.3659 0.1078 -0.9244
vn -0.3833 0.0325 -0.9231
vn -0.0428 0.0193 -0.9989
vn 0.0095 -0.0063 -0.9999
vn -0.1520 0.0259 -0.9880
vn -0.3751 0.2316 -0.8976
vn 0.6814 -0.1144 -0.7229
vn 0.7135 0.0906 -0.6948
vn 0.6692 -0.2178 -0.7104
vn -0.4230 -0.0107 -0.9061
vn -0.0490 0.0388 -0.9980
vn -0.3449 0.2260 -0.9110
vn -0.3988 0.2613 -0.8790
vn -0.4294 0.2788 -0.8590
vn -0.0721 0.0280 -0.9970
vn -0.4461 0.2182 -0.8680
vn 0.0463 0.0877 -0.9951
vn -0.1764 -0.0108 -0.9843
vn -0.3243 0.2126 -0.9217
vn -0.3398 0.0265 -0.9401
vn -0.3396 0.0253 -0.9402
vn -0.8918 0.1414 -0.4299
vn 0.0403 -0.0201 -0.9990
vn -0.5980 0.0229 -0.8012
vn -0.0479 0.0616 -0.9970
vn -0.1401 -0.0652 -0.9880
vn -0.0982 0.1252 -0.9873
vn -0.0036 0.0151 -0.9999
vn -0.0722 -0.0033 -0.9974
vn -0.0026 0.0045 -1.0000
vn -0.0023 0.0059 -1.0000
vn -0.0028 0.0057 -1.0000
vn -0.3043 0.1813 -0.9352
vn 0.2816 0.1210 -0.9519
vn 0.2135 0.1312 -0.9681
vn 0.4298 0.0960 -0.8978
vn 0.0231 -0.1054 -0.9942
vn -0.4321 -0.1488 -0.8895
vn 0.2994 0.0987 -0.9490
vn -0.2754 -0.0618 -0.9593
vn -0.2757 -0.0616 -0.9593
vn -0.2745 -0.0599 -0.9597
vn 0.7290 -0.1500 -0.6679
vn -0.0200 -0.2450 -0.9693
vn 0.0701 -0.0427 -0.9966
vn -0.0663 -0.1772 -0.9819
vn 0.9772 -0.0007 -0.2125
vn -0.0328 0.0338 -0.9989
vn -0.6773 0.0015 -0.7357
vn -0.4868 -0.2536 -0.8359
vn -0.7723 0.1980 -0.6036
vn 0.1180 -0.6970 -0.7073
vn 0.2623 -0.0411 -0.9641
vn 0.0383 0.0269 -0.9989
vn 0.1280 -0.1804 -0.9752
vn -0.0722 -0.0067 -0.9974
vn -0.7650 -0.5718 -0.2964
vn -0.8132 -0.5683 -0.1256
vn -0.1476 0.8507 -0.5044
vn -0.1481 0.8509 -0.5040
vn -0.1481 0.8511 -0.5036
vn 0.8853 -0.3465 -0.3101
vn 0.8746 -0.3693 -0.3142
vn 0.8857 -0.3449 -0.3108
vn -0.6188 0.1238 -0.7757
vn -0.6331 0.1347 -0.7622
vn -0.6279 0.1371 -0.7661
vn -0.2891 -0.8181 -0.4971
vn -0.3528 -0.6178 -0.7028
vn -0.3882 -0.4482 -0.8052
vn -0.3241 -0.3424 -0.8819
vn -0.6317 -0.4572 0.6260
vn -0.0978 0.0246 -0.9949
vn -0.0698 -0.0495 -0.9963
vn -0.0693 -0.0545 -0.9961
vn -0.1996 -0.3466 -0.9165
vn -0.2660 -0.4645 -0.8447
vn -0.0494 -0.4357 -0.8987
vn -0.3836 -0.2539 -0.8879
vn 0.0755 -0.5738 -0.8155
vn 0.0486 -0.6391 -0.7676
vn -0.0056 -0.5835 -0.8121
vn -0.2752 -0.2633 -0.9246
vn -0.9242 -0.1484 -0.3519
vn -0.7531 -0.2968 -0.5872
vn -0.4448 -0.4221 -0.7899
vn -0.0788 0.1178 -0.9899
vn -0.2301 -0.0544 -0.9716
vn -0.1520 0.0863 -0.9846
vn -0.2461 -0.0533 -0.9678
vn -0.0500 -0.0746 -0.9960
vn -0.0282 -0.0681 -0.9973
vn 0.2013 0.3027 -0.9316
vn 0.1113 0.6408 -0.7596
vn 0.0785 0.3075 -0.9483
vn -0.1180 0.0832 -0.9895
vn -0.1242 0.0558 -0.9907
vn -0.0307 0.0376 -0.9988
vn -0.2515 -0.3992 -0.8817
vn -0.1531 -0.0598 -0.9864
vn -0.6337 -0.0326 -0.7729
vn -0.4537 -0.0129 -0.8911
vn -0.5116 -0.0149 -0.8591
vn 0.4539 0.8138 -0.3628
vn -0.2948 -0.3195 -0.9006
vn -0.6184 -0.1950 -0.7613
vn 0.1562 0.2680 -0.9507
vn 0.2102 0.2268 -0.9510
vn -0.0724 -0.0178 -0.9972
vn -0.0088 -0.0279 -0.9996
vn 0.3608 0.0468 -0.9315
vn 0.6999 0.6319 -0.3328
vn -0.2235 -0.6030 -0.7658
vn 0.4217 0.5105 -0.7494
vn -0.1194 -0.5010 -0.8572
vn -0.3619 -0.6386 -0.6792
vn -0.2495 -0.6705 -0.6986
vn -0.7123 0.6500 -0.2648
vn 0.1230 0.1083 -0.9865
vn -0.4797 -0.8265 -0.2946
vn 0.6996 -0.7114 -0.0673
vn 0.0068 -0.0004 -1.0000
vn 0.0032 -0.0011 -1.0000
vn 0.0037 -0.0014 -1.0000
vn 0.3867 -0.4563 -0.8014
vn 0.3896 -0.4437 -0.8071
vn 0.4192 -0.4414 -0.7934
vn -0.0260 -0.0944 -0.9952
vn 0.1933 0.2188 -0.9564
vn -0.0459 -0.1178 -0.9920
vn -0.0381 -0.1168 -0.9924
vn -0.2510 -0.3818 -0.8895
vn -0.0015 -0.0016 -1.0000
vn -0.1591 -0.1987 -0.9671
vn -0.3040 -0.7017 -0.6444
vn -0.3092 -0.6962 -0.6478
vn -0.2714 -0.6417 -0.7173
vn -0.1188 0.1494 -0.9816
vn -0.1038 0.1613 -0.9814
vn -0.1160 0.1524 -0.9815
vn 0.0720 0.1774 -0.9815
vn 0.0063 0.0040 -1.0000
vn 0.0056 0.0044 -1.0000
vn -0.0012 0.0010 -1.0000
vn 0.5483 -0.5516 -0.6285
vn -0.3068 -0.4171 -0.8555
vn -0.3186 -0.5888 -0.7428
vn 0.0022 -0.0014 -1.0000
vn -0.0040 0.0038 -1.0000
vn -0.0006 0.0004 -1.0000
vn -0.3090 0.0057 -0.9511
vn 0.1052 -0.1052 -0.9889
vn 0.2010 -0.4376 -0.8764
vn 0.2077 -0.4218 -0.8826
vn 0.2083 -0.4533 -0.8667
vn -0.5248 0.0054 -0.8512
vn -0.4153 0.0423 -0.9087
vn -0.2707 -0.0028 -0.9626
vn 0.0028 -0.0020 -1.0000
vn 0.0040 -0.0000 -1.0000
vn 0.0061 -0.0008 -1.0000
vn -0.0041 0.0022 -1.0000
vn -0.0046 0.0012 -1.0000
vn -0.0029 0.0031 -1.0000
vn -0.3975 0.0888 -0.9133
vn 0.1082 0.0124 -0.9941
vn -0.0013 0.0044 -1.0000
vn -0.2682 -0.6075 -0.7477
vn -0.2326 0.1931 -0.9532
vn 0.0638 0.0899 -0.9939
vn 0.0005 -0.0003 -1.0000
vn 0.0003 -0.0012 -1.0000
vn 0.0003 -0.0008 -1.0000
vn -0.2014 -0.4827 -0.8523
vn -0.4834 -0.2546 -0.8375
vn -0.3453 -0.2186 -0.9127
vn -0.4195 -0.2412 -0.8751
vn -0.2179 -0.3525 -0.9101
vn -0.3272 -0.0289 -0.9445
vn -0.1644 -0.4847 -0.8591
vn 0.0005 -0.0032 -1.0000
vn -0.0002 -0.0042 -1.0000
vn -0.0004 -0.0013 -1.0000
vn -0.5832 0.1639 -0.7956
vn -0.5844 0.1813 -0.7909
vn -0.5681 0.1719 -0.8048
vn -0.0994 -0.5973 -0.7958
vn -0.1571 -0.3592 -0.9200
vn 0.0004 -0.0020 -1.0000
vn -0.0183 -0.2337 -0.9721
vn -0.0042 0.1445 -0.9895
vn -0.1011 0.1881 -0.9769
vn -0.1366 0.2123 -0.9676
vn 0.3964 -0.1332 -0.9084
vn 0.3787 -0.1316 -0.9161
vn 0.4068 -0.1278 -0.9046
vn 0.0017 0.0023 -1.0000
vn -0.0006 0.0020 -1.0000
vn -0.0007 0.0005 -1.0000
vn -0.7916 -0.0722 -0.6068
vn -0.4272 -0.2075 -0.8800
vn -0.7212 -0.0914 -0.6867
vn -0.0035 0.0056 -1.0000
vn -0.0045 -0.0008 -1.0000
vn -0.1483 0.0955 -0.9843
vn -0.1663 0.1109 -0.9798
vn -0.1128 -0.0772 -0.9906
vn 0.3107 0.0735 -0.9477
vn -0.0211 0.2471 -0.9688
vn -0.0197 0.2347 -0.9719
vn -0.0358 0.2358 -0.9711
vn -0.6631 -0.0194 -0.7483
vn -0.2879 -0.3973 -0.8713
vn -0.4158 -0.3014 -0.8581
vn 0.1224 -0.7336 -0.6684
vn 0.2532 -0.9527 -0.1679
vn -0.0786 -0.6422 -0.7625
vn -0.3305 0.2980 -0.8955
vn -0.1362 0.0741 -0.9879
vn -0.0012 0.0093 -1.0000
vn -0.0013 0.0096 -1.0000
vn -0.0021 0.0021 -1.0000
vn 0.0622 -0.1930 -0.9792
vn -0.1481 -0.2028 -0.9680
vn -0.1572 -0.3184 -0.9348
vn -0.1230 -0.5845 -0.8020
vn 0.0228 -0.1728 -0.9847
vn -0.3846 -0.3633 -0.8486
vn -0.1055 0.2807 -0.9540
vn -0.1117 0.2826 -0.9527
vn 0.3252 0.0671 -0.9433
vn -0.0056 -0.0000 -1.0000
vn -0.0876 -0.5370 -0.8390
vn -0.1674 -0.1677 -0.9715
vn -0.0299 -0.4949 -0.8684
vn -0.0092 -0.0013 -1.0000
vn -0.0090 -0.0016 -1.0000
vn -0.1842 0.0967 -0.9781
vn -0.4041 0.2239 -0.8869
vn -0.4075 0.2375 -0.8818
vn -0.4040 0.2260 -0.8864
vn 0.1288 -0.3149 -0.9403
vn -0.3691 -0.3334 -0.8675
vn -0.1084 -0.4593 -0.8817
vn -0.2053 -0.4110 -0.8882
vn -0.0007 0.0020 -1.0000
vn -0.2485 -0.2255 -0.9420
vn -0.2323 -0.2235 -0.9466
vn -0.2416 -0.2234 -0.9443
vn -0.2585 -0.1519 -0.9540
vn -0.0527 -0.1048 -0.9931
vn -0.0645 -0.1706 -0.9832
vn -0.0797 -0.4559 -0.8865
vn -0.0806 -0.4490 -0.8899
vn -0.0802 -0.4719 -0.8780
vn 0.2656 -0.0905 -0.9598
vn -0.1417 -0.2391 -0.9606
vn 0.1151 -0.5339 -0.8377
vn -0.1060 -0.4725 -0.8749
vn -0.3746 0.1064 -0.9211
vn 0.0236 0.2912 -0.9564
vn 0.0185 0.2893 -0.9571
vn 0.0221 0.2923 -0.9561
vn -0.0233 0.0349 -0.9991
vn -0.1677 0.0819 -0.9824
vn -0.0097 0.0221 -0.9997
vn -0.3616 0.1074 -0.9261
vn -0.0007 -0.5030 -0.8643
vn -0.4788 -0.3130 -0.8202
vn -0.1144 -0.2211 -0.9685
vn -0.3388 -0.2725 -0.9005
vn 0.0204 -0.1303 -0.9913
vn 0.0417 0.0094 -0.9991
vn -0.0312 -0.2395 -0.9704
vn 0.0675 -0.2884 -0.9551
vn -0.0066 -0.0012 -1.0000
vn -0.2631 -0.4409 -0.8581
vn -0.2550 -0.4426 -0.8597
vn -0.2554 -0.4538 -0.8537
vn 0.2720 0.8692 -0.4130
vn -0.2228 0.1417 -0.9645
vn 0.1180 0.7892 -0.6027
vn -0.0246 -0.0852 -0.9961
vn 0.0461 0.1926 -0.9802
vn -0.1165 0.1165 -0.9863
vn -0.0895 -0.0605 -0.9941
vn -0.0899 -0.0638 -0.9939
vn -0.0913 -0.0636 -0.9938
vn 0.0177 -0.1821 -0.9831
vn -0.0766 -0.1184 -0.9900
vn -0.0612 -0.0435 -0.9972
vn -0.0638 -0.0493 -0.9967
vn -0.0618 -0.0466 -0.9970
vn -0.0678 -0.0505 -0.9964
vn 0.0101 0.0028 -0.9999
vn 0.0105 0.0021 -0.9999
vn 0.0068 -0.1962 -0.9805
vn 0.0165 -0.1521 -0.9882
vn 0.0162 -0.4377 -0.8990
vn 0.0245 -0.4477 -0.8939
vn 0.2991 -0.4609 -0.8355
vn 0.0020 0.0008 -1.0000
vn 0.0012 0.0015 -1.0000
vn 0.0017 0.0010 -1.0000
vn -0.0726 0.0247 -0.9971
vn -0.1183 0.0802 -0.9897
vn -0.0036 0.0160 -0.9999
vn 0.1082 0.1668 -0.9800
vn 0.0218 0.0138 -0.9997
vn 0.0509 0.1028 -0.9934
vn 0.1095 -0.5242 -0.8446
vn 0.1418 -0.5393 -0.8301
vn 0.2710 -0.4104 -0.8707
vn 0.1703 -0.3430 -0.9238
vn 0.4367 -0.5034 -0.7456
vn 0.1359 -0.1705 -0.9759
vn 0.2031 -0.4037 -0.8921
vn 0.2105 -0.3859 -0.8982
vn 0.2188 -0.3895 -0.8946
vn 0.0895 0.1054 -0.9904
vn 0.2809 0.4176 -0.8641
vn 0.1812 0.4656 -0.8662
vn 0.1770 -0.0038 -0.9842
vn 0.0708 0.0261 -0.9971
vn 0.1491 0.1094 -0.9827
vn 0.1513 -0.1457 -0.9777
vn 0.5695 0.0246 -0.8216
vn 0.5697 0.0242 -0.8215
vn 0.5696 0.0251 -0.8216
vn 0.1757 0.0570 -0.9828
vn 0.2373 0.0102 -0.9714
vn 0.1675 0.3471 -0.9228
vn -0.0020 -0.0002 -1.0000
vn -0.0023 -0.0026 -1.0000
vn -0.0020 -0.0004 -1.0000
vn -0.0017 0.0025 -1.0000
vn 0.1527 -0.4725 -0.8680
vn 0.1514 -0.1982 -0.9684
vn 0.0756 -0.1102 -0.9910
vn 0.3581 -0.4130 -0.8374
vn 0.2078 0.0260 -0.9778
vn 0.3785 0.2294 -0.8967
vn 0.0469 -0.2653 -0.9630
vn 0.0023 0.0057 -1.0000
vn 0.2717 -0.2013 -0.9411
vn 0.1560 0.0019 -0.9878
vn 0.1805 -0.0042 -0.9836
vn 0.1689 -0.0125 -0.9855
vn 0.0036 -0.0257 -0.9997
vn 0.0269 -0.5151 -0.8567
vn 0.0545 0.1857 -0.9811
vn 0.0075 0.2829 -0.9591
vn 0.0118 0.2858 -0.9582
vn 0.0037 0.2886 -0.9574
vn 0.0021 -0.0039 -1.0000
vn 0.2848 -0.6093 -0.7400
vn 0.2377 -0.6492 -0.7225
vn 0.1233 -0.4569 -0.8809
vn 0.4451 -0.4947 -0.7464
vn -0.0056 -0.0004 -1.0000
vn -0.0014 0.0012 -1.0000
vn -0.0000 0.0020 -1.0000
vn 0.0751 0.3420 -0.9367
vn 0.0740 0.3211 -0.9442
vn 0.0605 0.3154 -0.9470
vn 0.0953 -0.0573 -0.9938
vn 0.0010 -0.0000 -1.0000
vn 0.5003 0.3085 -0.8090
vn 0.1933 0.1304 -0.9724
vn 0.3286 0.1353 -0.9347
vn 0.1976 0.1371 -0.9706
vn 0.0952 0.4509 -0.8875
vn -0.0000 -0.0017 -1.0000
vn 0.0025 0.0010 -1.0000
vn -0.0656 -0.0217 -0.9976
vn -0.0308 -0.0936 -0.9951
vn -0.1361 0.1051 -0.9851
vn 0.2173 -0.4716 -0.8546
vn 0.3749 -0.4063 -0.8333
vn 0.2042 -0.4256 -0.8815
vn -0.2488 0.2980 -0.9216
vn 0.0753 -0.0511 -0.9959
vn -0.2064 -0.1603 -0.9652
vn 0.0136 -0.1644 -0.9863
vn 0.2790 0.0059 -0.9603
vn 0.2840 -0.0474 -0.9576
vn 0.2193 -0.1582 -0.9627
vn 0.2598 0.1256 -0.9575
vn 0.3086 0.0524 -0.9498
vn 0.0002 0.0021 -1.0000
vn 0.0005 0.0022 -1.0000
vn 0.0006 0.0022 -1.0000
vn 0.0808 -0.1422 -0.9865
vn 0.2574 -0.7612 -0.5953
vn 0.1329 -0.1568 -0.9786
vn 0.1191 -0.0903 -0.9888
vn 0.0259 -0.2114 -0.9771
vn 0.2044 -0.2350 -0.9503
vn 0.0742 0.1299 -0.9887
vn 0.0204 0.0263 -0.9994
vn 0.0216 0.0256 -0.9994
vn 0.0200 0.0252 -0.9995
vn 0.1974 -0.4086 -0.8911
vn 0.0979 -0.4949 -0.8634
vn -0.4014 0.9158 -0.0143
vn 0.2828 -0.2697 -0.9205
vn 0.2638 -0.2890 -0.9203
vn 0.0026 0.0018 -1.0000
vn 0.1984 -0.0444 -0.9791
vn 0.2044 -0.0503 -0.9776
vn 0.2043 -0.0463 -0.9778
vn 0.0007 0.0024 -1.0000
vn 0.2234 -0.1410 -0.9645
vn 0.2359 -0.1201 -0.9643
vn 0.1803 -0.2811 -0.9426
vn 0.2731 0.1172 -0.9548
vn 0.2154 -0.4585 -0.8622
vn -0.0085 -0.0243 -0.9997
vn 0.0013 0.0036 -1.0000
vn 0.0009 0.0024 -1.0000
vn -0.0071 0.0012 -1.0000
vn -0.0074 0.0011 -1.0000
vn -0.0070 -0.0002 -1.0000
vn 0.3683 -0.0907 -0.9253
vn -0.0004 0.0065 -1.0000
vn -0.0009 0.0064 -1.0000
vn 0.0462 -0.5880 -0.8075
vn -0.1426 -0.6691 -0.7294
vn 0.2301 -0.4201 -0.8778
vn 0.2617 0.0384 -0.9644
vn 0.3550 -0.1518 -0.9225
vn 0.4187 -0.2337 -0.8775
vn 0.3043 -0.0999 -0.9473
vn 0.2937 -0.0655 -0.9537
vn 0.2853 -0.0716 -0.9558
vn 0.2875 -0.0649 -0.9556
vn 0.3072 -0.3399 -0.8889
vn 0.4081 -0.2919 -0.8650
vn 0.5315 -0.2055 -0.8217
vn 0.5329 -0.1887 -0.8248
vn 0.5372 -0.1853 -0.8229
vn -0.0021 0.0052 -1.0000
vn 0.5167 -0.2356 -0.8231
vn 0.3808 -0.0587 -0.9228
vn 0.5018 -0.2363 -0.8321
vn 0.5293 -0.1865 -0.8277
vn 0.0715 -0.0070 -0.9974
vn -0.0048 0.0043 -1.0000
vn 0.1122 -0.0131 -0.9936
vn -0.0108 -0.0078 -0.9999
vn -0.0011 -0.0002 -1.0000
vn 0.0012 0.0039 -1.0000
vn 0.2405 -0.0210 -0.9704
vn 0.6000 -0.5300 -0.5993
vn 0.6241 -0.5048 -0.5964
vn 0.5526 -0.6625 -0.5057
vn 0.0003 0.0006 -1.0000
vn 0.2056 0.0500 -0.9773
vn 0.4889 -0.4432 -0.7513
vn 0.4261 0.1730 -0.8880
vn 0.4230 0.1711 -0.8898
vn 0.4249 0.1871 -0.8857
vn -0.0059 -0.0016 -1.0000
vn 0.0992 -0.0065 -0.9950
vn -0.0045 -0.0079 -1.0000
vn -0.0044 0.0047 -1.0000
vn 0.8561 -0.5127 -0.0649
vn 0.8487 -0.5229 -0.0790
vn 0.8506 -0.5174 -0.0940
vn -0.1083 0.2033 -0.9731
vn 0.1520 -0.3308 -0.9314
vn -0.2181 0.4231 -0.8794
vn 0.6266 -0.3499 -0.6964
vn 0.1055 -0.3861 -0.9164
vn 0.3218 -0.0089 -0.9468
vn 0.3818 0.0736 -0.9213
vn 0.4970 0.0042 -0.8678
vn 0.5453 -0.2589 -0.7973
vn 0.4340 -0.5305 -0.7281
vn 0.0417 -0.0461 -0.9981
vn 0.0429 -0.0453 -0.9981
vn 0.0441 -0.0448 -0.9980
vn 0.1948 -0.1551 -0.9685
vn 0.1754 -0.3493 -0.9204
vn 0.1330 -0.1082 -0.9852
vn 0.0304 -0.0184 -0.9994
vn -0.2916 0.5757 -0.7639
vn 0.2708 -0.3964 -0.8772
vn 0.2698 -0.4027 -0.8747
vn 0.2753 -0.3996 -0.8744
vn 0.0545 0.0134 -0.9984
vn 0.1247 0.0995 -0.9872
vn 0.6930 -0.2269 -0.6843
vn 0.5797 -0.3726 -0.7246
vn 0.2137 -0.1044 -0.9713
vn 0.2145 -0.1047 -0.9711
vn 0.2132 -0.1063 -0.9712
vn -0.0487 0.3891 -0.9199
vn 0.1310 -0.5995 0.7896
vn 0.2806 -0.5396 0.7938
vn 0.0149 -0.4981 0.8670
vn 0.3853 0.0931 -0.9181
vn 0.1840 -0.0236 -0.9827
vn 0.0402 -0.0475 -0.9981
vn 0.1060 -0.0125 -0.9943
vn 0.5314 -0.1322 -0.8367
vn 0.4969 -0.5807 -0.6449
vn 0.5838 -0.3765 -0.7193
vn 0.6909 -0.2734 -0.6693
vn 0.5974 -0.1072 -0.7948
vn 0.5622 0.4386 -0.7011
vn 0.5655 0.4375 -0.6992
vn 0.5701 0.4492 -0.6879
vn 0.0208 -0.0648 -0.9977
vn 0.6520 -0.0511 -0.7565
vn 0.7307 -0.1041 -0.6747
vn -0.8112 -0.0813 0.5791
vn -0.8168 -0.0479 0.5749
vn -0.8182 -0.0588 0.5719
vn -0.3622 0.3856 0.8486
vn -0.0180 -0.2549 0.9668
vn -0.3268 0.0179 0.9449
vn 0.1226 -0.4264 0.8962
vn 0.2556 -0.6453 0.7199
vn 0.7135 -0.2016 0.6710
vn 0.7135 -0.1997 0.6716
vn 0.7131 -0.2000 0.6720
vn 0.0190 0.0642 0.9978
vn -0.3026 0.1298 0.9442
vn -0.3268 0.1411 0.9345
vn -0.3881 -0.0608 0.9196
vn -0.3913 -0.0500 0.9189
vn -0.3939 -0.0531 0.9176
vn -0.2485 0.1295 0.9599
vn 0.4249 -0.0457 0.9041
vn 0.5305 0.1986 0.8241
vn 0.5273 0.2053 0.8245
vn 0.5169 0.1659 0.8398
vn 0.8120 0.2658 0.5196
vn 0.7153 0.2320 0.6592
vn 0.7752 0.5237 0.3533
vn 0.7719 0.2003 0.6033
vn 0.4534 -0.0737 0.8883
vn 0.8441 0.3048 0.4411
vn 0.9836 0.0965 0.1525
vn 0.9834 0.1024 0.1496
vn 0.9808 0.0979 0.1688
vn 0.9761 -0.1296 0.1746
vn 0.9755 -0.1528 0.1582
vn 0.9855 -0.1222 0.1181
vn 0.9782 -0.1236 0.1670
vn 0.7985 0.1320 0.5873
vn 0.8037 0.1367 0.5791
vn 0.7984 0.1331 0.5873
vn -0.4149 -0.7442 0.5234
vn -0.4016 -0.7645 0.5042
vn -0.4168 -0.4443 0.7930
vn -0.4204 -0.4540 0.7856
vn 0.7508 0.0348 -0.6596
vn 0.3995 -0.0333 -0.9161
vn 0.8118 -0.0016 -0.5839
vn 0.8744 0.0386 -0.4836
vn 0.9531 0.0748 -0.2934
vn 0.8900 0.2982 -0.3449
vn 0.9418 0.3181 -0.1087
vn 0.5460 0.8002 -0.2481
vn -0.9022 -0.4112 -0.1304
vn -0.9018 -0.4126 -0.1281
vn -0.7202 -0.6299 -0.2907
vn -0.6483 -0.6736 -0.3550
vn -0.7375 -0.5856 -0.3364
vn -0.8251 -0.5206 -0.2196
vn -0.7515 -0.5496 -0.3650
vn -0.9709 -0.0659 -0.2301
vn -0.7998 -0.4933 -0.3421
vn -0.8001 -0.4946 -0.3393
vn -0.8024 -0.4913 -0.3388
vn -0.9832 -0.0338 -0.1792
vn -0.9949 0.0067 -0.1008
vn -0.9833 -0.0366 -0.1784
vn -0.9936 0.0718 -0.0871
vn -0.9993 0.0349 -0.0124
vn -0.9995 0.0320 -0.0071
vn -0.9968 0.0525 -0.0600
vn -0.9867 0.0614 -0.1505
vn -0.9758 -0.0560 -0.2115
vn -0.9830 0.0344 -0.1806
vn -0.9917 -0.0789 -0.1012
vn -0.9845 -0.0649 -0.1627
vn -0.9761 -0.0668 -0.2070
vn -0.9854 0.0614 -0.1585
vn -0.9862 0.0608 -0.1542
vn -0.9860 0.0616 -0.1546
vn -0.9765 0.0209 -0.2146
vn -0.9766 0.1049 0.1876
vn -0.9742 0.2186 0.0556
vn -0.8886 0.3917 0.2389
vn -0.9835 0.0043 -0.1810
vn -0.9589 0.2451 -0.1428
vn -0.9512 0.2770 -0.1362
vn -0.9588 0.2361 -0.1577
vn -0.9975 0.0509 0.0484
vn -0.9543 0.2970 -0.0330
vn -0.9406 0.3083 -0.1422
vn -0.9731 0.0008 -0.2304
vn -0.9689 -0.0109 -0.2470
vn -0.9764 -0.0014 -0.2159
vn -0.9698 0.1691 -0.1755
vn -0.9752 0.1557 -0.1572
vn -0.9779 0.1494 -0.1462
vn -0.9657 0.2314 -0.1178
vn -0.9190 -0.1097 -0.3787
vn -0.9433 0.0540 -0.3276
vn -0.8809 -0.2393 -0.4084
vn -0.9443 0.1187 -0.3071
vn -0.9676 0.2193 -0.1251
vn -0.9387 -0.0593 -0.3395
vn -0.9462 -0.0573 -0.3185
vn -0.9458 -0.0575 -0.3196
vn -0.9463 -0.0590 -0.3180
vn -0.9852 0.1175 -0.1249
vn -0.9643 0.2225 -0.1434
vn -0.9645 0.2203 -0.1456
vn -0.9635 0.2266 -0.1424
vn -0.9688 0.2204 -0.1130
vn -0.9683 0.2218 -0.1148
vn -0.9682 0.2233 -0.1127
vn -0.5748 0.5449 0.6104
vn -0.9663 0.2087 -0.1505
vn -0.8562 0.4354 0.2779
vn -0.4456 0.5585 0.6997
vn -0.9221 0.0662 -0.3812
vn -0.9163 0.0251 -0.3996
vn -0.9352 0.0107 -0.3540
vn 0.2854 0.6085 0.7405
vn -0.9441 -0.0666 -0.3230
vn -0.9792 0.0876 -0.1830
vn -0.9788 0.0880 -0.1851
vn -0.9186 0.0329 -0.3938
vn 0.6960 0.3611 0.6206
vn -0.9001 0.3405 -0.2717
vn -0.9261 0.2997 -0.2294
vn -0.8583 0.4301 -0.2799
vn -0.9542 0.2710 -0.1269
vn -0.9536 0.2749 -0.1231
vn -0.9542 0.2719 -0.1252
vn -0.9634 0.2269 -0.1425
vn -0.9626 0.2276 -0.1472
vn -0.3149 0.9469 -0.0646
vn -0.3154 0.9473 -0.0557
vn -0.3159 0.9472 -0.0544
vn -0.9502 -0.1472 -0.2747
vn -0.9516 -0.1407 -0.2731
vn -0.9766 -0.0893 -0.1957
vn -0.9763 0.0370 -0.2131
vn -0.9767 0.0340 -0.2119
vn -0.9768 0.0364 -0.2109
vn -0.9282 0.2742 -0.2516
vn -0.4552 0.6786 -0.5765
vn -0.9606 0.2336 -0.1508
vn -0.9137 -0.0901 -0.3963
vn -0.7932 0.5046 -0.3410
vn -0.8015 0.5021 -0.3248
vn -0.8005 0.5110 -0.3133
vn -0.5967 0.3553 -0.7195
vn -0.5983 0.3478 -0.7219
vn -0.6068 0.3425 -0.7173
vn -0.9762 0.0473 -0.2116
vn -0.9465 0.0671 -0.3155
vn -0.9425 0.0628 -0.3282
vn -0.6494 0.4209 -0.6333
vn -0.7155 0.5808 -0.3883
vn -0.9242 -0.1840 -0.3347
vn -0.9321 0.0608 -0.3571
vn -0.9055 0.2285 -0.3577
vn -0.9027 0.2356 -0.3600
vn -0.9080 0.2329 -0.3482
vn -0.9713 0.0497 -0.2327
vn -0.9758 0.0665 -0.2083
vn -0.9698 0.0443 -0.2398
vn -0.8359 -0.0012 -0.5489
vn -0.8501 -0.0730 -0.5216
vn -0.8554 -0.0873 -0.5106
vn -0.9638 0.0160 -0.2660
vn -0.9639 0.0150 -0.2657
vn -0.9631 0.0168 -0.2686
vn 0.3195 0.7754 -0.5447
vn -0.8545 -0.1338 -0.5019
vn -0.9294 0.0482 -0.3660
vn -0.9414 0.2232 -0.2529
vn -0.9927 0.0540 -0.1080
vn -0.9777 0.0387 -0.2065
vn -0.9133 0.2338 -0.3335
vn -0.9396 0.2008 -0.2771
vn -0.8389 -0.5436 0.0265
vn -0.9974 0.0710 0.0078
vn -0.9964 0.0808 -0.0249
vn -0.9968 0.0705 0.0389
vn -0.9379 -0.3465 -0.0178
vn -0.9426 -0.3334 -0.0172
vn -0.9422 -0.3342 -0.0227
vn -0.8818 0.3230 -0.3436
vn -0.8857 0.3131 -0.3428
vn -0.8850 0.3214 -0.3368
vn -0.9807 0.0742 -0.1810
vn -0.9779 0.0315 -0.2069
vn -0.9662 -0.0538 -0.2520
vn -0.8775 0.3855 -0.2852
vn -0.8770 0.3857 -0.2865
vn -0.8774 0.3854 -0.2856
vn -0.9800 0.1371 -0.1445
vn -0.9314 -0.0628 -0.3585
vn -0.9311 -0.0676 -0.3585
vn -0.9333 -0.0636 -0.3534
vn -0.9691 0.0647 -0.2380
vn -0.9671 0.0569 -0.2479
vn -0.9705 0.0839 -0.2262
vn -0.9697 0.1894 -0.1542
vn -0.9694 0.0039 -0.2455
vn -0.9696 0.0025 -0.2448
vn -0.9685 0.0066 -0.2491
vn -0.9311 0.1989 -0.3058
vn -0.9513 0.1998 -0.2348
vn -0.9572 0.1952 -0.2137
vn -0.8959 0.1490 -0.4186
vn -0.8957 0.1492 -0.4188
vn -0.8964 0.1486 -0.4176
vn -0.8885 0.0216 -0.4583
vn -0.9091 0.0223 -0.4161
vn -0.9781 0.0175 -0.2076
vn -0.9613 0.0799 -0.2635
vn -0.9605 0.1649 -0.2241
vn -0.9433 -0.0440 -0.3291
vn -0.9542 0.0039 -0.2990
vn -0.8932 0.2255 -0.3890
vn -0.9621 0.1396 -0.2343
vn -0.9405 0.1560 -0.3020
vn -0.9219 0.2475 -0.2979
vn -0.9453 0.0583 -0.3211
vn -0.9461 0.1054 -0.3063
vn -0.9541 0.0878 -0.2864
vn -0.9327 0.1217 -0.3394
vn -0.9233 -0.3202 -0.2123
vn -0.9378 -0.0455 -0.3441
vn -0.9362 -0.0531 -0.3475
vn -0.8418 0.2569 -0.4747
vn -0.9366 0.0882 -0.3392
vn -0.8534 0.2379 -0.4639
vn -0.8189 0.4009 -0.4107
vn -0.7850 0.4352 -0.4409
vn -0.7109 0.4890 -0.5055
vn -0.8648 -0.4916 -0.1026
vn -0.9405 -0.1424 -0.3086
vn -0.7672 0.0261 -0.6409
vn -0.9089 0.1712 -0.3803
vn -0.9698 0.0738 -0.2326
vn -0.9184 0.2474 -0.3087
vn -0.9227 0.2531 -0.2907
vn -0.9262 0.2847 -0.2472
vn -0.9033 0.2659 -0.3367
vn -0.9292 0.3153 -0.1927
vn -0.9275 0.3151 -0.2011
vn -0.9300 0.3133 -0.1923
vn -0.9695 0.0553 -0.2387
vn -0.9654 0.1182 -0.2325
vn -0.9562 0.1274 -0.2637
vn -0.9661 -0.0011 -0.2583
vn -0.9053 0.3684 -0.2114
vn -0.9092 0.3897 -0.1466
vn -0.9104 0.3748 -0.1750
vn -0.9086 0.4129 -0.0631
vn -0.8729 0.3436 -0.3463
vn -0.9528 -0.0683 -0.2959
vn -0.9374 0.0696 -0.3413
vn -0.9467 0.1366 -0.2916
vn -0.8931 0.3456 -0.2881
vn -0.8406 0.4338 -0.3245
vn -0.9242 0.2819 -0.2577
vn -0.9413 0.1219 -0.3149
vn -0.8870 -0.1867 -0.4224
vn -0.9803 0.0197 -0.1967
vn -0.9542 -0.0652 -0.2920
vn -0.9773 -0.1179 -0.1762
vn -0.9688 0.0299 -0.2461
vn -0.9198 0.0929 -0.3813
vn -0.9268 0.2358 -0.2922
vn -0.9209 0.2689 -0.2822
vn -0.9357 0.2103 -0.2831
vn -0.8898 0.4353 -0.1370
vn -0.8869 0.3982 -0.2341
vn -0.2100 0.6630 0.7185
vn -0.9340 0.1877 -0.3041
vn -0.9232 0.2223 -0.3135
vn -0.8182 0.4652 -0.3380
vn -0.9672 -0.0460 -0.2498
vn -0.8015 0.3259 -0.5014
vn -0.8617 0.3473 -0.3699
vn -0.4066 0.1917 -0.8933
vn -0.8847 0.3543 -0.3029
vn -0.9672 -0.0789 -0.2413
vn -0.9665 0.0051 -0.2567
vn -0.9337 0.1379 -0.3303
vn -0.9462 0.1466 -0.2883
vn -0.9407 0.1477 -0.3054
vn -0.8791 0.3465 -0.3273
vn -0.8976 0.3522 -0.2652
vn -0.9546 0.0561 -0.2926
vn -0.9923 -0.0088 -0.1239
vn -0.9509 0.0692 -0.3016
vn 0.8281 -0.0268 0.5600
vn -0.9779 -0.0185 -0.2081
vn -0.9443 0.1265 -0.3039
vn -0.9450 0.1097 -0.3080
vn -0.9459 0.0063 -0.3243
vn -0.9803 -0.0157 -0.1967
vn -0.9638 0.0763 -0.2556
vn -0.9517 0.1287 -0.2786
vn -0.9651 0.0793 -0.2497
vn -0.9400 0.1766 -0.2920
vn -0.9159 0.3372 -0.2177
vn -0.9173 0.3363 -0.2131
vn -0.9158 0.3380 -0.2168
vn -0.8534 0.4343 -0.2882
vn -0.9098 -0.1751 -0.3763
vn -0.9478 -0.0924 -0.3050
vn -0.9387 -0.1528 -0.3090
vn -0.9166 0.2792 -0.2861
vn -0.8667 0.3568 -0.3486
vn -0.8692 0.3539 -0.3454
vn -0.8689 0.3533 -0.3466
vn -0.9528 -0.1079 -0.2837
vn -0.9340 0.1905 -0.3024
vn -0.9689 0.0112 -0.2470
vn -0.9570 -0.0334 -0.2881
vn -0.9187 0.2284 -0.3222
vn -0.8998 0.3218 -0.2946
vn -0.9544 -0.0121 -0.2983
vn -0.9460 0.1317 -0.2963
vn -0.9526 0.0425 -0.3012
vn -0.9482 -0.0287 -0.3163
vn -0.9334 0.1364 -0.3318
vn -0.9329 0.1346 -0.3341
vn -0.9412 0.2268 -0.2506
vn -0.9382 0.2340 -0.2548
vn -0.9385 0.2305 -0.2572
vn -0.9201 0.2707 -0.2830
vn -0.9429 0.2430 -0.2279
vn -0.9558 0.2244 -0.1901
vn -0.8919 0.2974 -0.3408
vn -0.9816 0.0159 -0.1903
vn -0.9001 0.3781 -0.2165
vn -0.9263 0.3365 -0.1695
vn -0.9619 0.2589 -0.0873
vn -0.9299 0.2654 -0.2546
vn -0.9524 0.2410 -0.1868
vn -0.9451 0.2531 -0.2066
vn -0.8375 0.2142 -0.5026
vn -0.8999 0.3156 -0.3011
vn -0.9033 0.3363 -0.2664
vn -0.9616 0.2249 -0.1574
vn -0.9754 -0.0098 -0.2204
vn -0.9428 -0.1410 -0.3020
vn -0.9769 -0.0318 -0.2113
vn -0.9591 -0.0354 -0.2807
vn -0.9566 0.1445 -0.2531
vn -0.9579 0.1407 -0.2501
vn -0.9569 0.1458 -0.2511
vn -0.9020 0.4311 0.0225
vn -0.7724 -0.5079 -0.3813
vn -0.9644 -0.0127 -0.2641
vn -0.9545 -0.0822 -0.2867
vn -0.9450 0.1217 -0.3034
vn -0.9427 0.0894 -0.3214
vn -0.9375 0.1410 -0.3180
vn -0.9283 0.2111 -0.3062
vn -0.9438 0.2237 -0.2432
vn -0.9459 0.1522 -0.2864
vn -0.9224 0.2808 -0.2653
vn -0.9640 0.0194 -0.2652
vn -0.9530 0.0600 -0.2969
vn -0.9807 -0.0057 -0.1953
vn -0.9725 0.0586 -0.2252
vn -0.9289 0.0584 -0.3658
vn -0.9741 0.1688 -0.1503
vn -0.9656 0.1984 -0.1679
vn -0.9455 0.1873 -0.2662
vn -0.9293 0.2744 -0.2472
vn -0.9247 0.2690 -0.2695
vn -0.9244 0.2591 -0.2798
vn -0.9491 -0.1092 -0.2955
vn -0.5505 -0.4626 0.6950
vn -0.9484 0.0392 -0.3148
vn -0.9445 0.2531 -0.2092
vn -0.9877 0.1562 0.0044
vn -0.8515 0.4392 -0.2864
vn -0.9716 0.0605 -0.2288
vn -0.9261 0.2902 -0.2412
vn -0.9277 0.2465 -0.2805
vn -0.8857 -0.2037 -0.4171
vn -0.9378 -0.1927 -0.2886
vn -0.9112 -0.2768 -0.3050
vn -0.9962 0.0779 -0.0376
vn -0.9313 0.2362 -0.2773
vn -0.9844 0.0791 -0.1573
vn -0.9419 0.3256 -0.0829
vn -0.9362 0.2133 -0.2794
vn -0.9360 0.2546 -0.2431
vn -0.9254 0.2751 -0.2607
vn -0.9275 0.2863 -0.2403
vn -0.8543 -0.2387 -0.4616
vn -0.9242 0.2793 -0.2605
vn -0.9395 -0.2848 -0.1902
vn -0.9770 -0.0331 -0.2104
vn -0.9736 0.0395 -0.2249
vn -0.9694 0.1324 -0.2068
vn -0.9198 0.1301 -0.3701
vn -0.9176 0.1193 -0.3791
vn -0.9331 0.2960 -0.2041
vn -0.9367 0.2727 -0.2197
vn -0.8589 0.4602 -0.2248
vn -0.8612 0.4571 -0.2222
vn -0.8611 0.4564 -0.2241
vn -0.9824 0.0319 -0.1839
vn -0.9407 0.1704 -0.2932
vn -0.9237 0.2444 -0.2949
vn -0.9556 0.2219 -0.1938
vn -0.8656 0.3944 -0.3086
vn -0.8738 0.4207 -0.2438
vn -0.8641 0.3917 -0.3161
vn -0.9693 0.1724 -0.1751
vn -0.8260 0.4396 -0.3527
vn -0.9562 0.2590 -0.1364
vn -0.8716 0.4547 -0.1831
vn -0.9211 -0.2470 -0.3011
vn -0.9640 -0.1048 -0.2443
vn -0.8800 -0.3406 -0.3311
vn -0.9808 0.0273 -0.1933
vn -0.9278 0.2406 -0.2850
vn -0.8871 0.3944 -0.2400
vn -0.8362 0.4213 -0.3510
vn -0.8936 0.3714 -0.2521
vn -0.9144 0.3151 -0.2540
vn -0.8590 0.4995 -0.1127
vn -0.9808 0.1905 -0.0414
vn -0.8164 -0.5219 -0.2474
vn 0.6786 -0.5589 -0.4766
vn -0.7337 -0.5303 -0.4248
vn -0.9186 0.1278 -0.3741
vn -0.9303 0.2164 -0.2960
vn -0.9205 0.3286 -0.2116
vn -0.9693 0.2375 0.0639
vn -0.9793 0.1434 -0.1430
vn -0.9155 0.3309 -0.2290
vn -0.8950 0.3598 -0.2638
vn -0.9000 0.3850 -0.2046
vn -0.9890 -0.1481 0.0034
vn -0.9891 -0.0598 -0.1347
vn -0.9902 -0.0750 -0.1180
vn -0.9757 0.0096 -0.2188
vn -0.9753 0.0241 -0.2195
vn -0.9753 0.0350 -0.2179
vn -0.9265 -0.3287 -0.1829
vn -0.9618 0.1811 -0.2053
vn -0.9706 0.1650 -0.1751
vn -0.9167 0.2795 -0.2856
vn -0.9550 0.1779 -0.2373
vn -0.9288 0.3134 -0.1977
vn -0.9113 0.4003 -0.0965
vn -0.9073 0.3679 -0.2037
vn -0.8902 0.3975 -0.2225
vn -0.9618 0.0266 -0.2723
vn -0.9740 0.0331 -0.2239
vn -0.9423 0.1332 -0.3072
vn -0.9466 0.1359 -0.2923
vn -0.5408 0.6252 -0.5628
vn -0.8974 -0.3476 -0.2716
vn -0.9538 -0.2323 -0.1904
vn -0.9838 -0.1269 -0.1263
vn -0.9629 0.0272 -0.2686
vn -0.9425 0.2408 -0.2316
vn -0.7225 0.5503 -0.4186
vn -0.7598 0.5237 -0.3853
vn -0.9065 0.0609 -0.4179
vn -0.9208 -0.0349 -0.3885
vn -0.9144 0.0966 -0.3932
vn -0.9434 0.1358 -0.3026
vn -0.9462 0.2006 -0.2540
vn -0.9459 0.3008 0.1214
vn -0.8950 0.0887 -0.4372
vn -0.8755 0.4211 -0.2368
vn -0.8755 0.4204 -0.2382
vn -0.8760 0.4201 -0.2369
vn -0.9023 0.0904 -0.4214
vn -0.9423 0.1265 -0.3098
vn -0.7100 0.6739 -0.2043
vn -0.7105 0.6713 -0.2113
vn -0.7116 0.6706 -0.2097
vn -0.9321 0.3061 -0.1933
vn -0.9287 0.3194 -0.1885
vn -0.9249 0.3088 -0.2221
vn -0.9083 0.3211 -0.2682
vn -0.9185 0.3343 -0.2111
vn -0.9059 0.3918 -0.1606
vn -0.9127 -0.2670 -0.3094
vn -0.9522 0.1503 -0.2658
vn -0.9546 0.1551 -0.2543
vn -0.8601 0.5078 -0.0489
vn -0.9261 0.2775 -0.2558
vn -0.9173 0.2944 -0.2680
vn -0.9154 0.1188 -0.3847
vn -0.9705 0.1643 -0.1763
vn -0.9918 -0.0952 -0.0847
vn -0.9104 0.1947 -0.3651
vn -0.9102 0.3416 -0.2341
vn -0.9294 0.3015 -0.2129
vn -0.8992 0.3808 -0.2153
vn -0.9014 0.3755 -0.2156
vn -0.6768 -0.0628 0.7334
vn -0.9032 0.3619 -0.2307
vn -0.8715 0.4414 -0.2136
vn -0.8802 0.0447 -0.4726
vn -0.8684 0.0286 -0.4951
vn -0.8573 0.0228 -0.5144
vn -0.9245 0.1312 -0.3579
vn -0.9310 -0.2225 0.2893
vn -0.8495 0.0120 -0.5274
vn -0.9435 0.2535 -0.2133
vn -0.9436 0.2556 -0.2107
vn -0.9461 0.2491 -0.2070
vn -0.8581 0.4172 -0.2994
vn -0.7950 0.5815 -0.1729
vn -0.7426 0.6646 -0.0830
vn 0.1604 -0.6566 -0.7370
vn 0.1668 -0.6507 -0.7408
vn 0.1658 -0.6526 -0.7394
vn -0.9122 0.3040 -0.2746
vn -0.9143 0.3202 -0.2480
vn -0.9146 0.3198 -0.2477
vn -0.8949 0.3981 -0.2015
vn -0.9077 0.3738 -0.1904
vn -0.9003 0.3871 -0.1991
vn -0.8746 0.2698 -0.4028
vn -0.9121 0.3318 -0.2410
vn -0.9055 0.3515 -0.2376
vn -0.8718 0.4346 -0.2261
vn -0.8354 0.4313 -0.3408
vn -0.8615 0.3745 -0.3430
vn -0.9212 0.2894 -0.2600
vn -0.8643 0.4451 -0.2344
vn -0.8646 0.4374 -0.2473
vn -0.8263 0.4338 -0.3592
vn -0.8204 0.4654 -0.3323
vn -0.8687 0.4408 -0.2257
vn -0.8344 0.5511 0.0063
vn -0.8327 0.5538 0.0057
vn -0.8335 0.5524 0.0040
vn -0.8684 0.3746 -0.3249
vn -0.8779 0.3363 -0.3409
vn -0.8844 0.2911 -0.3649
vn -0.8624 0.3948 -0.3170
vn -0.8855 0.3477 -0.3083
vn -0.9529 0.1559 -0.2600
vn -0.9231 0.2531 -0.2894
vn -0.8041 0.4951 -0.3290
vn -0.6873 0.5998 -0.4097
vn -0.6884 0.6012 -0.4057
vn -0.6924 0.5951 -0.4081
vn -0.9018 -0.1152 -0.4165
vn -0.8984 -0.1165 -0.4234
vn -0.9014 -0.1175 -0.4166
vn -0.8656 0.0603 -0.4971
vn -0.8725 0.0609 -0.4849
vn -0.8743 0.0647 -0.4811
vn -0.8326 0.4483 -0.3251
vn -0.8288 0.4522 -0.3296
vn -0.8268 0.4552 -0.3303
vn -0.8927 -0.0557 -0.4471
vn -0.8955 -0.0613 -0.4408
vn -0.8951 -0.0591 -0.4419
vn -0.7320 -0.5597 0.3885
vn -0.6686 -0.6228 0.4063
vn -0.7318 -0.5548 0.3958
vn 0.3338 -0.4732 0.8153
vn 0.4471 -0.4102 0.7949
vn 0.0459 -0.7331 0.6785
vn 0.1773 0.2494 0.9520
vn 0.1371 0.2787 0.9505
vn 0.1299 0.2781 0.9517
vn -0.1756 0.8864 0.4284
vn -0.2117 0.8809 0.4233
vn -0.2271 0.8764 0.4247
vn -0.0058 0.8718 0.4899
vn -0.0236 0.8783 0.4776
vn -0.0192 0.8715 0.4900
vn -0.0467 0.0972 0.9942
vn -0.0593 0.0994 0.9933
vn -0.0622 0.0920 0.9938
vn 0.3527 0.8863 0.3001
vn 0.1435 0.9586 0.2461
vn 0.2646 0.8098 0.5236
vn 0.6201 -0.7842 0.0198
vn 0.7184 -0.6944 0.0421
vn 0.5283 -0.8485 0.0318
vn -0.1259 0.5261 0.8411
vn 0.5804 0.5176 0.6287
vn 0.2655 0.7871 0.5568
vn 0.4380 0.3793 0.8150
vn 0.5518 0.2714 0.7886
vn 0.5221 0.3038 0.7969
vn -0.6929 0.0114 0.7209
vn -0.4047 -0.0214 0.9142
vn -0.6723 0.0217 0.7399
vn 0.9660 0.1148 0.2316
vn 0.6113 0.0877 0.7865
vn -0.1385 -0.0190 0.9902
vn -0.4988 -0.0512 0.8652
vn -0.3718 -0.0890 0.9240
vn 0.9887 -0.0176 0.1487
vn 0.9922 0.0875 0.0891
vn 0.9890 0.0692 0.1305
vn 0.9961 -0.0475 0.0743
vn 0.9835 0.0454 -0.1753
vn 0.9946 0.0206 -0.1021
vn 0.9792 -0.0195 0.2020
vn 0.9417 -0.2714 0.1990
vn 0.9402 -0.2861 0.1850
vn 0.9479 -0.2767 0.1577
vn 0.9524 -0.2587 0.1613
vn 0.9522 -0.2585 0.1625
vn 0.9520 -0.2586 0.1636
vn 0.7513 -0.5570 0.3539
vn 0.9730 0.1914 0.1291
vn 0.8133 -0.4744 0.3368
vn 0.1447 -0.9203 0.3634
vn 0.4520 -0.4070 0.7937
vn 0.8825 -0.3381 0.3270
vn 0.5947 -0.4024 0.6960
vn 0.9616 -0.1597 -0.2233
vn -0.7333 0.6649 -0.1422
vn -0.8448 0.4718 -0.2526
vn -0.7251 0.6738 -0.1419
vn -0.7132 0.6884 -0.1318
vn -0.6376 0.7341 -0.2334
vn -0.6388 0.7350 -0.2274
vn -0.6359 0.7340 -0.2384
vn -0.6299 0.7474 -0.2114
vn -0.6658 0.7147 -0.2144
vn -0.7055 0.6880 -0.1700
vn -0.6356 0.7321 -0.2448
vn 0.0699 0.9971 -0.0315
vn 0.1813 0.9832 -0.0193
vn 0.0606 0.9975 -0.0358
vn -0.5888 0.7682 -0.2513
vn 0.2882 0.9574 -0.0192
vn 0.1999 0.9755 -0.0916
vn -0.5340 0.7506 -0.3892
vn -0.5351 0.7446 -0.3989
vn -0.5513 0.7516 -0.3622
vn -0.5228 0.7429 -0.4181
vn 0.3565 0.9014 0.2457
vn 0.5570 0.8131 0.1693
vn 0.5349 0.8252 0.1818
vn 0.6025 0.7837 0.1509
vn 0.6847 -0.6310 0.3648
vn 0.6782 -0.6391 0.3627
vn 0.6869 -0.6372 0.3495
vn 0.4985 -0.6196 0.6063
vn 0.5337 -0.5415 0.6496
vn 0.1488 -0.5856 0.7968
vn 0.8803 -0.4212 0.2183
vn 0.7721 -0.6270 0.1030
vn 0.8422 -0.4769 0.2515
vn 0.8404 -0.4600 0.2866
vn 0.6689 -0.7124 0.2121
vn 0.6707 -0.7121 0.2076
vn 0.6722 -0.7107 0.2076
vn 0.7844 -0.6191 0.0376
vn 0.7902 -0.6117 0.0375
vn 0.7916 -0.6102 0.0314
vn 0.8519 -0.4886 0.1887
vn 0.6641 -0.6836 0.3028
vn 0.8645 -0.4229 0.2716
vn 0.8880 -0.4454 0.1145
vn 0.8257 -0.5479 0.1342
vn 0.8327 -0.5276 0.1681
vn 0.7600 -0.6467 0.0644
vn 0.9123 -0.3711 0.1732
vn 0.8200 -0.5185 0.2425
vn 0.0985 -0.9903 0.0985
vn 0.7490 -0.6058 0.2682
vn 0.8472 -0.4768 0.2344
vn 0.9056 -0.1465 0.3980
vn 0.9012 -0.4092 -0.1428
vn 0.8971 -0.4355 -0.0748
vn 0.8982 -0.4160 -0.1420
vn 0.9496 -0.3032 0.0789
vn 0.8740 -0.4851 -0.0303
vn 0.8794 -0.4675 0.0905
vn 0.8747 -0.4201 0.2417
vn 0.9164 -0.3713 0.1493
vn 0.8677 -0.4282 0.2522
vn 0.8001 -0.5233 0.2932
vn 0.7381 -0.6406 0.2115
vn 0.7895 -0.5110 0.3401
vn 0.7828 -0.5855 0.2108
vn 0.7293 -0.6836 -0.0278
vn 0.8224 -0.2570 0.5075
vn 0.8210 -0.2555 0.5106
vn 0.8217 -0.2586 0.5079
vn 0.8280 -0.4292 0.3609
vn 0.8179 -0.4726 0.3281
vn 0.8138 -0.5761 0.0766
vn 0.8200 -0.5711 0.0393
vn 0.8224 -0.5633 0.0803
vn 0.8042 -0.5053 0.3130
vn 0.5421 -0.8026 0.2488
vn 0.5298 -0.8201 0.2161
vn 0.5472 -0.8060 0.2258
vn 0.7390 -0.6611 -0.1296
vn 0.8461 -0.4985 0.1884
vn 0.8317 -0.5101 0.2193
vn 0.8294 -0.5191 0.2064
vn 0.8056 -0.5857 0.0893
vn 0.7693 -0.5552 0.3160
vn 0.7586 -0.5653 0.3239
vn 0.7666 -0.6293 0.1280
vn 0.7954 -0.6025 0.0656
vn 0.7454 -0.6218 0.2402
vn 0.7880 -0.6126 -0.0622
vn 0.8054 -0.5905 0.0521
vn 0.8144 -0.5783 0.0474
vn 0.8117 -0.5812 0.0575
vn 0.7394 -0.6639 0.1120
vn 0.7461 -0.6561 0.1138
vn 0.7425 -0.6588 0.1215
vn 0.8705 -0.3734 0.3206
vn 0.7814 -0.5457 0.3027
vn 0.6812 -0.5907 0.4325
vn 0.7636 -0.5027 0.4052
vn 0.6491 -0.6645 0.3703
vn 0.7675 -0.5535 0.3233
vn 0.8598 -0.4757 0.1856
vn 0.7501 -0.5959 0.2868
vn 0.3468 0.7053 0.6182
vn 0.7949 0.1895 0.5763
vn -0.1213 0.8048 0.5811
vn 0.7648 -0.6441 0.0123
vn 0.8760 -0.1142 0.4686
vn -0.6179 -0.3886 -0.6835
vn 0.7818 -0.6235 -0.0036
vn 0.7044 -0.5734 -0.4184
vn 0.8277 -0.5192 0.2130
vn 0.7506 -0.5036 0.4278
vn 0.7702 -0.6314 0.0899
vn 0.7841 -0.5876 0.1996
vn 0.7593 -0.5998 0.2522
vn 0.7898 -0.5823 0.1927
vn 0.7784 -0.6128 0.1364
vn 0.7779 -0.5197 0.3534
vn 0.9011 -0.3235 0.2889
vn 0.6406 -0.5671 0.5177
vn 0.6636 -0.5675 0.4875
vn 0.6607 -0.5714 0.4868
vn 0.6648 -0.5698 0.4831
vn 0.6932 -0.7078 0.1357
vn 0.7494 -0.6498 0.1271
vn 0.6948 -0.7058 0.1385
vn 0.6522 -0.7375 0.1750
vn 0.6601 -0.6582 0.3620
vn 0.7591 -0.6270 0.1749
vn 0.6723 -0.7264 0.1426
vn 0.6820 -0.7095 0.1777
vn 0.8234 -0.5170 0.2342
vn 0.5707 -0.7243 0.3868
vn 0.7639 -0.5920 0.2570
vn 0.7987 -0.5986 -0.0618
vn 0.7501 -0.6004 0.2772
vn 0.6642 -0.7449 0.0637
vn 0.7918 -0.2767 0.5446
vn 0.5262 -0.8424 -0.1161
vn 0.7441 -0.6384 0.1969
vn 0.7047 -0.6845 0.1865
vn 0.7382 -0.6575 0.1505
vn 0.6566 -0.6832 0.3195
vn 0.7223 -0.6180 0.3104
vn 0.6486 -0.6880 0.3255
vn 0.4886 -0.7046 0.5146
vn 0.4348 -0.6670 0.6050
vn 0.4916 -0.6506 0.5788
vn 0.1217 -0.9624 0.2428
vn 0.7005 -0.7003 0.1372
vn 0.7348 -0.5918 0.3314
vn 0.9439 -0.3230 0.0695
vn 0.8136 -0.5231 0.2538
vn 0.6109 -0.6889 0.3902
vn 0.8416 -0.4160 0.3446
vn 0.7407 -0.5775 0.3433
vn 0.5818 -0.7425 0.3320
vn -0.3032 -0.8966 0.3228
vn 0.8024 -0.3568 0.4784
vn 0.5660 -0.5862 0.5797
vn 0.5586 -0.5859 0.5871
vn 0.5645 -0.5929 0.5743
vn 0.4796 -0.6219 0.6190
vn 0.9868 -0.1429 -0.0759
vn 0.7658 -0.6280 0.1388
vn 0.6775 -0.4645 0.5703
vn 0.5248 -0.5531 0.6470
vn 0.6652 -0.7285 0.1638
vn 0.6560 -0.7317 0.1851
vn 0.6605 -0.7312 0.1708
vn 0.7792 -0.5121 0.3614
vn 0.7501 -0.5287 0.3972
vn 0.7966 -0.5346 0.2821
vn 0.5306 -0.6163 0.5819
vn 0.6919 -0.5200 0.5009
vn 0.7574 -0.3566 -0.5469
vn 0.2599 -0.6975 0.6678
vn 0.4723 -0.7567 0.4520
vn 0.7233 -0.2408 0.6472
vn 0.8849 -0.1527 0.4400
vn 0.8726 -0.1652 0.4596
vn 0.8797 -0.1701 0.4441
vn 0.6803 -0.7178 0.1483
vn 0.6790 -0.7186 0.1499
vn 0.6787 -0.7185 0.1519
vn 0.6653 -0.6018 0.4419
vn 0.6161 -0.5778 0.5353
vn 0.6810 -0.6089 0.4068
vn 0.6365 -0.7575 0.1453
vn 0.6301 -0.7680 0.1146
vn 0.6200 -0.7757 0.1178
vn 0.5507 -0.5204 -0.6527
vn 0.6039 -0.4815 -0.6352
vn 0.5990 -0.4941 -0.6302
vn 0.5767 0.0100 -0.8169
vn 0.6532 -0.7465 0.1268
vn 0.6264 -0.7708 0.1163
vn 0.6327 -0.7155 0.2964
vn 0.6443 -0.7047 0.2970
vn 0.6375 -0.7081 0.3035
vn 0.6453 -0.5351 0.5452
vn 0.7292 -0.5587 0.3950
vn 0.5733 -0.6081 0.5491
vn 0.7068 -0.5075 0.4928
vn 0.5814 -0.6651 0.4686
vn 0.6121 -0.7782 0.1405
vn 0.2639 -0.6086 0.7483
vn 0.2701 -0.6045 0.7494
vn 0.2657 -0.6063 0.7496
vn 0.6550 -0.7360 0.1709
vn 0.6425 -0.7514 0.1501
vn 0.6217 -0.7517 0.2202
vn 0.5569 -0.3127 0.7694
vn 0.5569 -0.2901 0.7782
vn 0.5451 -0.3020 0.7821
vn 0.6408 -0.5138 0.5705
vn 0.5972 -0.5670 0.5673
vn 0.4475 -0.8161 0.3656
vn 0.4462 -0.8156 0.3684
vn 0.6211 -0.7575 0.2009
vn 0.5223 -0.8444 0.1191
vn 0.6368 -0.7651 0.0954
vn 0.6370 -0.7651 0.0941
vn 0.6370 -0.7649 0.0953
vn 0.5015 -0.7175 0.4833
vn 0.4579 -0.6920 0.5581
vn 0.3631 -0.9278 0.0855
vn 0.4872 -0.8299 0.2718
vn 0.3134 -0.9493 0.0261
vn 0.5431 -0.8134 0.2084
vn 0.5940 -0.8026 0.0544
vn 0.5903 -0.8053 0.0544
vn 0.5940 -0.8022 0.0597
vn 0.2713 -0.9620 -0.0309
vn 0.8920 0.2484 0.3777
vn 0.5683 -0.7631 0.3078
vn 0.7253 -0.6592 0.1986
vn 0.7299 -0.6504 0.2105
vn 0.7238 -0.6594 0.2030
vn 0.5973 -0.7310 0.3300
vn 0.7094 -0.6527 0.2659
vn -0.1726 -0.6927 0.7003
vn 0.5430 -0.7264 0.4214
vn 0.5032 -0.7214 0.4757
vn 0.6659 -0.1836 0.7231
vn 0.6141 -0.5372 0.5782
vn 0.7095 -0.1283 0.6929
vn 0.6252 0.2849 0.7266
vn 0.4955 -0.6654 0.5583
vn -0.5093 0.2144 -0.8334
vn -0.5002 0.2166 -0.8384
vn -0.5011 0.2114 -0.8392
vn 0.8102 -0.5675 0.1469
vn 0.6763 -0.6622 0.3228
vn 0.5771 -0.8154 0.0456
vn -0.9996 0.0252 -0.0151
vn -0.9997 0.0153 -0.0177
vn -0.9997 0.0197 -0.0123
vn 0.4068 -0.3642 0.8378
vn 0.6712 -0.5463 0.5010
vn 0.6731 -0.5369 0.5087
vn 0.5410 -0.8283 0.1456
vn 0.7126 -0.6942 0.1009
vn 0.7302 -0.6778 0.0855
vn 0.7309 -0.6757 0.0963
vn 0.6117 -0.7843 0.1040
vn 0.6204 -0.7767 0.1090
vn 0.6096 -0.7852 0.1086
vn 0.6471 -0.6541 0.3917
vn 0.4461 -0.8936 -0.0505
vn 0.4512 -0.8920 0.0262
vn 0.5487 -0.7318 0.4042
vn 0.6048 -0.6767 0.4199
vn 0.6725 -0.4782 0.5649
vn 0.5288 -0.7904 0.3093
vn 0.5973 -0.7688 0.2284
vn 0.4756 -0.8319 0.2860
vn 0.7129 -0.6972 0.0754
vn 0.4292 -0.8433 0.3234
vn 0.5528 -0.7839 0.2826
vn 0.6610 -0.7021 0.2647
vn 0.6954 -0.7040 0.1439
vn 0.4125 -0.8971 0.1583
vn 0.6202 -0.7502 0.2292
vn 0.3503 -0.8902 0.2913
vn 0.5714 -0.6626 0.4842
vn 0.5321 -0.6692 0.5187
vn 0.4816 -0.7398 0.4698
vn 0.2390 -0.3248 0.9151
vn 0.6054 -0.7576 0.2441
vn 0.8227 -0.4456 0.3530
vn 0.6286 -0.5828 0.5150
vn 0.5452 -0.4302 0.7196
vn 0.3739 -0.8649 0.3348
vn 0.5591 -0.7731 0.2996
vn 0.4222 -0.8930 0.1560
vn 0.4249 -0.8918 0.1552
vn 0.4238 -0.8908 0.1637
vn 0.5355 -0.6562 0.5316
vn 0.5151 -0.7264 0.4551
vn 0.6489 -0.7093 0.2753
vn 0.4404 -0.8661 0.2366
vn 0.4074 -0.8725 0.2699
vn 0.4448 -0.8639 0.2364
vn 0.0542 -0.4456 0.8936
vn 0.0489 -0.8815 0.4696
vn 0.3668 -0.8584 0.3585
vn 0.3209 -0.8924 0.3173
vn 0.3546 -0.8857 0.2997
vn 0.3291 -0.8755 0.3539
vn 0.2375 -0.9137 0.3298
vn 0.4946 -0.7679 0.4071
vn 0.6728 -0.6999 0.2397
vn 0.4137 -0.8967 0.1576
vn 0.4168 -0.8954 0.1568
vn 0.4138 -0.8962 0.1600
vn 0.3708 -0.8996 0.2308
vn 0.4537 -0.8687 0.1990
vn -0.1588 0.9841 0.0802
vn 0.7740 -0.4950 0.3948
vn -0.0347 -0.5182 0.8545
vn 0.4954 -0.6352 0.5926
vn 0.6686 -0.5260 0.5257
vn 0.5481 -0.5994 0.5833
vn 0.2845 -0.8458 0.4514
vn 0.3489 -0.7923 0.5005
vn 0.2851 -0.8335 0.4733
vn 0.2537 -0.8657 0.4315
vn 0.3278 -0.6917 0.6435
vn 0.3752 -0.7372 0.5620
vn 0.3721 -0.7389 0.5618
vn 0.3556 -0.7457 0.5635
vn 0.2631 -0.8997 0.3482
vn 0.2560 -0.9006 0.3512
vn 0.2574 -0.8986 0.3553
vn 0.5957 -0.5409 0.5937
vn 0.5947 -0.5403 0.5953
vn 0.5937 -0.5448 0.5923
vn 0.1105 -0.4867 0.8666
vn 0.4671 -0.5609 0.6835
vn 0.5072 -0.6687 0.5438
vn 0.5550 -0.7644 0.3280
vn 0.2734 -0.8917 0.3607
vn 0.9818 -0.1314 0.1368
vn 0.9883 -0.0764 0.1319
vn 0.9678 -0.2469 -0.0482
vn -0.1130 -0.6416 -0.7587
vn 0.9925 0.0112 0.1220
vn 0.9712 -0.2376 0.0168
vn 0.9714 -0.2368 0.0165
vn 0.9714 -0.2369 0.0168
vn 0.0512 -0.9968 -0.0606
vn 0.0533 -0.9967 -0.0614
vn 0.0527 -0.9968 -0.0596
vn -0.5612 -0.8099 -0.1706
vn -0.5546 -0.8141 -0.1722
vn -0.5682 -0.8073 -0.1595
vn -0.6208 -0.6785 -0.3927
vn -0.3705 -0.7902 -0.4882
vn -0.5773 -0.6995 -0.4212
vn -0.5205 0.2641 0.8120
vn -0.7237 0.1600 0.6713
vn -0.9550 -0.0255 0.2956
vn -0.7120 -0.6288 -0.3125
vn -0.9498 -0.2930 0.1100
vn -0.9494 -0.3024 0.0843
vn -0.9454 -0.3081 0.1063
vn -0.4911 -0.8638 -0.1127
vn -0.5443 -0.8127 -0.2080
vn -0.3947 -0.8943 -0.2108
vn -0.5696 -0.8215 -0.0276
vn -0.5790 -0.8152 -0.0146
vn -0.5687 -0.8223 -0.0227
vn -0.3055 0.3370 0.8906
vn -0.9605 -0.2780 -0.0122
vn -0.6186 -0.7639 -0.1837
vn -0.1140 0.8772 0.4664
vn -0.6090 -0.7505 -0.2567
vn -0.6142 -0.7488 -0.2491
vn -0.6053 -0.7527 -0.2588
vn -0.2118 -0.9265 -0.3110
vn -0.3625 -0.9216 0.1386
vn -0.6011 -0.7544 -0.2637
vn -0.6160 -0.7258 -0.3061
vn -0.6229 -0.7214 -0.3027
vn -0.6235 -0.7212 -0.3017
vn -0.5753 -0.8104 -0.1111
vn -0.5715 -0.8138 -0.1051
vn -0.5746 -0.8103 -0.1152
vn -0.5509 -0.7598 -0.3451
vn -0.5076 -0.8110 -0.2908
vn -0.5468 -0.7672 -0.3353
vn -0.6344 -0.7115 -0.3021
vn -0.4425 -0.8380 -0.3194
vn -0.7097 -0.6802 -0.1835
vn -0.5884 -0.7669 -0.2564
vn -0.5219 -0.8096 -0.2688
vn -0.2375 -0.8975 -0.3715
vn -0.4714 -0.8335 -0.2882
vn -0.4153 -0.8536 -0.3145
vn -0.5992 -0.7776 -0.1906
vn -0.5988 -0.7778 -0.1912
vn -0.5980 -0.7783 -0.1914
vn -0.4268 -0.8503 -0.3078
vn -0.4551 -0.8439 -0.2842
vn -0.5661 -0.7730 -0.2864
vn -0.6192 -0.7143 -0.3262
vn -0.6255 -0.7014 -0.3419
vn -0.4592 -0.8246 -0.3303
vn -0.4930 -0.3719 -0.7866
vn -0.6350 -0.7097 -0.3051
vn -0.2157 -0.9736 -0.0745
vn -0.3303 -0.9434 -0.0290
vn -0.3728 -0.9278 -0.0124
vn -0.4101 -0.8617 -0.2989
vn -0.5991 -0.8000 0.0330
vn -0.5677 -0.8230 0.0201
vn -0.4977 -0.8606 -0.1082
vn -0.4573 -0.8422 -0.2857
vn -0.6089 -0.7580 -0.2340
vn -0.6594 -0.7156 -0.2304
vn -0.6179 -0.7534 -0.2248
vn -0.5070 -0.8120 -0.2890
vn -0.8967 -0.0376 -0.4411
vn -0.8777 0.3961 -0.2699
vn -0.6784 -0.5480 -0.4894
vn -0.5045 -0.8626 -0.0370
vn -0.4559 -0.8895 0.0302
vn -0.3777 -0.8726 -0.3099
vn -0.4999 -0.8245 -0.2651
vn -0.6327 -0.7491 -0.1962
vn -0.7695 0.2445 -0.5900
vn -0.8225 -0.4224 -0.3808
vn -0.3118 -0.9409 -0.1323
vn -0.4158 -0.8650 -0.2809
vn -0.0544 -0.9223 0.3827
vn -0.0542 -0.9232 0.3806
vn -0.0466 -0.9273 0.3713
vn -0.4960 -0.8328 -0.2458
vn -0.2765 -0.9604 -0.0354
vn -0.8082 -0.5509 -0.2081
vn -0.8168 -0.5383 -0.2076
vn -0.8152 -0.5393 -0.2114
vn -0.4925 -0.8216 -0.2872
vn -0.4909 -0.8238 -0.2834
vn -0.4960 -0.8202 -0.2850
vn -0.3747 -0.8729 -0.3125
vn -0.4039 -0.8458 -0.3486
vn -0.3538 -0.8795 -0.3183
vn -0.4898 -0.8429 -0.2226
vn -0.5352 -0.8165 -0.2166
vn -0.4959 -0.8523 -0.1662
vn -0.5004 -0.8235 -0.2672
vn -0.3546 -0.8025 -0.4798
vn -0.4884 -0.8336 -0.2582
vn 0.6262 -0.4800 -0.6144
vn 0.6414 -0.4767 -0.6011
vn 0.6339 -0.4834 -0.6038
vn -0.5674 -0.7953 -0.2136
vn -0.4117 -0.8817 -0.2306
vn -0.3393 -0.8738 -0.3484
vn -0.2927 -0.9084 -0.2985
vn -0.0995 -0.9434 -0.3164
vn -0.3358 -0.8945 -0.2952
vn -0.2711 -0.9149 -0.2992
vn -0.3004 -0.8824 -0.3620
vn -0.3342 -0.8846 -0.3253
vn 0.0601 0.9969 0.0509
vn -0.2935 -0.9039 -0.3112
vn -0.3569 -0.8976 -0.2587
vn -0.3585 -0.8795 -0.3131
vn -0.5151 -0.8358 -0.1901
vn -0.4546 -0.8522 -0.2588
vn -0.3375 -0.8860 -0.3180
vn -0.2870 -0.9237 -0.2539
vn -0.3495 -0.8622 -0.3668
vn -0.3507 -0.8613 -0.3676
vn -0.3584 -0.8569 -0.3704
vn -0.4059 -0.7932 -0.4539
vn -0.4035 -0.8037 -0.4373
vn -0.3971 -0.7518 -0.5264
vn -0.3027 -0.8969 -0.3225
vn -0.5409 -0.7843 -0.3038
vn -0.5499 -0.7912 -0.2676
vn -0.5745 -0.7957 -0.1919
vn -0.4010 -0.8733 -0.2767
vn -0.2835 -0.8854 -0.3684
vn -0.4004 -0.8111 -0.4263
vn -0.5190 -0.7683 -0.3747
vn -0.3448 -0.8921 -0.2921
vn -0.3298 -0.8807 -0.3400
vn -0.0834 -0.9031 0.4212
vn -0.3684 -0.9214 -0.1237
vn -0.3542 -0.9192 0.1718
vn -0.3036 -0.8941 -0.3292
vn -0.6980 -0.6938 -0.1776
vn -0.1133 -0.9051 -0.4097
vn -0.5793 -0.8122 -0.0693
vn -0.8263 -0.5558 0.0910
vn -0.8304 -0.5527 0.0699
vn -0.7525 -0.6429 0.1429
vn -0.3255 -0.8786 -0.3494
vn -0.5925 -0.8055 -0.0009
vn -0.6610 -0.7376 -0.1380
vn -0.6580 -0.7423 -0.1269
vn -0.6589 -0.7416 -0.1255
vn -0.3200 -0.8743 -0.3649
vn -0.7857 -0.5501 0.2830
vn -0.3104 -0.9397 0.1437
vn -0.4228 -0.9030 0.0762
vn -0.3047 -0.9364 0.1743
vn -0.2853 -0.9008 -0.3274
vn -0.2784 -0.9088 -0.3109
vn 0.3182 -0.8373 -0.4446
vn -0.0675 -0.8117 -0.5801
vn 0.1513 -0.6678 -0.7288
vn -0.4961 -0.8668 -0.0493
vn -0.4944 -0.8679 -0.0475
vn -0.4991 -0.8654 -0.0452
vn -0.3258 -0.7510 -0.5744
vn -0.2176 -0.7247 -0.6538
vn -0.2842 -0.7444 -0.6043
vn -0.4006 -0.8871 -0.2292
vn -0.3695 -0.7592 -0.5359
vn -0.2015 -0.8936 -0.4012
vn -0.2217 -0.9745 -0.0357
vn 0.0318 -0.9786 -0.2032
vn -0.2349 -0.9580 -0.1642
vn -0.3005 -0.9109 -0.2827
vn -0.2245 -0.9175 -0.3284
vn -0.3106 -0.9119 -0.2684
vn -0.4314 -0.8285 -0.3571
vn -0.3511 -0.9260 -0.1389
vn -0.3239 -0.9192 -0.2239
vn -0.4121 -0.8834 -0.2231
vn -0.2671 -0.9590 -0.0950
vn -0.2222 -0.9654 -0.1363
vn -0.4241 -0.9054 -0.0206
vn -0.3630 -0.9209 -0.1421
vn -0.2223 -0.8970 -0.3819
vn -0.2319 -0.9093 -0.3455
vn -0.2234 -0.9106 -0.3476
vn -0.2220 -0.9313 -0.2888
vn -0.3104 -0.9352 -0.1707
vn -0.2098 -0.8956 -0.3922
vn -0.2577 -0.9237 -0.2833
vn -0.2045 -0.9615 0.1834
vn -0.3775 -0.9259 0.0146
vn -0.4924 -0.6216 -0.6092
vn -0.2731 -0.8278 -0.4900
vn -0.2459 -0.8473 -0.4707
vn -0.3478 -0.8620 -0.3687
vn -0.3404 -0.8641 -0.3708
vn -0.3418 -0.8617 -0.3751
vn -0.0670 -0.8934 0.4443
vn -0.2352 -0.8875 -0.3963
vn -0.2371 -0.9494 -0.2062
vn -0.2148 -0.9510 -0.2224
vn -0.0382 -0.9900 -0.1360
vn -0.2346 -0.9516 -0.1984
vn -0.1898 -0.9808 0.0452
vn -0.1130 -0.9912 0.0696
vn -0.0913 -0.9929 0.0767
vn -0.5755 -0.5103 -0.6390
vn -0.2559 -0.9525 -0.1651
vn -0.3451 -0.9255 -0.1560
vn 0.0424 -0.9985 0.0334
vn -0.6089 -0.7741 -0.1734
vn -0.4167 -0.8932 -0.1688
vn -0.1204 -0.8972 -0.4250
vn -0.0946 -0.8996 -0.4263
vn 0.0633 -0.9345 -0.3503
vn -0.4951 -0.8435 -0.2084
vn -0.6959 0.7054 -0.1348
vn -0.2094 -0.9575 -0.1986
vn -0.1068 -0.9315 -0.3478
vn -0.1712 -0.9529 -0.2504
vn -0.0311 -0.9993 0.0206
vn -0.3142 -0.9178 -0.2428
vn -0.3777 -0.9033 -0.2034
vn 0.0447 -0.9408 -0.3359
vn -0.2786 -0.9574 -0.0764
vn -0.2892 -0.9345 -0.2073
vn -0.2049 -0.8848 -0.4184
vn -0.2029 -0.9529 -0.2255
vn -0.1196 -0.9558 -0.2685
vn -0.2153 -0.9492 -0.2295
vn -0.0082 -0.8986 -0.4387
vn -0.3454 -0.9106 -0.2271
vn 0.0519 -0.9645 -0.2589
vn 0.1239 -0.9476 -0.2943
vn -0.1910 -0.8710 -0.4526
vn -0.3036 -0.7824 -0.5437
vn -0.0009 -0.9869 -0.1614
vn -0.2509 -0.9328 -0.2589
vn 0.0239 -0.9613 -0.2743
vn -0.0651 -0.9632 -0.2607
vn -0.2773 -0.9530 0.1216
vn -0.2834 -0.9067 -0.3125
vn -0.3460 -0.8763 -0.3353
vn -0.0498 -0.9308 -0.3620
vn -0.0990 -0.9447 -0.3125
vn 0.0043 -0.9934 -0.1150
vn -0.0060 -0.7598 -0.6501
vn 0.0631 -0.8962 -0.4391
vn 0.0076 -0.9921 -0.1255
vn -0.0347 -0.9407 -0.3375
vn -0.0404 -0.9576 -0.2851
vn -0.0219 -0.9656 -0.2592
vn -0.0150 -0.9396 -0.3420
vn -0.0183 -0.9640 -0.2651
vn -0.3597 -0.8137 -0.4566
vn 0.0076 -0.9641 -0.2654
vn -0.0391 -0.9855 -0.1649
vn -0.0196 -0.9766 -0.2142
vn -0.0274 -0.9985 -0.0476
vn 0.0062 -0.9141 -0.4054
vn 0.0106 -0.9224 -0.3860
vn -0.0701 -0.9837 -0.1658
vn 0.0088 -0.9964 -0.0840
vn -0.0505 -0.9129 -0.4051
vn -0.0396 -0.9164 -0.3983
vn -0.0366 -0.9197 -0.3910
vn -0.0471 -0.8984 -0.4367
vn -0.0237 -0.9519 -0.3055
vn -0.0341 -0.9219 -0.3858
vn 0.0189 -0.9890 -0.1469
vn -0.0234 -0.9970 -0.0742
vn 0.1826 -0.9760 -0.1187
vn 0.0555 -0.8613 -0.5051
vn 0.0062 -0.9276 -0.3736
vn 0.0463 -0.9278 -0.3702
vn 0.0824 -0.9741 -0.2106
vn 0.2011 -0.9631 -0.1791
vn 0.1137 -0.9726 -0.2026
vn 0.0727 -0.9390 -0.3361
vn 0.0734 -0.9396 -0.3344
vn 0.0734 -0.9397 -0.3340
vn 0.0586 -0.9745 -0.2165
vn 0.1463 -0.9871 -0.0646
vn -0.0393 -0.9963 -0.0764
vn -0.0405 -0.9692 -0.2430
vn -0.0301 -0.9376 -0.3465
vn -0.0519 -0.9857 0.1602
vn -0.0259 -0.9175 -0.3970
vn -0.0355 -0.9302 -0.3653
vn 0.0939 -0.8898 -0.4465
vn 0.1167 -0.9814 -0.1524
vn -0.0413 -0.9854 -0.1651
vn -0.0478 -0.9848 -0.1668
vn -0.0355 -0.9851 -0.1684
vn 0.5253 -0.2094 -0.8247
vn -0.1310 -0.9347 -0.3303
vn -0.0038 -0.9374 -0.3482
vn 0.1387 -0.9010 -0.4111
vn 0.3170 -0.9445 -0.0858
vn 0.2231 -0.8345 -0.5038
vn 0.2066 -0.8378 -0.5054
vn 0.2168 -0.8291 -0.5153
vn 0.0267 -0.9296 -0.3676
vn 0.2371 -0.8513 -0.4681
vn 0.4366 -0.8996 -0.0050
vn 0.4466 -0.8947 0.0062
vn 0.4328 -0.9015 0.0066
vn 0.2712 -0.9624 -0.0162
vn 0.5687 -0.7741 0.2781
vn 0.5492 -0.8072 0.2162
vn 0.7796 -0.6068 0.1550
vn 0.3485 0.7510 0.5608
vn 0.4429 0.7531 0.4865
vn 0.4262 0.7647 0.4833
vn 0.1349 -0.2175 0.9667
vn 0.1013 -0.2212 0.9700
vn -0.0110 -0.4682 0.8835
vn -0.2962 -0.2505 0.9217
vn -0.0010 -0.3461 0.9382
vn 0.0162 -0.0900 0.9958
vn -0.0812 -0.0764 0.9938
vn -0.0021 0.8211 0.5708
vn 0.1421 0.8516 0.5047
vn 0.0559 0.8614 0.5048
vn 0.1713 0.4012 0.8999
vn 0.1892 0.4068 0.8937
vn 0.1503 0.4212 0.8944
vn -0.3120 -0.9122 0.2655
vn -0.3676 -0.8119 0.4535
vn -0.6745 -0.6778 0.2927
vn 0.4121 -0.4055 0.8159
vn 0.4014 -0.3403 0.8503
vn 0.3793 -0.4320 0.8182
vn 0.6212 0.3544 0.6989
vn 0.7990 0.1018 0.5926
vn 0.6149 0.3839 0.6889
vn 0.6784 -0.2245 0.6995
vn 0.6706 -0.1198 0.7321
vn 0.6556 -0.1390 0.7422
vn 0.7036 -0.1601 0.6923
vn -0.8245 -0.1520 0.5451
vn -0.8053 -0.3261 0.4950
vn -0.8002 -0.3721 0.4704
vn -0.7931 -0.3974 0.4615
vn -0.7017 0.4743 0.5316
vn -0.6767 0.4754 0.5621
vn -0.6833 0.5094 0.5231
vn -0.6986 0.5766 0.4236
vn -0.7027 0.4571 0.5452
vn -0.5731 0.2497 0.7805
vn -0.7120 0.4800 0.5125
vn -0.7374 0.5707 0.3613
vn -0.9915 0.1226 -0.0429
vn -0.9925 0.1179 -0.0334
vn -0.9708 0.2367 -0.0383
vn -0.8696 0.2371 0.4331
vn -0.9030 0.4021 0.1517
vn -0.8604 0.3465 0.3736
vn -0.9657 -0.2571 -0.0365
vn -0.6773 0.3136 0.6655
vn -0.6842 0.3047 0.6626
vn -0.6944 0.3130 0.6480
vn -0.8620 0.2932 0.4135
vn -0.7578 0.4074 0.5097
vn -0.9477 -0.1190 0.2962
vn -0.9407 -0.1215 0.3169
vn -0.9431 -0.1283 0.3067
vn -0.8852 0.3104 0.3465
vn -0.6360 0.1902 0.7479
vn -0.9677 0.2499 0.0340
vn -0.8785 0.2237 0.4222
vn -0.9144 0.1770 0.3641
vn -0.8822 0.1761 0.4367
vn -0.9273 0.3513 0.1293
vn -0.8627 0.3801 0.3335
vn -0.8535 0.4163 0.3133
vn -0.8802 0.1936 0.4333
vn -0.8976 0.3784 0.2259
vn -0.8749 0.1731 0.4524
vn -0.7492 0.3385 0.5693
vn -0.7712 0.3708 0.5175
vn -0.8296 0.3901 0.3996
vn -0.9062 0.2983 0.2997
vn -0.7406 0.4254 0.5201
vn -0.9080 0.3193 0.2714
vn -0.8779 0.2628 0.4003
vn -0.8925 0.2951 0.3412
vn -0.8503 0.2338 0.4714
vn -0.9147 0.3539 0.1949
vn -0.9133 0.3622 0.1860
vn -0.8803 0.4173 0.2258
vn -0.8312 0.4846 0.2726
vn -0.2552 0.0515 0.9655
vn -0.2363 0.0938 0.9671
vn -0.3027 0.0946 0.9484
vn -0.9525 0.2430 0.1838
vn -0.7960 0.5708 0.2015
vn -0.8758 0.1775 0.4488
vn -0.6360 0.3330 0.6961
vn -0.6373 0.3375 0.6928
vn -0.5934 0.3027 0.7459
vn -0.8932 0.2422 0.3789
vn -0.9187 0.2707 0.2876
vn -0.8346 0.1784 0.5212
vn -0.9189 0.2640 0.2932
vn -0.7544 0.1126 0.6467
vn -0.8496 0.5040 0.1554
vn -0.7430 0.4801 0.4664
vn -0.8351 0.4160 0.3600
vn 0.4183 0.2351 -0.8773
vn -0.7684 0.4549 0.4502
vn -0.4654 0.3544 0.8110
vn -0.7827 0.2556 0.5674
vn -0.7730 0.2035 0.6009
vn -0.8219 0.2281 0.5220
vn -0.8554 0.2030 0.4765
vn -0.8993 0.3196 0.2985
vn -0.7016 0.3358 0.6285
vn -0.0125 0.0446 0.9989
vn -0.6113 0.3317 0.7185
vn -0.5908 0.3150 0.7428
vn -0.8341 0.5267 0.1641
vn -0.7848 0.1679 0.5966
vn -0.7074 0.7042 0.0603
vn -0.8445 0.2186 0.4890
vn -0.7393 0.5501 0.3883
vn -0.7353 0.5500 0.3961
vn -0.4117 0.2090 0.8871
vn -0.8989 0.0640 0.4334
vn -0.7760 0.6124 0.1509
vn -0.8651 0.2575 0.4305
vn -0.7190 0.3788 0.5827
vn -0.7597 0.5048 0.4099
vn -0.7425 0.6491 0.1651
vn -0.7473 0.6446 0.1615
vn -0.7471 0.6460 0.1564
vn -0.8941 0.1031 0.4358
vn -0.9988 -0.0365 -0.0318
vn -0.9788 0.0672 0.1935
vn -0.8576 -0.1572 -0.4897
vn -0.9163 -0.3912 -0.0857
vn -0.9096 -0.4082 -0.0771
vn -0.9083 -0.4097 -0.0851
vn -0.8934 0.1019 0.4376
vn -0.9329 0.0509 0.3565
vn -0.8091 0.5519 0.2018
vn -0.8109 0.5711 0.1279
vn -0.8577 0.5053 0.0951
vn -0.8496 0.0683 0.5229
vn -0.7684 0.4996 0.3999
vn -0.7334 0.0140 0.6796
vn -0.8127 0.0295 0.5819
vn -0.7685 0.0032 0.6398
vn -0.8384 0.4580 0.2954
vn -0.7086 0.0067 0.7056
vn -0.8344 0.3640 0.4139
vn -0.8756 0.4043 0.2644
vn -0.8095 0.3593 0.4643
vn -0.8093 0.3673 0.4584
vn -0.8175 0.5198 0.2479
vn -0.7839 0.5858 0.2057
vn -0.6608 -0.0177 0.7504
vn -0.7884 0.5915 0.1686
vn -0.6221 0.7423 0.2489
vn -0.6551 0.6368 0.4065
vn -0.6053 0.7766 0.1747
vn -0.7714 0.6145 0.1654
vn -0.5221 0.8517 -0.0449
vn -0.7568 0.1301 0.6405
vn -0.7752 0.5935 0.2163
vn -0.7108 -0.0123 0.7033
vn -0.8134 0.1047 0.5722
vn -0.7555 0.0360 0.6542
vn -0.7406 -0.0389 0.6708
vn -0.6928 0.5817 0.4261
vn -0.6676 0.6572 0.3498
vn -0.5145 0.8562 0.0464
vn -0.8459 0.4063 0.3456
vn -0.8455 0.4050 0.3479
vn -0.8421 0.4092 0.3514
vn -0.7471 0.3084 0.5888
vn -0.7423 0.0577 0.6675
vn -0.2775 0.9256 -0.2575
vn -0.7473 0.1319 0.6513
vn -0.7647 0.3224 0.5579
vn -0.7797 0.6013 0.1744
vn -0.8232 0.5253 0.2154
vn -0.8779 0.2145 0.4281
vn -0.6247 0.0580 0.7787
vn -0.6795 -0.0235 0.7333
vn -0.9013 0.2292 0.3677
vn -0.8954 0.2336 0.3790
vn -0.9018 0.2272 0.3675
vn -0.7209 0.6765 0.1502
vn -0.7114 0.6867 0.1492
vn -0.7055 0.6932 0.1472
vn -0.8183 0.4646 0.3384
vn -0.7828 0.5124 0.3532
vn -0.7536 0.5113 0.4132
vn -0.4237 0.8970 0.1262
vn -0.4206 0.8988 0.1238
vn -0.4145 0.9014 0.1251
vn -0.6951 -0.0353 0.7181
vn -0.6581 -0.0378 0.7520
vn -0.7457 -0.1798 0.6415
vn -0.3257 0.7706 0.5479
vn -0.2944 0.8159 0.4976
vn -0.3573 0.7767 0.5188
vn -0.7241 0.3491 0.5948
vn -0.7251 0.3393 0.5993
vn -0.7213 0.3409 0.6030
vn -0.5821 0.8068 0.1013
vn -0.5824 0.8062 0.1045
vn -0.5798 0.8081 0.1038
vn -0.6554 0.7206 0.2263
vn -0.6544 0.7238 0.2186
vn -0.6577 0.7208 0.2190
vn -0.7112 0.3145 0.6287
vn -0.7275 0.6736 0.1305
vn -0.6693 -0.0802 0.7386
vn -0.6517 0.7226 0.2303
vn -0.5837 0.5896 0.5583
vn -0.5214 0.8056 0.2814
vn -0.5091 0.8106 0.2895
vn -0.5222 0.8032 0.2865
vn -0.8162 0.5412 0.2022
vn -0.8143 0.5447 0.2006
vn -0.8163 0.5416 0.2009
vn -0.5680 0.7411 0.3581
vn -0.5811 0.7462 0.3247
vn -0.6013 0.7236 0.3387
vn -0.6068 0.6446 0.4650
vn -0.6020 0.6441 0.4720
vn -0.6010 0.6317 0.4897
vn -0.6044 0.6538 0.4553
vn -0.5370 0.7989 0.2709
vn -0.5476 0.7901 0.2754
vn -0.5379 0.7872 0.3017
vn -0.5490 0.7944 0.2599
vn -0.6056 -0.0365 -0.7950
vn -0.5987 0.1276 -0.7908
vn -0.8692 0.2111 -0.4471
vn -0.5772 0.2984 -0.7601
vn -0.6596 0.1078 -0.7438
vn -0.6256 0.3327 -0.7057
vn -0.7355 0.3880 -0.5555
vn -0.7708 0.3717 -0.5175
vn -0.7405 0.3771 -0.5562
vn -0.7219 -0.0670 -0.6887
vn -0.7219 -0.0609 -0.6893
vn -0.7297 -0.0697 -0.6803
vn -0.8161 -0.0276 -0.5773
vn -0.8152 -0.0389 -0.5779
vn -0.8122 -0.0287 -0.5827
vn -0.7221 0.3897 -0.5716
vn -0.7110 0.1032 -0.6955
vn -0.5936 0.4791 -0.6466
vn -0.7328 0.3991 -0.5511
vn -0.7808 0.2560 -0.5699
vn -0.7628 0.2079 -0.6123
vn -0.7724 0.2484 -0.5845
vn -0.8021 0.1556 -0.5765
vn -0.8012 0.1537 -0.5783
vn -0.8031 0.1502 -0.5766
vn -0.5195 0.0951 -0.8492
vn -0.8928 0.3814 -0.2396
vn -0.8929 0.3795 -0.2424
vn -0.8933 0.3783 -0.2426
vn -0.5853 0.2198 -0.7805
vn -0.7772 0.2744 -0.5663
vn -0.3243 -0.1877 -0.9271
vn -0.3231 -0.2141 -0.9218
vn -0.3193 -0.2014 -0.9260
vn -0.6536 0.3485 -0.6718
vn -0.6132 0.3874 -0.6884
vn -0.6127 0.5007 -0.6115
vn -0.4134 -0.0967 -0.9054
vn -0.2993 -0.0831 -0.9505
vn -0.4540 0.1575 -0.8770
vn -0.5095 0.3174 -0.7998
vn -0.5907 0.2383 -0.7709
vn -0.5706 0.3336 -0.7505
vn -0.7074 0.6122 -0.3533
vn -0.5710 0.6353 -0.5200
vn -0.6556 0.6212 -0.4294
vn -0.4265 0.4929 -0.7584
vn -0.5289 0.6344 -0.5637
vn -0.3428 0.0507 -0.9380
vn -0.6707 0.5500 -0.4976
vn -0.4913 0.5332 -0.6887
vn -0.4159 0.6407 -0.6454
vn -0.5908 0.0722 -0.8036
vn -0.5950 0.0634 -0.8012
vn -0.5939 0.0739 -0.8012
vn -0.6214 0.2246 -0.7506
vn -0.7023 0.5454 -0.4576
vn -0.7029 0.5379 -0.4654
vn -0.7169 0.5359 -0.4459
vn -0.6616 0.5357 -0.5247
vn -0.6733 0.6837 -0.2814
vn -0.6268 0.2484 -0.7385
vn -0.8218 -0.4045 -0.4013
vn -0.7424 -0.6043 -0.2891
vn -0.7161 -0.1671 -0.6777
vn -0.6548 0.4288 -0.6224
vn -0.5466 0.2107 -0.8104
vn -0.5975 0.4572 -0.6588
vn -0.7809 0.1006 -0.6165
vn -0.2546 -0.5146 -0.8187
vn -0.3975 -0.2490 -0.8831
vn -0.4595 -0.0855 -0.8840
vn -0.6053 0.6102 -0.5111
vn -0.6431 0.5663 -0.5155
vn -0.7564 0.3408 -0.5583
vn -0.5007 0.1237 -0.8567
vn -0.4460 0.4331 -0.7833
vn -0.4907 0.4666 -0.7359
vn -0.3879 0.4573 -0.8002
vn -0.6355 0.1486 -0.7577
vn -0.4963 0.1574 -0.8538
vn -0.2749 0.2854 -0.9181
vn -0.4547 0.3502 -0.8189
vn -0.4305 0.3410 -0.8357
vn -0.2237 0.6920 -0.6864
vn -0.2169 0.7038 -0.6765
vn -0.2319 0.6992 -0.6762
vn -0.4740 0.1334 -0.8703
vn -0.6956 0.0881 -0.7130
vn -0.4706 0.2148 -0.8558
vn -0.5041 0.3504 -0.7893
vn -0.3600 0.4206 -0.8328
vn -0.4119 0.0593 -0.9093
vn -0.4124 0.0596 -0.9090
vn -0.4070 0.0510 -0.9120
vn -0.5430 0.6255 0.5603
vn -0.7163 0.6969 0.0359
vn -0.4672 0.7611 -0.4499
vn -0.4702 0.3617 -0.8050
vn -0.6862 -0.3125 -0.6568
vn -0.4835 -0.0149 -0.8752
vn -0.5224 -0.1276 -0.8431
vn -0.5631 0.6653 -0.4903
vn -0.5490 0.6804 -0.4854
vn -0.5588 0.6678 -0.4917
vn -0.4055 0.0615 -0.9120
vn -0.3118 0.3342 -0.8894
vn -0.3293 0.3935 -0.8583
vn -0.3450 0.3645 -0.8650
vn -0.4698 0.4926 -0.7325
vn -0.5510 0.6511 -0.5219
vn -0.4937 0.6520 -0.5755
vn -0.2906 0.4716 -0.8325
vn -0.8979 0.2544 0.3594
vn -0.8943 0.2597 0.3643
vn -0.8986 0.2568 0.3558
vn -0.3081 0.3045 -0.9013
vn -0.2723 0.2054 -0.9400
vn -0.4081 0.3052 -0.8604
vn -0.4368 0.0820 -0.8958
vn 0.2699 0.8403 -0.4701
vn -0.3125 0.4950 -0.8108
vn -0.5078 0.2475 -0.8252
vn -0.3446 0.2304 -0.9100
vn -0.3942 0.7228 -0.5676
vn -0.1821 0.0529 -0.9819
vn 0.4867 0.8514 -0.1955
vn 0.2888 -0.4975 -0.8180
vn 0.2949 -0.5088 -0.8088
vn 0.2798 -0.5020 -0.8184
vn -0.3321 0.3323 -0.8827
vn -0.0676 0.3689 -0.9270
vn -0.4715 0.3704 -0.8003
vn -0.4782 0.4320 -0.7647
vn -0.0395 0.0360 -0.9986
vn -0.4076 0.1995 -0.8911
vn -0.4139 0.1826 -0.8918
vn -0.4206 0.1859 -0.8880
vn -0.1331 0.0567 -0.9895
vn -0.1409 0.0615 -0.9881
vn -0.1481 0.0600 -0.9872
vn -0.5005 0.4462 -0.7419
vn -0.3046 0.7046 -0.6409
vn 0.4529 0.6910 -0.5634
vn -0.2804 0.6589 -0.6980
vn -0.3809 0.7303 -0.5670
vn -0.4240 0.7323 -0.5328
vn -0.3320 0.7337 -0.5929
vn -0.4117 0.4253 -0.8060
vn -0.5149 0.7198 -0.4655
vn -0.4800 0.1613 -0.8623
vn -0.4990 0.1609 -0.8515
vn -0.4897 0.1607 -0.8570
vn -0.3943 0.2118 -0.8942
vn -0.3766 0.5176 -0.7683
vn -0.4157 0.4086 -0.8125
vn -0.3230 0.4483 -0.8335
vn -0.3359 0.4664 -0.8183
vn -0.3482 0.5902 -0.7283
vn -0.3832 0.6618 -0.6444
vn -0.2950 0.7937 -0.5320
vn 0.1243 0.4441 -0.8873
vn 0.1217 0.4487 -0.8854
vn 0.1245 0.4496 -0.8845
vn -0.4124 0.6021 -0.6837
vn -0.4062 0.3286 -0.8527
vn -0.1644 0.8043 -0.5710
vn -0.1633 0.8157 -0.5549
vn -0.1557 0.8086 -0.5674
vn -0.4038 0.3288 -0.8537
vn -0.3323 0.6290 -0.7028
vn -0.6905 -0.2110 -0.6919
vn -0.2143 0.4468 -0.8686
vn -0.2793 0.4642 -0.8405
vn -0.2087 0.2356 -0.9492
vn -0.1399 0.4994 -0.8550
vn -0.2393 0.0628 -0.9689
vn -0.1082 0.6998 -0.7061
vn -0.1157 0.6882 -0.7163
vn -0.1256 0.7030 -0.7000
vn -0.0132 0.7716 -0.6360
vn -0.2619 0.7534 -0.6031
vn -0.0868 0.7897 -0.6073
vn -0.0878 0.4100 -0.9078
vn 0.0387 0.3600 -0.9322
vn 0.0453 0.3539 -0.9342
vn 0.0366 0.3532 -0.9348
vn -0.1762 0.1935 -0.9651
vn -0.0681 0.8574 -0.5101
vn -0.0644 0.8604 -0.5055
vn -0.0654 0.8588 -0.5081
vn -0.3160 0.7549 -0.5748
vn -0.0729 0.3656 -0.9279
vn -0.0939 0.4762 -0.8743
vn -0.0989 0.4735 -0.8752
vn -0.0995 0.4676 -0.8783
vn -0.4935 0.5526 -0.6716
vn -0.5744 0.4531 -0.6817
vn -0.4000 0.6186 -0.6762
vn -0.3214 0.6752 -0.6640
vn -0.1538 0.3350 -0.9296
vn -0.4652 0.6710 -0.5774
vn 0.0597 0.2863 -0.9563
vn -0.0591 0.3442 -0.9370
vn -0.1626 0.5010 -0.8500
vn -0.1882 0.5052 -0.8422
vn -0.1239 0.3277 -0.9366
vn -0.1737 0.5236 -0.8341
vn -0.1760 0.2729 -0.9458
vn -0.1739 0.5062 -0.8447
vn -0.0580 0.6425 -0.7641
vn -0.1542 0.6874 -0.7097
vn -0.1717 0.7483 -0.6408
vn -0.1175 0.5878 -0.8004
vn 0.0492 0.5865 -0.8084
vn -0.0204 0.5555 -0.8313
vn 0.0716 0.5665 -0.8209
vn -0.1631 0.2615 -0.9513
vn -0.0940 0.3962 -0.9134
vn -0.1152 0.3244 -0.9389
vn -0.1388 0.8072 -0.5737
vn -0.2417 0.9080 -0.3422
vn 0.1474 0.4991 -0.8539
vn 0.6263 0.1146 -0.7711
vn 0.1539 0.3892 -0.9082
vn 0.0179 0.4512 -0.8923
vn 0.1994 0.9659 -0.1652
vn 0.1961 0.9670 -0.1628
vn 0.1947 0.9690 -0.1523
vn -0.1386 0.5764 -0.8054
vn -0.0751 0.4780 -0.8751
vn -0.1830 0.5094 -0.8409
vn 0.2260 0.6112 -0.7585
vn -0.9881 -0.0523 -0.1444
vn -0.9727 -0.0765 -0.2192
vn -0.9913 -0.0471 -0.1227
vn -0.9006 -0.1465 -0.4092
vn 0.0128 0.9717 0.2357
vn 0.0338 0.9618 -0.2718
vn 0.1385 0.9321 0.3348
vn 0.0111 -0.9999 -0.0060
vn -0.0022 -0.9997 -0.0238
vn 0.0300 -0.9746 -0.2221
vn -0.8316 -0.0639 -0.5517
vn -0.8224 -0.3297 -0.4636
vn -0.6293 -0.1412 -0.7642
vn -0.8911 0.4420 -0.1032
vn -0.8721 0.3803 0.3079
vn -0.8811 0.4703 -0.0497
vn -0.8959 0.3933 -0.2065
vn -0.9909 0.1342 -0.0088
vn -0.9981 -0.0610 -0.0082
vn -0.9138 0.1531 0.3763
vn -0.1681 0.9852 0.0339
vn -0.1397 0.9900 -0.0213
vn -0.2024 0.9793 -0.0021
vn -0.5218 0.8530 0.0086
vn -0.5745 0.8123 0.1010
vn -0.4911 0.7591 -0.4272
vn -0.5394 0.8208 0.1880
vn -0.0331 0.9912 0.1280
vn -0.0442 0.9909 0.1275
vn -0.0429 0.9908 0.1286
vn 0.0556 0.8449 -0.5320
vn 0.0178 0.7794 -0.6263
vn 0.0936 0.8529 -0.5136
vn -0.0412 0.7631 -0.6450
vn -0.4346 0.7900 -0.4324
vn 0.0736 0.8921 -0.4458
vn 0.2762 0.8511 -0.4466
vn 0.1397 0.7902 -0.5968
vn 0.0700 0.7711 -0.6328
vn 0.1349 0.7914 -0.5962
vn 0.0048 -1.0000 0.0082
vn 0.0040 -0.9998 0.0179
vn 0.0065 -1.0000 -0.0011
vn -0.0066 -0.9919 0.1271
vn 0.0331 -0.9994 0.0094
vn 0.0405 -0.9991 -0.0151
vn 0.0099 -0.9999 -0.0129
vn -0.2370 -0.5765 0.7820
vn 0.0042 -0.9990 0.0434
vn 0.0056 -0.9990 0.0435
vn -0.0063 -0.9987 0.0496
vn 0.0656 -0.9963 0.0549
vn 0.0519 -0.9959 0.0746
vn 0.0250 -0.9932 0.1137
vn 0.0128 -0.9912 0.1317
vn -0.1386 0.9612 -0.2385
vn -0.2518 0.9667 -0.0462
vn -0.1384 0.9709 -0.1954
vn 0.3364 0.9397 0.0610
vn 0.2466 0.9526 -0.1781
vn 0.3275 0.9419 0.0751
vn -0.6458 0.1384 0.7509
vn -0.6418 0.2395 0.7285
vn -0.4387 0.3969 0.8062
vn -0.9867 -0.0204 0.1613
vn -0.7670 0.0770 0.6370
vn -0.9953 -0.0252 0.0935
vn -0.8791 0.1044 -0.4651
vn -0.9481 -0.3105 -0.0682
vn -0.4944 -0.1142 0.8617
vn -0.9676 -0.1232 0.2204
vn -0.5950 0.2512 0.7635
vn -0.8171 -0.4133 -0.4019
vn -0.9086 -0.1146 -0.4016
vn -0.8159 -0.0251 -0.5776
vn -0.7993 0.2756 0.5340
vn -0.7711 -0.3803 0.5107
vn -0.8435 -0.0303 0.5363
vn -0.4961 0.0628 0.8660
vn -0.4528 0.0371 0.8908
vn -0.5228 0.0273 0.8520
vn -0.6087 -0.0092 0.7934
vn -0.2951 0.0743 0.9526
vn -0.3626 0.0376 0.9312
vn -0.4643 -0.0606 0.8836
vn -0.3551 0.0084 0.9348
vn -0.1422 0.0059 0.9898
vn -0.8955 0.0460 0.4427
vn -0.5707 -0.0832 0.8169
vn -0.3978 -0.0339 0.9168
vn -0.4985 0.1045 0.8606
vn -0.4834 0.0673 0.8728
vn -0.5753 0.5379 0.6162
vn -0.3683 0.6427 0.6717
vn -0.4558 0.5786 0.6764
vn -0.4440 0.0262 0.8957
vn -0.4421 0.0330 0.8963
vn -0.4514 0.0352 0.8916
vn -0.7818 -0.0514 0.6214
vn -0.3012 0.2110 0.9299
vn -0.4712 0.1524 0.8688
vn -0.7497 -0.0983 0.6544
vn -0.9709 -0.0084 0.2394
vn -0.6481 0.0489 0.7600
vn -0.3831 0.0870 0.9196
vn 0.0318 0.0555 0.9980
vn -0.5064 0.0852 0.8581
vn -0.4933 0.1930 0.8482
vn -0.6030 0.2358 0.7621
vn -0.6755 0.1783 0.7155
vn -0.6634 0.2197 0.7152
vn -0.6975 0.2506 0.6714
vn -0.6590 -0.0292 0.7516
vn 0.0320 -0.0542 0.9980
vn -0.5604 0.4771 0.6770
vn 0.0220 0.0640 0.9977
vn -0.2309 0.1840 0.9554
vn 0.2379 -0.1591 0.9582
vn -0.6852 -0.1003 0.7214
vn -0.3239 -0.0560 0.9444
vn -0.4233 -0.0491 0.9047
vn -0.0019 0.2272 0.9738
vn -0.6923 -0.3407 0.6361
vn -0.6875 -0.3190 0.6524
vn -0.6972 -0.3052 0.6487
vn -0.4543 0.6454 0.6141
vn -0.9528 -0.0604 0.2974
vn 0.2684 -0.0532 0.9618
vn -0.0387 0.0298 0.9988
vn -0.7420 -0.0471 0.6687
vn -0.5799 0.0312 0.8141
vn -0.7495 0.0838 0.6567
vn -0.7227 0.1694 0.6701
vn -0.4706 -0.1081 0.8757
vn -0.4759 -0.0726 0.8765
vn -0.5445 -0.0541 0.8370
vn -0.3833 -0.1121 0.9168
vn 0.2524 -0.0069 0.9676
vn -0.0278 -0.1586 0.9870
vn -0.8935 -0.0647 0.4444
vn 0.4222 -0.1015 0.9008
vn -0.1737 -0.0420 0.9839
vn 0.0715 -0.1114 0.9912
vn -0.6755 0.0510 0.7356
vn -0.0983 0.2375 0.9664
vn -0.8803 -0.1469 0.4511
vn -0.7246 0.0238 0.6887
vn -0.6618 0.0967 0.7434
vn -0.1425 0.0982 0.9849
vn 0.8676 -0.0335 0.4962
vn -0.3392 -0.0273 0.9403
vn -0.1199 0.0254 0.9925
vn -0.4310 0.0871 0.8981
vn 0.0996 -0.0658 0.9929
vn -0.6028 0.1724 -0.7791
vn -0.5839 0.0482 -0.8104
vn -0.5695 0.0582 -0.8199
vn -0.4504 0.1696 0.8766
vn 0.0619 -0.1243 -0.9903
vn 0.2048 0.0584 0.9771
vn -0.9718 -0.0420 0.2322
vn -0.7656 -0.4281 0.4802
vn -0.6529 0.1134 0.7489
vn -0.2463 -0.0779 0.9661
vn -0.3529 -0.0835 0.9319
vn -0.6950 -0.0003 0.7190
vn 0.3193 0.0473 0.9465
vn -0.3444 0.1001 0.9335
vn -0.8492 0.1352 0.5105
vn -0.9187 0.2540 0.3024
vn -0.1721 0.0283 0.9847
vn -0.0889 0.2328 0.9684
vn -0.5467 0.3201 0.7737
vn -0.5072 0.2855 0.8132
vn -0.9178 -0.0211 0.3965
vn -0.6539 0.0287 0.7561
vn -0.2832 -0.0171 0.9589
vn -0.3246 -0.0818 0.9423
vn -0.2640 0.0016 0.9645
vn 0.9173 -0.1114 0.3823
vn -0.2689 -0.0162 0.9630
vn 0.9453 0.0126 0.3259
vn -0.2657 0.0698 0.9615
vn -0.6568 -0.1100 0.7460
vn -0.6044 -0.0655 0.7940
vn -0.8798 -0.0236 0.4748
vn -0.8696 -0.0346 0.4925
vn -0.9588 0.0043 0.2839
vn -0.3273 -0.0658 0.9426
vn -0.4696 0.0233 0.8826
vn 0.2078 -0.0368 0.9775
vn 0.1723 0.0165 0.9849
vn 0.1360 0.1448 0.9801
vn 0.2572 0.0436 0.9654
vn -0.5971 0.3195 0.7358
vn -0.9003 0.4349 0.0173
vn -0.5673 0.4205 0.7081
vn -0.2256 0.1723 -0.9589
vn -0.9036 0.0303 0.4273
vn -0.0450 0.3206 -0.9461
vn 0.5535 -0.2446 -0.7961
vn -0.9865 0.0073 -0.1639
vn -0.9987 0.0221 -0.0460
vn -0.9785 0.0016 -0.2064
vn -0.8247 0.0945 0.5576
vn -0.9775 -0.0310 -0.2086
vn -0.9979 -0.0626 0.0187
vn -0.7221 0.0032 0.6918
vn -0.7220 0.0037 0.6919
vn -0.1216 -0.0778 -0.9895
vn -0.0559 -0.0346 -0.9978
vn 0.0374 0.0267 -0.9989
vn -0.1641 -0.1058 -0.9808
vn -0.3861 0.0079 -0.9224
vn -0.3871 0.0067 -0.9220
vn -0.3862 0.0744 -0.9194
vn -0.0001 0.7984 -0.6022
vn -0.2464 0.8619 0.4433
vn -0.0582 0.8942 0.4438
vn -0.0555 0.8937 0.4452
vn 0.0160 0.8974 0.4409
vn -0.1703 0.8614 0.4785
vn -0.1475 0.8667 0.4765
vn -0.0500 0.8930 0.4474
vn -0.2771 0.8137 0.5110
vn -0.4834 0.8729 -0.0656
vn -0.4018 0.9092 -0.1095
vn -0.3184 0.9381 -0.1362
vn -0.4805 0.8562 0.1901
vn -0.5217 0.8509 -0.0608
vn -0.4931 0.8690 -0.0412
vn -0.3666 0.9022 -0.2272
vn -0.3830 0.9059 -0.1806
vn -0.3847 0.9043 -0.1849
vn -0.3828 0.9055 -0.1832
vn -0.5272 0.8271 0.1951
vn -0.2655 0.7606 0.5924
vn -0.2859 0.9406 -0.1833
vn -0.2840 0.9471 -0.1494
vn -0.2926 0.9501 -0.1077
vn -0.3720 0.9108 -0.1791
vn -0.3642 0.9132 -0.1829
vn -0.4064 0.8863 -0.2221
vn -0.3340 0.9301 -0.1529
vn -0.3457 0.9218 -0.1753
vn -0.3703 0.9096 -0.1884
vn -0.3607 0.9287 -0.0859
vn -0.3574 0.9295 -0.0909
vn -0.3582 0.9285 -0.0982
vn -0.3822 0.9219 -0.0641
vn -0.3018 0.9503 -0.0765
vn -0.3640 0.9275 -0.0852
vn -0.2905 0.9569 0.0017
vn -0.4211 0.9068 0.0166
vn -0.3832 0.9234 -0.0243
vn 0.0888 0.9875 0.1301
vn -0.1958 0.9483 0.2500
vn -0.1209 0.9623 0.2438
vn -0.3946 0.8935 -0.2146
vn -0.3597 0.9133 -0.1911
vn -0.2749 0.9581 -0.0801
vn -0.2430 0.8993 -0.3636
vn -0.3653 0.9091 -0.2004
vn -0.3545 0.9042 -0.2382
vn -0.4465 0.8777 -0.1740
vn -0.3990 0.8941 -0.2036
vn -0.4790 0.8650 -0.1492
vn -0.3255 0.9296 -0.1729
vn -0.2075 0.9715 -0.1145
vn -0.1500 0.9433 -0.2960
vn -0.2774 0.9513 -0.1345
vn -0.2785 0.9510 -0.1346
vn -0.2772 0.9515 -0.1336
vn -0.3648 0.9024 -0.2292
vn -0.2049 0.9776 -0.0482
vn -0.1190 0.9912 -0.0582
vn -0.3832 0.8962 -0.2235
vn -0.3761 0.8958 -0.2369
vn -0.4249 0.8832 -0.1985
vn -0.3946 0.8968 -0.2001
vn -0.3749 0.9051 -0.2006
vn -0.3651 0.9171 -0.1599
vn -0.4095 0.8939 -0.1824
vn -0.3694 0.9144 -0.1653
vn -0.3575 0.8737 0.3299
vn -0.2984 0.9414 -0.1569
vn -0.2760 0.9542 -0.1156
vn -0.3102 0.9440 -0.1128
vn -0.3909 0.9013 -0.1867
vn -0.2940 0.9362 -0.1928
vn -0.2917 0.9549 -0.0560
vn -0.2955 0.9536 -0.0568
vn -0.2959 0.9536 -0.0553
vn -0.3406 0.9185 -0.2009
vn -0.2591 0.9361 -0.2378
vn -0.2933 0.9371 -0.1891
vn -0.2365 0.9504 -0.2017
vn -0.2740 0.9472 -0.1667
vn -0.3044 0.9339 -0.1877
vn -0.1627 0.9803 -0.1119
vn -0.1632 0.9797 -0.1167
vn -0.1633 0.9804 -0.1103
vn -0.3235 0.9300 -0.1745
vn -0.3033 0.9389 -0.1627
vn -0.2967 0.9420 -0.1572
vn -0.3102 0.9346 -0.1738
vn -0.2538 0.9504 -0.1797
vn -0.2824 0.9461 -0.1587
vn -0.2544 0.9450 -0.2054
vn -0.2665 0.9572 -0.1128
vn -0.6689 0.6935 -0.2678
vn -0.2978 0.9419 -0.1554
vn -0.3068 0.9402 -0.1482
vn -0.2992 0.9423 -0.1499
vn -0.1936 0.9794 -0.0570
vn -0.1932 0.9784 -0.0740
vn -0.2009 0.9789 -0.0386
vn -0.2003 0.9696 -0.1408
vn -0.2289 0.9642 -0.1335
vn -0.2117 0.9689 -0.1285
vn -0.2422 0.9696 0.0338
vn -0.2499 0.9591 -0.1331
vn -0.2200 0.9754 -0.0145
vn -0.7002 0.6525 -0.2898
vn -0.6939 0.6585 -0.2914
vn -0.6963 0.6580 -0.2867
vn -0.2386 0.9641 -0.1164
vn -0.2484 0.9554 -0.1598
vn -0.2424 0.9572 -0.1579
vn -0.2477 0.9547 -0.1651
vn -0.2235 0.9691 -0.1046
vn -0.1668 0.9848 0.0480
vn -0.3545 0.9062 -0.2307
vn -0.3308 0.9170 -0.2228
vn -0.3333 0.9162 -0.2224
vn -0.3339 0.9176 -0.2158
vn -0.2509 0.9574 -0.1431
vn -0.2525 0.9569 -0.1437
vn -0.2534 0.9568 -0.1426
vn -0.1412 0.9754 -0.1694
vn 0.5355 0.8293 -0.1596
vn -0.4031 0.8963 -0.1850
vn -0.3016 0.9267 -0.2243
vn -0.5915 0.7578 -0.2754
vn -0.3895 0.9084 -0.1521
vn -0.4472 0.8637 -0.2322
vn -0.2916 0.9381 0.1868
vn -0.3068 0.9414 -0.1400
vn -0.1864 0.9391 -0.2887
vn -0.1341 0.8826 -0.4506
vn -0.1081 0.8394 -0.5326
vn -0.2291 0.9661 -0.1187
vn -0.2020 0.9794 -0.0076
vn -0.6309 0.7551 -0.1784
vn -0.1342 0.9777 -0.1613
vn -0.1362 0.9780 -0.1579
vn -0.1266 0.9788 -0.1613
vn -0.0665 0.9839 -0.1658
vn -0.2857 0.9523 -0.1068
vn -0.2716 0.9506 -0.1506
vn 0.1775 0.4086 -0.8953
vn 0.1817 0.3941 -0.9009
vn 0.1649 0.3971 -0.9029
vn -0.0883 0.9702 -0.2257
vn -0.4995 0.7887 -0.3584
vn -0.4339 0.8657 -0.2496
vn -0.5535 0.7026 -0.4471
vn -0.5549 0.7917 -0.2556
vn -0.2195 0.9721 -0.0829
vn -0.1330 0.9910 0.0158
vn -0.2389 0.9648 -0.1104
vn -0.2611 0.9433 -0.2050
vn -0.1879 0.9753 -0.1159
vn -0.2308 0.9595 -0.1613
vn -0.2477 0.9563 -0.1554
vn 0.0168 0.6110 0.7915
vn 0.2543 0.5515 0.7945
vn 0.0207 0.6296 0.7766
vn -0.2932 0.9402 -0.1734
vn -0.1404 0.9483 -0.2845
vn -0.1370 0.9476 -0.2886
vn -0.1372 0.9479 -0.2876
vn -0.4245 0.8998 -0.1009
vn -0.3568 0.9262 -0.1220
vn -0.2950 0.9392 -0.1756
vn -0.1980 0.9424 -0.2695
vn -0.3384 0.9346 -0.1096
vn -0.1589 0.9756 -0.1514
vn -0.1394 0.9737 -0.1803
vn -0.1239 0.9726 -0.1969
vn -0.2533 0.9530 -0.1663
vn -0.5615 0.8081 -0.1780
vn -0.4448 0.8759 -0.1869
vn -0.5125 0.8553 -0.0764
vn -0.5101 0.8227 -0.2509
vn -0.2595 0.9552 -0.1423
vn -0.2600 0.9551 -0.1419
vn -0.2523 0.8372 -0.4852
vn -0.3814 0.7990 -0.4649
vn -0.2907 0.8284 -0.4787
vn -0.0430 0.9941 0.0991
vn -0.1347 0.9873 0.0844
vn -0.1207 0.9857 0.1178
vn -0.1580 0.9833 -0.0904
vn -0.1574 0.9848 -0.0737
vn -0.1623 0.9720 -0.1698
vn -0.2382 0.9590 -0.1534
vn 0.4652 0.8705 -0.1606
vn -0.1511 0.9874 -0.0462
vn -0.0722 0.9650 -0.2520
vn -0.1575 0.9874 0.0136
vn -0.0800 0.9487 -0.3059
vn -0.0839 0.9490 -0.3039
vn -0.0828 0.9492 -0.3036
vn -0.3373 0.7777 -0.5304
vn -0.5295 0.7367 -0.4206
vn -0.2913 0.8479 -0.4430
vn -0.1867 0.9807 0.0580
vn 0.1538 0.9542 0.2568
vn 0.1332 0.9562 0.2605
vn 0.1476 0.9549 0.2576
vn -0.2770 0.9352 -0.2203
vn -0.2420 0.9612 -0.1324
vn -0.2596 0.9354 -0.2401
vn -0.2115 0.9526 -0.2185
vn -0.1846 0.9617 -0.2025
vn -0.1899 0.9801 -0.0587
vn -0.2455 0.9693 0.0111
vn -0.2073 0.8523 -0.4801
vn -0.1796 0.9669 -0.1814
vn -0.1806 0.9050 -0.3851
vn -0.1780 0.9038 -0.3892
vn -0.1797 0.9040 -0.3878
vn 0.3836 0.7138 -0.5859
vn 0.3821 0.7130 -0.5879
vn 0.3576 0.7254 -0.5882
vn -0.2573 0.9208 -0.2930
vn -0.1669 0.9443 -0.2837
vn -0.2110 0.9345 -0.2867
vn -0.1734 0.7412 -0.6485
vn -0.2023 0.9693 -0.1397
vn -0.2034 0.9690 -0.1400
vn -0.1586 0.9784 -0.1325
vn -0.1877 0.9638 -0.1894
vn -0.1804 0.9807 -0.0751
vn -0.1866 0.9794 -0.0770
vn -0.1876 0.9795 -0.0733
vn -0.2026 0.8994 -0.3875
vn -0.1418 0.9488 -0.2823
vn -0.1802 0.9705 -0.1603
vn -0.1324 0.9859 -0.1028
vn -0.0213 0.9925 -0.1203
vn -0.0606 0.9971 -0.0468
vn -0.0791 0.9945 -0.0688
vn -0.3584 0.9273 -0.1079
vn -0.2193 0.9652 -0.1427
vn -0.2572 0.9587 -0.1212
vn -0.1115 0.9420 -0.3166
vn -0.0103 0.9448 -0.3274
vn -0.1576 0.9598 -0.2324
vn -0.0618 0.9806 -0.1860
vn -0.1731 0.9700 -0.1709
vn -0.1726 0.9613 -0.2145
vn -0.1575 0.9667 -0.2017
vn -0.1756 0.9619 -0.2095
vn -0.2087 0.9556 -0.2079
vn -0.2379 0.9487 -0.2081
vn -0.1054 0.9942 -0.0227
vn -0.1693 0.9645 -0.2029
vn -0.1616 0.8631 -0.4785
vn -0.6656 0.7364 -0.1213
vn -0.3747 0.8801 -0.2914
vn -0.2161 0.8928 -0.3951
vn 0.0497 0.9505 -0.3068
vn 0.0942 0.9304 -0.3542
vn 0.0722 0.9793 -0.1893
vn -0.1726 0.9745 -0.1436
vn -0.1725 0.9744 -0.1444
vn -0.0572 0.9878 -0.1448
vn -0.0339 0.9994 -0.0107
vn -0.2539 0.9271 -0.2759
vn -0.2590 0.9257 -0.2756
vn -0.2549 0.9274 -0.2736
vn 0.0740 0.9694 -0.2339
vn -0.2749 0.8457 -0.4575
vn -0.1363 0.9732 -0.1853
vn -0.1642 0.9810 -0.1037
vn -0.1868 0.9779 -0.0942
vn -0.1288 0.9862 -0.1038
vn -0.2108 0.8910 -0.4020
vn 0.2645 0.9572 -0.1175
vn -0.0118 0.9996 -0.0239
vn -0.2743 0.9459 -0.1735
vn -0.2401 0.9694 0.0510
vn -0.2579 0.9636 -0.0700
vn 0.1406 0.9837 0.1117
vn 0.1353 0.9847 0.1099
vn 0.1501 0.9828 0.1077
vn -0.2085 0.9657 -0.1550
vn -0.1200 0.9744 -0.1902
vn -0.1203 0.9740 -0.1919
vn -0.1210 0.9741 -0.1913
vn -0.0838 0.9842 -0.1558
vn -0.2856 0.9564 -0.0610
vn -0.1145 0.9872 -0.1108
vn -0.1810 0.9753 -0.1262
vn 0.0118 0.8745 -0.4850
vn 0.0136 0.8784 -0.4778
vn 0.0179 0.8752 -0.4835
vn -0.2563 0.9664 -0.0184
vn -0.0236 0.9833 -0.1802
vn 0.0061 0.9788 -0.2046
vn -0.2010 0.9074 -0.3690
vn -0.2036 0.9058 -0.3717
vn -0.1947 0.9072 -0.3729
vn -0.2092 0.9651 -0.1575
vn -0.2186 0.9694 -0.1115
vn 0.0070 0.9603 -0.2789
vn 0.1441 0.1583 0.9768
vn -0.0335 0.9864 -0.1607
vn -0.2703 0.4907 -0.8284
vn -0.4330 0.1911 -0.8809
vn -0.2920 0.3408 -0.8936
vn -0.1968 0.9241 -0.3277
vn -0.1957 0.9244 -0.3273
vn -0.1971 0.9245 -0.3262
vn -0.0254 0.9014 -0.4322
vn -0.0535 0.9985 -0.0070
vn 0.0928 0.9018 -0.4221
vn -0.1919 0.9735 -0.1242
vn -0.1913 0.9733 -0.1268
vn -0.1923 0.9734 -0.1243
vn -0.2356 0.9238 -0.3018
vn -0.2261 0.9506 -0.2129
vn -0.2397 0.8807 -0.4086
vn -0.2966 0.9239 -0.2418
vn 0.0215 0.9862 -0.1640
vn 0.0307 0.9863 -0.1623
vn -0.0306 0.9779 -0.2068
vn -0.0579 0.9733 -0.2222
vn -0.0880 0.9882 -0.1251
vn -0.0945 0.9926 -0.0762
vn -0.7239 -0.1817 0.6655
vn -0.7237 -0.1821 0.6656
vn -0.2206 0.9695 -0.1067
vn -0.0881 0.9960 -0.0150
vn -0.1977 0.7555 -0.6245
vn -0.1727 0.7961 -0.5800
vn -0.2014 0.8163 -0.5414
vn -0.1603 0.7354 -0.6584
vn -0.0488 0.9899 -0.1331
vn 0.0334 0.9992 0.0221
vn -0.1391 0.8117 -0.5672
vn -0.1096 0.9830 -0.1471
vn -0.0795 0.9465 -0.3127
vn -0.0767 0.9453 -0.3169
vn -0.0709 0.9461 -0.3160
vn 0.0972 0.9821 -0.1616
vn -0.0150 0.9884 -0.1513
vn -0.0172 0.9947 -0.1017
vn 0.0285 0.9983 -0.0506
vn -0.0223 0.9928 -0.1179
vn 0.4491 0.8935 0.0005
vn 0.1738 0.9847 -0.0151
vn -0.0008 0.9997 -0.0239
vn 0.2522 0.8947 -0.3686
vn -0.0818 0.9938 -0.0747
vn -0.0844 0.9944 -0.0635
vn -0.0822 0.9944 -0.0670
vn 0.0186 0.9987 -0.0470
vn -0.4321 0.4954 -0.7536
vn -0.4208 0.9009 -0.1065
vn -0.4182 0.9017 -0.1101
vn -0.4330 0.8934 -0.1195
vn -0.1239 0.9794 -0.1594
vn -0.0601 0.9715 -0.2295
vn -0.0232 0.9997 -0.0039
vn -0.1132 0.8147 -0.5687
vn -0.1444 0.8649 -0.4808
vn -0.1494 0.8423 -0.5178
vn -0.1498 0.8522 -0.5013
vn 0.1336 0.9908 -0.0199
vn -0.0124 0.9938 -0.1105
vn -0.1166 0.9715 -0.2063
vn 0.6044 0.7966 0.0092
vn -0.1443 0.9808 -0.1314
vn -0.0149 0.9926 -0.1206
vn -0.0486 0.9745 -0.2190
vn 0.1172 0.9931 -0.0081
vn -0.1168 0.7666 -0.6314
vn -0.0046 0.9876 -0.1571
vn -0.0505 0.8738 -0.4836
vn 0.0649 0.9611 -0.2684
vn -0.1059 0.9774 -0.1829
vn 0.6447 0.5008 -0.5776
vn -0.0629 0.8081 -0.5857
vn -0.0634 0.8067 -0.5876
vn -0.0664 0.8079 -0.5855
vn 0.1256 0.3240 -0.9377
vn 0.1171 0.3254 -0.9383
vn 0.1157 0.3208 -0.9400
vn -0.1707 0.9845 -0.0400
vn -0.1729 0.9842 -0.0384
vn -0.1711 0.9845 -0.0378
vn 0.0617 0.9975 -0.0349
vn -0.0009 0.9904 -0.1380
vn -0.0721 0.7658 -0.6391
vn 0.2445 0.6414 -0.7272
vn 0.0766 0.9771 -0.1987
vn -0.0868 0.9487 -0.3040
vn -0.0553 0.9573 -0.2837
vn 0.0989 0.9753 0.1975
vn -0.0843 0.9684 -0.2346
vn -0.0378 0.9824 -0.1831
vn -0.0652 0.9765 -0.2053
vn -0.0868 0.9840 -0.1558
vn 0.0322 0.8945 -0.4459
vn -0.0898 0.8497 -0.5196
vn 0.0445 0.8926 -0.4487
vn 0.1525 0.8095 -0.5669
vn -0.2714 0.9592 -0.0787
vn -0.0916 0.9853 -0.1439
vn -0.0878 0.9880 -0.1268
vn -0.0295 0.9875 -0.1546
vn 0.2499 0.9543 0.1637
vn 0.2488 0.9547 0.1630
vn 0.0923 0.9921 -0.0855
vn -0.0243 0.9785 -0.2049
vn -0.0243 0.9777 -0.2084
vn -0.0238 0.9791 -0.2019
vn 0.0688 0.9941 -0.0841
vn -0.0164 0.9864 -0.1635
vn -0.0546 0.9777 -0.2026
vn -0.0062 0.9665 -0.2565
vn -0.0911 0.9787 -0.1840
vn -0.0670 0.9848 -0.1602
vn 0.4949 0.1427 -0.8572
vn 0.1003 0.9927 0.0664
vn -0.1762 0.9730 -0.1492
vn -0.0097 0.9862 -0.1652
vn -0.0178 0.9904 -0.1369
vn 0.2153 0.8686 -0.4462
vn -0.0041 0.9913 -0.1315
vn -0.1386 0.9602 -0.2426
vn -0.2789 0.9492 -0.1455
vn -0.2807 0.9485 -0.1467
vn -0.2856 0.9477 -0.1425
vn 0.6824 0.3105 -0.6618
vn -0.0229 0.9932 -0.1140
vn -0.0655 0.9719 -0.2262
vn -0.0313 0.9890 -0.1445
vn -0.0050 0.9892 -0.1465
vn -0.0005 0.8529 -0.5221
vn 0.0859 0.8828 -0.4619
vn -0.1868 0.8414 -0.5071
vn -0.0097 0.9884 -0.1516
vn -0.0754 0.9939 -0.0799
vn -0.0319 0.9758 -0.2164
vn 0.3547 0.4981 -0.7913
vn 0.0177 0.9893 -0.1449
vn 0.4867 0.6032 -0.6318
vn 0.0533 0.9823 -0.1795
vn 0.1072 0.9894 -0.0979
vn 0.1172 0.9880 -0.1009
vn 0.1080 0.9928 -0.0511
vn 0.2520 0.9566 -0.1463
vn 0.0677 0.9629 -0.2612
vn 0.0688 0.9846 -0.1605
vn 0.0174 0.9825 -0.1856
vn 0.0502 0.9916 -0.1195
vn 0.0325 0.9897 -0.1391
vn -0.0460 0.9758 -0.2139
vn -0.0394 0.9765 -0.2119
vn -0.0445 0.9746 -0.2197
vn 0.2646 0.9626 -0.0580
vn 0.0622 0.9914 -0.1153
vn 0.0431 0.9936 -0.1044
vn -0.0504 0.9949 -0.0873
vn 0.0345 0.9925 -0.1176
vn 0.0507 0.9913 -0.1212
vn 0.2415 0.9172 -0.3170
vn 0.0056 0.9710 -0.2392
vn 0.0155 0.9886 -0.1500
vn -0.0086 0.9678 -0.2515
vn -0.0439 0.9784 -0.2020
vn -0.0008 0.9665 -0.2565
vn -0.0706 0.9975 0.0085
vn 0.1170 0.9923 -0.0411
vn 0.0646 0.9886 -0.1358
vn 0.0508 0.9944 -0.0926
vn 0.0310 0.9941 -0.1042
vn 0.0431 0.9910 -0.1267
vn 0.0415 0.9910 -0.1270
vn 0.0346 0.9917 -0.1239
vn 0.1075 0.9836 -0.1446
vn -0.0762 0.9968 0.0242
vn -0.0497 0.9906 0.1276
vn -0.1302 0.9883 0.0792
vn -0.6437 0.6633 -0.3816
vn -0.0599 0.9465 -0.3171
vn 0.1795 0.6357 -0.7508
vn -0.0687 0.9494 -0.3066
vn 0.0788 0.9836 -0.1625
vn 0.0324 0.9948 -0.0969
vn 0.0817 0.9878 -0.1324
vn -0.2275 0.3419 0.9118
vn -0.2007 0.3507 0.9147
vn -0.2346 0.3407 0.9104
vn 0.1164 0.9727 -0.2005
vn 0.5497 0.8349 -0.0265
vn 0.1366 0.9872 -0.0820
vn 0.1730 0.9791 -0.1065
vn 0.0419 0.9914 -0.1239
vn -0.2642 0.9642 0.0225
vn -0.2644 0.9641 0.0229
vn 0.0318 0.9875 -0.1541
vn -0.0014 0.9056 -0.4241
vn 0.2942 0.3270 -0.8981
vn -0.1090 0.6794 -0.7256
vn 0.0467 0.9046 -0.4238
vn 0.0805 0.9007 -0.4269
vn 0.0382 0.9875 -0.1527
vn 0.0733 0.9885 -0.1326
vn 0.0915 0.9861 -0.1389
vn 0.0750 0.9936 -0.0849
vn 0.0311 0.9875 -0.1548
vn 0.0515 0.9987 -0.0055
vn 0.1022 0.4223 -0.9007
vn 0.0941 0.4228 -0.9013
vn 0.1008 0.4270 -0.8986
vn 0.0982 0.9499 -0.2966
vn 0.0405 0.9555 -0.2922
vn 0.0441 0.9969 -0.0649
vn 0.2612 0.8397 -0.4760
vn 0.0185 0.9743 -0.2243
vn 0.0480 0.9966 -0.0674
vn -0.0973 0.7226 -0.6844
vn 0.0716 0.8113 -0.5802
vn -0.0014 0.7427 -0.6697
vn -0.2615 0.9562 -0.1312
vn -0.2236 0.9736 0.0454
vn -0.0518 0.9984 0.0205
vn -0.0671 0.9977 -0.0010
vn -0.0089 0.9998 -0.0180
vn 0.1781 0.9491 -0.2598
vn 0.1137 0.9472 -0.2997
vn 0.0724 0.9241 -0.3753
vn 0.0590 0.9909 -0.1209
vn 0.0594 0.9913 -0.1175
vn 0.0560 0.9909 -0.1221
vn 0.0390 0.9360 -0.3499
vn 0.0813 0.9961 -0.0335
vn 0.0880 0.9955 -0.0344
vn 0.0843 0.9957 -0.0370
vn 0.2046 0.9526 -0.2250
vn 0.1687 0.8533 -0.4933
vn 0.0561 0.9729 -0.2245
vn -0.0672 0.9866 -0.1486
vn -0.1200 0.9923 0.0314
vn -0.0932 0.9925 -0.0797
vn 0.0467 0.9323 -0.3587
vn 0.0897 0.9813 -0.1703
vn 0.0980 0.9808 -0.1687
vn 0.0924 0.9809 -0.1711
vn 0.0874 0.9615 -0.2604
vn 0.0882 0.9602 -0.2651
vn 0.0916 0.9608 -0.2617
vn 0.2746 0.9560 -0.1037
vn 0.2777 0.9549 -0.1047
vn 0.2753 0.9559 -0.1021
vn 0.0020 0.9903 -0.1388
vn 0.0209 0.9888 -0.1477
vn 0.0854 0.9864 -0.1401
vn 0.0149 0.9911 -0.1321
vn -0.0006 0.9882 -0.1533
vn -0.1951 0.9701 -0.1441
vn -0.0603 0.9868 -0.1504
vn -0.0238 0.9025 -0.4301
vn 0.8625 0.2433 -0.4437
vn 0.0537 0.9702 -0.2362
vn 0.0531 0.9880 -0.1448
vn 0.1117 0.9735 -0.1996
vn -0.0389 0.9708 -0.2367
vn 0.0761 0.9971 0.0052
vn 0.0335 0.9989 0.0320
vn 0.2716 0.9404 -0.2048
vn 0.0898 0.9601 -0.2649
vn 0.0966 0.4619 -0.8817
vn 0.0890 0.4591 -0.8839
vn 0.0848 0.4696 -0.8788
vn 0.2723 0.8355 -0.4772
vn -0.0292 0.9008 -0.4332
vn 0.1087 0.9829 -0.1483
vn -0.0104 0.9997 -0.0201
vn 0.0624 0.9882 -0.1400
vn 0.0127 0.9999 -0.0080
vn 0.0974 0.9884 -0.1162
vn 0.2823 0.8208 -0.4966
vn -0.0144 0.9971 -0.0748
vn 0.0719 0.9925 -0.0993
vn 0.0244 0.9964 -0.0815
vn 0.0079 0.9999 0.0128
vn 0.2494 0.8990 -0.3600
vn 0.2413 0.9044 -0.3519
vn 0.2186 0.9239 -0.3139
vn 0.8999 -0.1490 -0.4098
vn 0.1247 0.8007 -0.5859
vn 0.1862 0.8761 -0.4448
vn 0.1402 0.9856 -0.0946
vn 0.1531 0.9805 -0.1236
vn 0.0961 0.9844 -0.1471
vn 0.2142 0.9680 -0.1305
vn -0.3196 0.9379 -0.1349
vn 0.0857 0.9672 0.2393
vn 0.0774 0.9677 0.2398
vn 0.0785 0.9668 0.2434
vn 0.1975 0.9517 -0.2352
vn 0.2535 0.9459 -0.2024
vn 0.1933 0.9666 -0.1684
vn 0.2714 0.9611 -0.0518
vn 0.2393 0.9639 -0.1166
vn 0.0456 0.9871 -0.1533
vn 0.0821 0.9843 -0.1565
vn 0.0690 0.9709 -0.2293
vn 0.1876 0.9789 -0.0809
vn 0.1915 0.9521 -0.2384
vn 0.1812 0.9833 -0.0163
vn 0.1356 0.9907 0.0046
vn 0.1285 0.9917 0.0013
vn 0.1297 0.9915 0.0081
vn 0.3739 0.7828 -0.4975
vn 0.1185 0.9879 -0.1002
vn 0.1025 0.9875 -0.1199
vn 0.2729 0.7530 -0.5988
vn 0.0482 0.9977 0.0478
vn 0.0146 0.9998 -0.0155
vn 0.0020 0.9998 -0.0215
vn 0.2006 0.7231 -0.6610
vn 0.0302 0.9802 -0.1959
vn 0.1012 0.9864 -0.1292
vn 0.1328 0.9805 0.1445
vn 0.1103 0.9869 0.1174
vn 0.6138 -0.6722 -0.4139
vn 0.7771 -0.2323 -0.5849
vn 0.1819 0.9755 -0.1240
vn 0.1306 0.9911 -0.0267
vn 0.3302 0.8972 -0.2931
vn 0.2157 0.9604 -0.1765
vn 0.2677 0.8706 -0.4129
vn 0.1046 0.9875 -0.1180
vn 0.2435 0.4895 -0.8373
vn -0.0204 0.9978 -0.0626
vn -0.4899 0.8558 -0.1659
vn 0.1006 0.9935 -0.0526
vn 0.0938 0.9928 -0.0748
vn 0.2220 0.9395 -0.2608
vn 0.1034 0.9828 -0.1531
vn 0.1059 0.9830 -0.1499
vn 0.2202 0.9746 -0.0395
vn 0.1260 0.9913 -0.0373
vn 0.0220 0.9996 -0.0164
vn -0.7383 0.5630 0.3713
vn 0.3335 0.9096 -0.2478
vn 0.0488 0.9954 -0.0820
vn 0.1462 0.9770 -0.1551
vn 0.2258 0.9215 -0.3159
vn 0.3112 0.9326 -0.1826
vn 0.2232 0.9629 -0.1520
vn 0.3776 0.8555 -0.3543
vn 0.2717 0.8481 0.4549
vn -0.1441 0.9896 -0.0007
vn -0.1573 0.9876 0.0005
vn -0.1504 0.9886 0.0018
vn 0.3037 0.9420 -0.1430
vn 0.1065 0.9871 -0.1197
vn 0.3429 0.8767 -0.3375
vn 0.1749 0.9645 -0.1980
vn 0.1746 0.9641 -0.2003
vn 0.1751 0.9635 -0.2026
vn 0.2342 0.9560 -0.1770
vn 0.1541 0.9779 -0.1412
vn 0.2694 0.9147 -0.3012
vn 0.0647 0.9904 -0.1218
vn 0.1945 0.9685 -0.1557
vn 0.1792 0.9649 -0.1920
vn 0.1336 0.9660 -0.2215
vn 0.2771 0.9588 -0.0620
vn 0.1554 0.9783 -0.1370
vn 0.1363 0.9742 0.1797
vn 0.3442 0.9207 -0.1839
vn 0.0805 0.9947 -0.0640
vn 0.1655 0.9801 -0.1098
vn 0.3055 0.9117 -0.2747
vn 0.1744 0.9575 -0.2297
vn 0.1931 0.9446 -0.2655
vn 0.1850 0.9581 -0.2188
vn 0.2994 0.9379 -0.1753
vn 0.2414 0.9629 -0.1210
vn 0.4688 0.7832 -0.4085
vn 0.2383 0.9670 -0.0904
vn 0.3945 0.9053 -0.1575
vn -0.1450 0.9873 -0.0656
vn 0.0943 0.9873 -0.1278
vn 0.0945 0.9873 -0.1276
vn 0.0952 0.9873 -0.1273
vn 0.2379 0.9552 -0.1760
vn 0.3299 0.8767 -0.3501
vn 0.2041 0.9360 -0.2868
vn 0.1727 0.9750 -0.1398
vn 0.1738 0.9621 -0.2103
vn 0.1883 0.9698 -0.1549
vn 0.1363 0.9905 0.0190
vn 0.1882 0.9781 -0.0893
vn 0.1894 0.9775 -0.0931
vn 0.1905 0.9773 -0.0927
vn 0.2496 0.9631 -0.1011
vn 0.1990 0.9654 -0.1685
vn 0.2729 0.9538 -0.1256
vn 0.3641 0.9212 -0.1375
vn 0.2449 0.9551 -0.1667
vn -0.0683 0.9973 -0.0261
vn 0.2490 0.9555 -0.1579
vn 0.2545 0.9532 -0.1630
vn 0.2497 0.9555 -0.1569
vn 0.2602 0.9574 -0.1253
vn 0.2100 0.9584 -0.1934
vn 0.1880 0.9568 -0.2216
vn 0.2690 0.9560 -0.1170
vn 0.0824 0.9805 0.1783
vn 0.2687 0.9519 -0.1472
vn 0.2664 0.9525 -0.1476
vn 0.2648 0.9525 -0.1504
vn 0.2333 0.9583 -0.1649
vn 0.2971 0.9352 -0.1926
vn 0.2957 0.9350 -0.1958
vn 0.2925 0.9367 -0.1926
vn 0.2420 0.9591 -0.1470
vn -0.0037 1.0000 -0.0010
vn -0.0055 0.9988 0.0479
vn 0.0317 0.9984 0.0475
vn -0.1139 0.9802 0.1621
vn 0.0044 0.9840 0.1782
vn 0.2311 0.9530 -0.1958
vn 0.2717 0.9513 -0.1453
vn 0.2265 0.9667 -0.1193
vn 0.2523 0.9573 -0.1410
vn 0.2552 0.9534 -0.1612
vn 0.2602 0.9500 -0.1728
vn 0.2769 0.9433 0.1832
vn 0.4257 0.8988 0.1047
vn 0.6306 0.7585 0.1643
vn 0.2732 0.9457 -0.1761
vn 0.4051 0.9111 0.0763
vn 0.1724 0.9816 -0.0819
vn 0.5527 0.8057 -0.2130
vn 0.5570 0.8099 -0.1841
vn 0.5586 0.8096 -0.1803
vn 0.2555 0.9528 -0.1641
vn 0.2791 0.9433 -0.1795
vn 0.1569 0.9868 0.0392
vn 0.3036 0.9484 0.0918
vn 0.2410 0.9601 -0.1421
vn 0.1832 0.9722 -0.1458
vn 0.1437 0.9800 -0.1374
vn 0.2219 0.9603 -0.1689
vn 0.2589 0.9497 -0.1764
vn 0.2640 0.9512 -0.1599
vn 0.2640 0.9497 -0.1687
vn 0.2413 0.9480 -0.2076
vn 0.2586 0.9549 -0.1461
vn 0.2755 0.9478 -0.1608
vn 0.5000 0.8521 0.1547
vn -0.6042 0.6655 0.4383
vn 0.2024 0.9721 -0.1185
vn 0.2330 0.9629 -0.1365
vn 0.2137 0.9680 0.1317
vn 0.2531 0.9560 -0.1483
vn -0.4796 -0.5753 0.6626
vn -0.4318 -0.7428 0.5117
vn -0.5267 -0.7031 0.4777
vn -0.2727 -0.0614 0.9601
vn -0.1874 -0.1885 0.9640
vn -0.2989 -0.0106 0.9542
vn -0.3105 -0.8085 0.4999
vn -0.3090 -0.8128 0.4939
vn -0.3097 -0.8152 0.4893
vn -0.1789 -0.2408 0.9539
vn -0.1308 -0.1513 0.9798
vn -0.1509 -0.3144 0.9372
vn -0.1560 -0.6105 0.7765
vn -0.5041 -0.7174 0.4809
vn -0.5108 -0.7235 0.4644
vn -0.4234 -0.7575 0.4969
vn -0.0417 -0.2329 0.9716
vn 0.1390 -0.3995 0.9061
vn 0.0129 -0.3034 0.9528
vn 0.6179 -0.3147 0.7205
vn 0.6090 -0.3074 0.7312
vn 0.6195 -0.3160 0.7186
vn 0.0004 0.0298 0.9996
vn 0.2508 0.1598 0.9548
vn 0.0720 0.0777 0.9944
vn 0.1833 -0.4297 0.8842
vn -0.1121 -0.1488 0.9825
vn -0.0475 -0.5309 0.8461
vn -0.0461 -0.5285 0.8477
vn -0.0519 -0.5264 0.8487
vn -0.5302 -0.0410 0.8469
vn -0.4014 -0.0865 0.9118
vn -0.1453 -0.0722 0.9867
vn 0.2007 -0.5073 0.8381
vn -0.1974 -0.0820 0.9769
vn -0.2084 -0.0879 0.9741
vn -0.1958 -0.0703 0.9781
vn -0.0108 -0.0148 0.9998
vn -0.0884 -0.1269 0.9880
vn 0.7889 0.3036 0.5343
vn 0.7931 0.3216 0.5172
vn 0.7875 0.3245 0.5240
vn 0.3964 -0.0225 0.9178
vn -0.0768 0.1751 0.9815
vn -0.2512 0.2192 0.9428
vn 0.3923 -0.1639 0.9051
vn 0.2705 -0.1284 0.9541
vn 0.1096 -0.1771 0.9781
vn 0.3129 0.1843 0.9317
vn 0.2023 0.3612 0.9103
vn -0.0615 0.5150 0.8550
vn 0.0928 -0.0298 0.9952
vn 0.3414 -0.3281 0.8808
vn 0.3315 -0.3465 0.8775
vn 0.3403 -0.3338 0.8791
vn -0.1425 -0.5915 0.7936
vn -0.1405 -0.6017 0.7863
vn -0.1377 -0.5934 0.7930
vn 0.0750 0.0480 0.9960
vn -0.0323 0.0337 0.9989
vn -0.0059 -0.0446 0.9990
vn 0.5486 -0.0226 0.8358
vn 0.4341 -0.6570 0.6164
vn -0.3419 0.0477 0.9385
vn 0.1881 -0.7868 0.5879
vn 0.3731 -0.7347 0.5666
vn -0.0229 0.4487 0.8934
vn 0.2506 -0.2277 0.9409
vn -0.2043 0.7745 0.5987
vn -0.8441 -0.2597 0.4691
vn 0.0238 -0.9129 0.4074
vn -0.8772 -0.1649 0.4509
vn -0.9128 -0.0372 0.4067
vn -0.6299 -0.2583 0.7325
vn -0.6845 -0.0124 0.7289
vn -0.6139 -0.2654 0.7434
vn 0.3529 -0.9251 0.1400
vn 0.3689 -0.9192 0.1375
vn 0.3583 -0.9231 0.1398
vn 0.3430 -0.9279 0.1464
vn 0.3607 -0.9266 0.1066
vn 0.5238 -0.7870 0.3260
vn 0.5268 -0.7845 0.3272
vn 0.5254 -0.7858 0.3263
vn 0.4204 -0.8732 0.2466
vn 0.7877 -0.6126 0.0648
vn 0.6222 -0.7672 0.1558
vn 0.1417 -0.3954 0.9075
vn 0.2982 -0.9311 0.2102
vn 0.2566 -0.9593 0.1178
vn 0.3190 -0.9133 0.2533
vn 0.2456 -0.9659 0.0814
vn 0.4648 -0.8054 0.3679
vn 0.4675 -0.8038 0.3680
vn 0.4659 -0.8038 0.3699
vn 0.5735 -0.7732 0.2707
vn 0.5778 -0.7712 0.2671
vn 0.5775 -0.7673 0.2789
vn 0.3090 -0.9308 0.1951
vn 0.3110 -0.9352 0.1695
vn 0.3392 -0.9183 0.2043
vn 0.3243 -0.8996 0.2923
vn 0.3031 -0.9040 0.3015
vn 0.3545 -0.8606 0.3657
vn 0.3162 -0.8953 0.3139
vn 0.4042 -0.8281 0.3885
vn 0.2766 -0.9359 0.2181
vn 0.3202 -0.8141 0.4846
vn 0.3399 -0.7774 0.5293
vn 0.5368 -0.7303 0.4226
vn 0.3575 -0.9333 0.0336
vn 0.4170 -0.8990 -0.1340
vn 0.2698 -0.9629 0.0011
vn 0.3079 -0.9283 0.2086
vn 0.3662 -0.8190 0.4418
vn 0.6100 -0.7587 -0.2285
vn 0.3915 -0.7861 0.4782
vn 0.3942 -0.7853 0.4775
vn 0.3927 -0.7843 0.4803
vn 0.8797 -0.4748 0.0277
vn 0.2930 -0.9226 0.2509
vn 0.2806 -0.9046 0.3210
vn 0.3672 -0.9118 0.1839
vn 0.2770 -0.8914 0.3588
vn 0.2669 -0.9025 0.3381
vn 0.3104 -0.9278 0.2072
vn 0.2657 -0.9321 0.2462
vn 0.2031 -0.9507 0.2342
vn 0.2135 -0.9496 0.2294
vn 0.2087 -0.9487 0.2374
vn 0.1074 -0.9631 0.2469
vn 0.3232 -0.9016 0.2874
vn 0.2436 -0.9346 0.2593
vn -0.9098 -0.4140 -0.0290
vn 0.3685 -0.9140 0.1698
vn 0.1586 -0.9827 0.0961
vn 0.2268 -0.9362 0.2686
vn 0.1888 -0.9559 0.2251
vn 0.1286 -0.9556 0.2651
vn 0.0934 -0.9822 0.1631
vn 0.7098 0.6998 -0.0804
vn 0.1411 -0.9678 0.2083
vn 0.4079 -0.9045 0.1247
vn 0.3010 -0.8652 0.4011
vn 0.2322 -0.9375 0.2593
vn 0.2184 -0.8387 0.4989
vn 0.2648 -0.8190 0.5090
vn 0.2000 -0.8433 0.4988
vn 0.1512 -0.9813 0.1194
vn 0.1691 -0.9530 0.2514
vn 0.2177 -0.9304 0.2948
vn 0.1691 -0.9533 0.2504
vn 0.2674 -0.9057 0.3288
vn 0.2155 -0.9278 0.3047
vn 0.3541 -0.8639 0.3581
vn 0.2910 -0.9066 0.3055
vn 0.2144 -0.9320 0.2922
vn 0.2310 -0.8683 0.4389
vn 0.1846 -0.6246 0.7588
vn 0.2038 -0.7760 0.5969
vn 0.1543 -0.4678 0.8703
vn 0.3447 -0.8189 0.4589
vn -0.0625 -0.9722 0.2258
vn 0.2455 -0.8341 0.4940
vn 0.2898 -0.9180 0.2708
vn 0.2503 -0.9554 0.1569
vn 0.1680 -0.8632 0.4761
vn 0.2185 -0.9092 0.3544
vn 0.1815 -0.8954 0.4066
vn 0.2642 -0.9005 0.3455
vn 0.2151 -0.8932 0.3948
vn 0.2083 -0.8963 0.3914
vn 0.0998 -0.9509 0.2930
vn 0.6630 -0.7429 -0.0924
vn 0.3504 -0.8517 0.3896
vn 0.3262 -0.8084 0.4900
vn 0.1590 -0.8247 0.5428
vn 0.2211 -0.8688 0.4431
vn 0.1873 -0.8989 0.3961
vn 0.3668 -0.8846 0.2880
vn 0.2727 -0.9411 0.2000
vn 0.2299 -0.9479 0.2207
vn 0.2169 -0.9623 0.1640
vn 0.0228 -0.8121 0.5831
vn 0.0399 -0.9627 0.2677
vn 0.3077 -0.9051 0.2934
vn 0.2310 -0.9307 0.2837
vn 0.1796 -0.9319 0.3152
vn 0.1861 -0.9455 0.2673
vn 0.1707 -0.9522 0.2533
vn 0.1255 -0.9543 0.2711
vn 0.1780 -0.9733 0.1452
vn 0.0778 -0.9918 0.1017
vn 0.1032 -0.9695 0.2222
vn 0.0151 -0.8105 0.5855
vn 0.1793 -0.9009 0.3952
vn 0.0544 -0.9801 0.1910
vn 0.0750 -0.9233 0.3766
vn 0.0408 -0.9220 0.3850
vn 0.0578 -0.9954 0.0757
vn -0.0304 -0.9906 0.1333
vn 0.1320 -0.9844 -0.1165
vn -0.1241 -0.9161 -0.3814
vn 0.1751 -0.9675 0.1824
vn 0.7058 -0.2527 -0.6618
vn 0.1164 -0.9439 0.3089
vn 0.3338 -0.9402 0.0681
vn 0.0595 -0.9937 0.0954
vn 0.1120 -0.9887 0.0996
vn 0.1684 -0.9734 0.1551
vn -0.0107 -0.9714 0.2373
vn 0.3123 -0.8909 0.3298
vn -0.0074 -0.5834 0.8122
vn 0.0162 -0.6392 0.7689
vn -0.0220 -0.9982 0.0566
vn 0.1281 -0.8992 0.4183
vn 0.1249 -0.9021 0.4131
vn 0.0309 -0.9419 0.3344
vn 0.0674 -0.9716 0.2270
vn 0.2926 -0.7344 0.6125
vn -0.2911 -0.2159 0.9320
vn 0.0063 -0.9789 0.2042
vn 0.0913 -0.9279 0.3614
vn 0.1935 -0.8713 -0.4510
vn 0.1290 -0.9887 0.0756
vn -0.0001 -0.9966 0.0829
vn -0.0386 -0.9499 0.3102
vn 0.4076 -0.8716 0.2722
vn 0.4137 -0.8683 0.2736
vn 0.4029 -0.8725 0.2766
vn 0.1304 -0.9790 0.1570
vn 0.0698 -0.9630 0.2604
vn 0.1961 -0.9559 0.2185
vn 0.0935 -0.9566 0.2760
vn 0.0607 -0.9748 0.2148
vn 0.3148 -0.9461 0.0768
vn -0.0196 -0.9495 0.3133
vn -0.3596 -0.9314 0.0555
vn 0.0295 -0.9571 0.2882
vn 0.0371 -0.9564 0.2896
vn 0.0370 -0.9562 0.2905
vn 0.0056 -0.9953 0.0967
vn -0.0174 -0.9962 0.0857
vn 0.0065 -0.9954 0.0959
vn -0.0291 -0.9701 0.2410
vn -0.0243 -0.9704 0.2401
vn -0.0246 -0.9691 0.2453
vn -0.0518 -0.9934 0.1020
vn 0.2078 -0.8857 0.4153
vn 0.2086 -0.8851 0.4161
vn 0.2081 -0.8844 0.4177
vn -0.1689 -0.3040 0.9376
vn 0.0281 -0.8389 0.5435
vn -0.0789 -0.5862 0.8063
vn 0.0320 -0.9142 0.4040
vn 0.0321 -0.9084 0.4168
vn 0.0285 -0.9138 0.4051
vn 0.0101 -0.9671 0.2540
vn -0.0014 -0.9713 0.2379
vn -0.0037 -0.9776 0.2106
vn -0.0471 -0.9271 0.3718
vn -0.3379 -0.8147 0.4713
vn 0.2407 -0.9166 0.3193
vn 0.2485 -0.9103 0.3311
vn 0.2371 -0.9175 0.3194
vn 0.3767 -0.8968 0.2319
vn 0.3694 -0.8965 0.2445
vn 0.1069 -0.9580 0.2660
vn -0.6257 -0.7205 0.2989
vn 0.1416 -0.9633 0.2281
vn -0.2210 -0.0305 0.9748
vn 0.0189 -0.9651 0.2612
vn 0.0623 -0.9705 0.2330
vn 0.0958 -0.9793 0.1782
vn -0.0250 -0.9239 0.3818
vn 0.1315 -0.9684 0.2121
vn 0.1209 -0.9529 0.2782
vn -0.0002 -0.9908 0.1352
vn 0.0002 -0.9909 0.1350
vn -0.0003 -0.9908 0.1355
vn -0.0214 -0.9929 0.1168
vn 0.0335 -0.9311 0.3632
vn 0.0675 -0.9857 0.1542
vn -0.0711 -0.9204 0.3843
vn -0.0464 -0.9592 0.2789
vn -0.0409 -0.9807 0.1913
vn 0.0196 -0.9117 0.4104
vn -0.0004 -0.9725 0.2330
vn -0.0363 -0.9835 0.1773
vn -0.0033 -0.9946 0.1038
vn -0.0044 -0.9952 0.0977
vn -0.3142 -0.7443 0.5893
vn -0.4358 -0.7416 0.5100
vn -0.8554 -0.0109 -0.5178
vn -0.0188 -0.9786 0.2048
vn 0.0090 -0.9805 0.1964
vn -0.0035 -0.9770 0.2132
vn -0.0032 -0.9949 0.1008
vn 0.0375 -0.9528 -0.3012
vn 0.0378 -0.9528 -0.3013
vn 0.0364 -0.9527 -0.3018
vn -0.0009 -0.9707 0.2403
vn -0.1383 -0.9016 0.4098
vn -0.0033 -0.9691 0.2468
vn -0.0062 -0.9935 0.1139
vn -0.0178 -0.9885 0.1499
vn -0.0870 -0.9051 0.4161
vn -0.0850 -0.9057 0.4153
vn -0.0832 -0.9052 0.4168
vn 0.0124 -0.9949 0.1000
vn 0.0254 -0.7809 0.6242
vn -0.2469 -0.8462 0.4722
vn -0.1130 -0.9529 0.2814
vn 0.0054 -0.9468 0.3218
vn -0.0028 -0.9474 0.3201
vn 0.0230 -0.9422 0.3343
vn 0.1241 -0.8486 0.5143
vn -0.0059 -0.9843 0.1766
vn -0.0089 -0.9639 0.2660
vn 0.0407 -0.9938 0.1039
vn -0.0167 -0.9689 0.2469
vn -0.0724 -0.8797 0.4699
vn -0.0557 -0.9393 0.3386
vn -0.0715 -0.9787 0.1926
vn 0.2242 -0.7269 0.6491
vn 0.2320 -0.7246 0.6489
vn 0.2260 -0.7219 0.6541
vn -0.0548 -0.9844 0.1674
vn 0.0263 -0.9973 0.0684
vn 0.0290 -0.9972 0.0684
vn 0.0256 -0.9969 0.0738
vn -0.0221 -0.9718 0.2349
vn -0.0953 -0.9934 0.0644
vn 0.0167 -0.9954 0.0948
vn -0.0089 -0.9865 0.1633
vn 0.4909 -0.6537 0.5759
vn 0.4917 -0.6546 0.5742
vn 0.4927 -0.6525 0.5758
vn -0.1794 -0.9746 0.1339
vn 0.1873 -0.9696 0.1572
vn -0.0062 -0.9308 0.3655
vn 0.0056 -0.9271 0.3747
vn -0.0637 -0.9382 0.3402
vn -0.1302 -0.9754 0.1781
vn -0.0365 -0.9733 0.2265
vn -0.1695 -0.9724 0.1602
vn -0.1117 -0.9926 0.0478
vn 0.0252 -0.9914 0.1285
vn -0.1890 -0.9820 0.0014
vn -0.0324 -0.9661 0.2562
vn -0.0102 -0.9702 0.2420
vn -0.0706 -0.9404 0.3327
vn -0.0413 -0.9540 0.2969
vn 0.0149 -0.9347 0.3550
vn -0.0575 -0.9079 0.4152
vn 0.1007 -0.6827 0.7237
vn 0.2186 -0.4433 0.8693
vn -0.2112 -0.7881 0.5782
vn -0.0461 -0.9431 0.3292
vn 0.0373 -0.9592 0.2802
vn -0.1321 -0.9324 0.3365
vn -0.1412 -0.9458 0.2926
vn -0.1274 -0.9509 0.2821
vn -0.2543 -0.9604 0.1133
vn -0.1244 -0.8608 0.4936
vn -0.1238 -0.8625 0.4906
vn -0.1240 -0.8623 0.4910
vn -0.3195 -0.9445 -0.0768
vn -0.1345 -0.8918 0.4320
vn -0.1762 -0.9358 0.3054
vn -0.0585 -0.9626 -0.2647
vn -0.2219 -0.8603 0.4590
vn -0.3644 -0.8381 -0.4061
vn -0.2195 -0.8143 0.5373
vn -0.2974 -0.8987 0.3223
vn -0.1465 -0.9538 0.2625
vn -0.2260 -0.9583 0.1748
vn 0.1823 -0.2023 0.9622
vn 0.1930 -0.1855 0.9635
vn 0.1478 -0.1724 0.9739
vn -0.1418 -0.9898 0.0099
vn -0.2924 -0.9452 0.1452
vn 0.0244 -0.9954 0.0932
vn 0.0534 -0.9731 0.2240
vn -0.4396 -0.8617 0.2533
vn -0.3211 -0.9429 0.0888
vn -0.3166 -0.9484 0.0163
vn -0.1800 -0.6460 0.7418
vn -0.3959 -0.9097 0.1252
vn -0.0923 -0.9678 0.2342
vn -0.1608 -0.9288 0.3339
vn -0.1552 -0.9240 0.3495
vn -0.1655 -0.9244 0.3437
vn -0.0782 -0.8275 0.5560
vn -0.1619 -0.9370 0.3096
vn -0.1943 -0.8886 0.4155
vn -0.0713 -0.9327 0.3535
vn -0.1238 -0.9198 0.3725
vn 0.1938 -0.9810 -0.0131
vn -0.1424 -0.8790 0.4551
vn -0.2072 -0.8831 0.4209
vn -0.0846 -0.9796 0.1824
vn -0.1917 -0.8723 0.4498
vn -0.5554 -0.1122 0.8240
vn -0.5552 -0.1106 0.8243
vn -0.5594 -0.1104 0.8215
vn -0.1368 -0.8729 0.4683
vn -0.0686 -0.8151 0.5753
vn -0.1405 -0.9458 0.2929
vn -0.0111 -0.9564 0.2918
vn -0.1495 -0.9352 0.3210
vn -0.0408 -0.9686 0.2451
vn -0.3055 -0.8432 0.4423
vn -0.2558 -0.9655 -0.0486
vn -0.1719 -0.9426 0.2863
vn -0.2788 -0.8581 0.4312
vn 0.5228 -0.8512 0.0461
vn 0.5281 -0.8475 0.0524
vn 0.5229 -0.8511 0.0476
vn -0.5838 -0.7267 0.3621
vn -0.3827 -0.6858 0.6190
vn -0.4027 -0.6771 0.6160
vn -0.4057 -0.6787 0.6122
vn -0.1853 -0.9128 0.3639
vn -0.4167 -0.6734 0.6106
vn -0.4138 -0.8451 0.3386
vn -0.1655 -0.9804 0.1070
vn -0.1662 -0.9804 0.1060
vn -0.1666 -0.9804 0.1051
vn -0.1843 -0.9319 0.3124
vn -0.1808 -0.9394 0.2914
vn -0.1937 -0.9373 0.2898
vn 0.0194 -0.8991 0.4374
vn 0.0219 -0.8989 0.4377
vn 0.0166 -0.8964 0.4429
vn -0.4935 -0.8542 0.1635
vn -0.4932 -0.8544 0.1639
vn -0.7019 -0.6548 0.2803
vn -0.5001 -0.8179 0.2844
vn -0.1035 -0.9655 0.2390
vn -0.0897 -0.9644 0.2488
vn -0.1179 -0.9671 0.2254
vn -0.4561 -0.2458 0.8553
vn -0.4407 -0.2516 0.8617
vn -0.4416 -0.2483 0.8622
vn -0.1877 -0.8818 0.4328
vn -0.1080 -0.8820 0.4588
vn -0.2182 -0.8726 0.4370
vn -0.4832 -0.8626 0.1500
vn -0.4813 -0.8631 0.1532
vn -0.4819 -0.8619 0.1576
vn -0.0995 -0.9770 -0.1886
vn -0.0911 -0.9776 -0.1897
vn -0.0776 -0.9713 -0.2248
vn -0.0165 -0.9573 -0.2885
vn -0.0767 -0.9624 0.2606
vn -0.3178 -0.8464 0.4273
vn 0.0579 0.9880 0.1431
vn 0.0445 0.9728 0.2275
vn 0.0620 0.9747 0.2146
vn -0.1497 0.0234 0.9885
vn -0.1510 0.0368 0.9879
vn -0.1537 0.0331 0.9876
vn -0.9220 0.3108 -0.2309
vn -0.9858 0.1233 -0.1139
vn -0.9407 0.3374 0.0345
vn -0.9843 0.1721 -0.0394
vn -0.9908 0.1078 -0.0817
vn -0.8918 0.4491 0.0552
vn -0.9931 0.0613 0.0998
vn -0.9288 -0.3502 0.1213
vn -0.2989 0.7412 0.6010
vn -0.0955 0.7316 0.6750
vn 0.1926 0.7458 0.6377
vn -0.0730 0.0545 0.9958
vn -0.0124 0.2515 0.9678
vn -0.3327 0.8851 0.3255
vn 0.0564 0.9817 0.1820
vn -0.1418 0.9713 -0.1910
vn -0.0269 0.9539 -0.2989
vn -0.1120 0.9296 -0.3513
vn -0.1058 -0.0189 0.9942
vn -0.1021 -0.0090 0.9947
vn -0.1064 -0.0082 0.9943
vn -0.9663 0.0160 0.2570
vn -0.9508 0.0510 0.3055
vn -0.9578 0.1323 0.2552
vn -0.2542 -0.1666 0.9527
vn -0.2079 -0.1750 0.9624
vn -0.2147 -0.1529 0.9646
vn 0.0394 0.0740 0.9965
vn 0.0407 0.0752 0.9963
vn 0.0398 0.0749 0.9964
vn 0.0574 0.8749 -0.4808
vn 0.0527 0.8626 -0.5032
vn 0.0456 0.8651 -0.4995
vn 0.0355 0.1131 0.9929
vn -0.0863 0.3350 0.9383
vn -0.0865 0.3149 0.9452
vn -0.1056 0.3584 0.9276
vn -0.7747 -0.4566 0.4375
vn -0.7898 -0.4308 0.4367
vn -0.8203 -0.3874 0.4207
vn -0.9598 0.2209 0.1731
vn -0.9966 -0.0685 0.0451
vn -0.6932 0.2925 0.6588
vn -0.3992 0.4130 0.8186
vn -0.2656 0.1078 0.9580
vn -0.2458 0.1296 0.9606
vn -0.2607 0.1013 0.9601
vn -0.8613 -0.3106 0.4022
vn -0.1878 0.1235 0.9744
vn -0.1595 0.1432 0.9768
vn -0.3633 0.8208 0.4407
vn -0.6454 0.6672 0.3719
vn -0.5410 0.7301 0.4175
vn -0.4443 -0.0623 0.8937
vn -0.1407 -0.3264 0.9347
vn 0.2118 -0.3429 0.9152
vn -0.2766 -0.3578 0.8919
vn -0.3682 -0.7946 0.4827
vn -0.3694 -0.4704 0.8014
vn -0.2644 0.8719 0.4121
vn -0.2583 0.0224 0.9658
vn -0.1516 0.9187 0.3647
vn 0.1155 0.9777 -0.1756
vn 0.1026 0.9788 -0.1775
vn 0.0990 0.9793 -0.1765
vn -0.5330 -0.5240 0.6644
vn 0.0185 -0.0066 0.9998
vn -0.0286 0.0515 0.9983
vn -0.3062 0.2642 0.9146
vn -0.3247 0.0620 0.9438
vn -0.1694 0.2297 0.9584
vn -0.1455 0.4000 0.9049
vn -0.0339 0.8247 0.5645
vn 0.0133 -0.3032 0.9528
vn 0.0496 -0.2929 0.9549
vn 0.0182 -0.3131 0.9496
vn -0.2169 -0.3199 0.9223
vn -0.1687 -0.1196 0.9784
vn -0.5229 -0.2823 0.8043
vn -0.6052 -0.1541 0.7810
vn -0.5437 -0.2730 0.7936
vn 0.1111 0.9785 -0.1735
vn -0.0253 -0.3290 0.9440
vn -0.0065 -0.2999 0.9539
vn -0.0189 -0.2461 0.9691
vn -0.0654 0.7524 0.6554
vn -0.2786 0.6134 0.7390
vn -0.0011 0.7217 0.6922
vn 0.1415 0.8389 0.5256
vn -0.3835 -0.4517 0.8056
vn -0.2733 -0.0216 0.9617
vn -0.2755 -0.1457 0.9502
vn -0.2677 -0.1464 0.9523
vn -0.2587 -0.1512 0.9540
vn 0.0187 0.0417 0.9990
vn 0.0308 -0.2275 0.9733
vn 0.0356 -0.1241 0.9916
vn -0.1346 0.0166 0.9908
vn 0.2778 0.9514 0.1327
vn -0.0429 0.7627 0.6453
vn 0.0751 0.9944 0.0746
vn -0.0616 -0.5395 0.8397
vn -0.0477 0.8054 0.5909
vn -0.2528 -0.7949 0.5515
vn 0.2047 -0.4272 0.8807
vn -0.0715 -0.6845 0.7255
vn 0.3331 -0.2599 0.9064
vn 0.8151 0.5012 0.2905
vn 0.7246 -0.1788 -0.6656
vn -0.2553 0.8550 0.4515
vn -0.2583 0.8550 0.4498
vn -0.2585 0.8552 0.4493
vn 0.0892 -0.0788 0.9929
vn -0.0402 -0.1961 0.9798
vn 0.1854 0.0181 0.9825
vn 0.1270 0.6845 0.7178
vn 0.3724 0.9008 0.2233
vn -0.1020 0.6327 0.7676
vn -0.2027 0.5225 0.8282
vn 0.1139 0.1998 0.9732
vn -0.2243 -0.8707 0.4377
vn -0.2331 -0.8673 0.4399
vn -0.2342 -0.8716 0.4306
vn 0.1687 0.9344 0.3138
vn -0.1039 0.8783 0.4666
vn 0.1403 0.9459 0.2924
vn 0.7224 -0.0576 0.6890
vn -0.2818 0.5730 0.7696
vn -0.5590 0.5898 0.5828
vn 0.1884 0.9402 0.2837
vn 0.0371 -0.0320 0.9988
vn 0.0390 -0.0386 0.9985
vn 0.0374 -0.0400 0.9985
vn 0.2721 0.3056 0.9125
vn 0.3171 0.4501 0.8348
vn -0.0289 0.4326 0.9011
vn 0.1657 0.9528 0.2545
vn 0.0670 0.0009 0.9978
vn 0.0670 0.8290 0.5553
vn 0.0756 0.8263 0.5582
vn 0.0652 0.8228 0.5646
vn 0.2219 0.9315 0.2883
vn 0.1727 0.1341 0.9758
vn 0.2364 0.0025 0.9716
vn 0.1375 -0.0884 0.9865
vn 0.3036 -0.1725 0.9371
vn 0.2851 -0.1465 0.9472
vn 0.2477 0.7416 0.6235
vn 0.2447 0.7389 0.6278
vn 0.2455 0.7443 0.6211
vn -0.0638 -0.9268 0.3702
vn -0.0631 -0.9308 0.3600
vn -0.0560 -0.9298 0.3638
vn 0.3762 0.6305 0.6789
vn 0.3379 0.7382 0.5838
vn 0.3436 0.8531 0.3926
vn -0.6329 -0.6908 0.3496
vn 0.4096 0.4635 0.7858
vn 0.3164 -0.0817 0.9451
vn 0.3019 0.0796 0.9500
vn 0.3644 0.0407 0.9304
vn 0.0331 0.9527 0.3021
vn 0.2995 0.0958 0.9493
vn 0.4744 -0.1184 0.8723
vn 0.5073 0.2029 0.8376
vn 0.4222 0.7199 0.5509
vn -0.3921 0.9199 -0.0008
vn 0.5289 0.4736 0.7042
vn 0.6551 0.5592 0.5080
vn 0.3798 0.2169 0.8993
vn 0.2787 0.1522 0.9482
vn -0.0005 -0.0303 0.9995
vn -0.2164 -0.4610 0.8606
vn 0.2908 -0.4446 0.8472
vn 0.3805 -0.1603 0.9108
vn 0.4729 -0.1327 0.8711
vn 0.4032 0.0521 0.9136
vn 0.4312 -0.0961 0.8971
vn 0.5422 -0.3299 0.7728
vn 0.2748 0.9382 -0.2102
vn 0.4236 0.8470 0.3211
vn 0.3253 0.0865 0.9417
vn 0.6648 0.5531 0.5021
vn 0.7359 0.3795 0.5607
vn 0.3108 -0.2149 0.9258
vn 0.7958 0.5407 0.2726
vn 0.5494 -0.1611 0.8199
vn 0.5647 -0.1632 0.8090
vn 0.5551 -0.1588 0.8165
vn 0.7345 0.6041 0.3093
vn 0.3601 -0.3871 0.8488
vn 0.3822 -0.2060 0.9008
vn 0.3874 -0.1501 0.9096
vn 0.3923 -0.0880 0.9156
vn -0.0290 -0.9959 -0.0854
vn -0.0359 -0.9956 -0.0871
vn -0.0288 -0.9956 -0.0892
vn -0.9883 0.0094 -0.1524
vn -0.9905 0.0398 -0.1315
vn -0.9792 -0.0541 -0.1954
vn -0.9456 0.3178 0.0702
vn -0.8379 0.3524 -0.4167
vn -0.7283 0.0359 -0.6843
vn -0.8600 -0.2584 -0.4400
vn -0.0107 -0.0064 0.9999
vn -0.0488 0.0548 0.9973
vn -0.0370 -0.0710 0.9968
vn -0.0719 0.0902 0.9933
vn -0.1451 -0.0858 0.9857
vn 0.4815 0.4276 -0.7651
vn -0.3094 0.3164 0.8967
vn -0.3675 0.1410 0.9193
vn -0.3302 0.3084 0.8921
vn -0.0111 -0.8359 0.5488
vn -0.0091 -0.8274 0.5615
vn -0.0351 -0.8260 0.5625
vn -0.2465 0.8870 0.3906
vn -0.2855 0.9052 0.3147
vn -0.5571 0.6933 0.4571
vn -0.0282 0.9549 0.2957
vn 0.0273 0.9194 0.3924
vn -0.0478 0.9122 0.4070
vn 0.1243 0.9922 0.0111
vn -0.8077 -0.0115 0.5894
vn 0.8414 0.1407 0.5218
vn 0.5285 -0.0150 0.8488
vn 0.5504 -0.0059 0.8349
vn 0.8793 0.1667 0.4461
vn -0.0260 -0.2277 0.9734
vn -0.1594 0.1075 0.9813
vn -0.1320 0.0163 0.9911
vn -0.2080 0.2052 0.9564
vn -0.0367 0.0043 0.9993
vn -0.0385 0.0057 0.9992
vn -0.0390 0.0034 0.9992
vn -0.0182 0.4035 0.9148
vn 0.0191 0.3630 0.9316
vn 0.0772 0.4719 0.8782
vn 0.5747 0.5073 0.6421
vn 0.8140 0.1261 0.5670
vn 0.7329 0.3384 0.5902
vn 0.3134 0.8748 0.3694
vn 0.7304 0.6384 0.2427
vn 0.8564 0.4907 0.1607
vn -0.0316 0.2571 0.9659
vn -0.0768 0.1636 0.9835
vn 0.2333 0.2718 0.9336
vn 0.8142 -0.5599 -0.1533
vn 0.8012 -0.5516 -0.2318
vn 0.8202 -0.5508 -0.1549
vn 0.4433 -0.8254 -0.3496
vn 0.4232 -0.8272 -0.3696
vn 0.6173 -0.7639 -0.1880
vn -0.0880 0.1403 0.9862
vn 0.2310 -0.9073 -0.3513
vn 0.0478 0.4465 -0.8935
vn 0.0478 0.4568 -0.8883
vn 0.0547 0.4438 -0.8944
vn -0.1088 0.4499 -0.8864
vn -0.0929 0.4554 -0.8854
vn -0.0961 0.4465 -0.8896
vn -0.2944 0.6473 -0.7031
vn -0.2935 0.6389 -0.7111
vn -0.2939 0.6435 -0.7067
vn -0.0156 0.4910 -0.8710
vn -0.2661 0.5698 -0.7775
vn -0.1304 0.5472 -0.8268
vn 0.2432 0.7252 -0.6441
vn 0.0929 0.7217 -0.6860
vn 0.2058 0.7423 -0.6377
vn -0.0815 0.3407 -0.9366
vn 0.0801 0.3894 -0.9176
vn 0.1580 0.4009 -0.9024
vn 0.0824 0.5513 -0.8302
vn 0.0898 0.5588 -0.8244
vn 0.0844 0.5563 -0.8267
vn 0.2740 0.3963 -0.8763
vn 0.0802 0.5349 -0.8411
vn 0.0864 0.5360 -0.8398
vn 0.0840 0.5335 -0.8416
vn -0.0223 0.1859 -0.9823
vn 0.0498 0.1747 -0.9834
vn -0.0094 0.1822 -0.9832
vn 0.0659 0.7277 -0.6828
vn -0.1229 0.6131 -0.7804
vn -0.0817 0.1757 -0.9810
vn -0.0505 0.9770 -0.2070
vn -0.0535 0.9752 -0.2148
vn -0.0899 0.9600 -0.2652
vn 0.3073 0.5828 -0.7523
vn 0.3105 0.5769 -0.7554
vn 0.3069 0.5803 -0.7544
vn 0.2545 0.3524 -0.9006
vn 0.1736 0.2629 -0.9491
vn -0.0303 0.9829 -0.1818
vn 0.3855 0.4975 -0.7771
vn 0.4241 0.4705 -0.7738
vn 0.2537 0.5809 -0.7735
vn 0.1887 0.6995 -0.6893
vn 0.4054 0.5794 -0.7071
vn 0.2596 0.6640 -0.7012
vn 0.2806 0.8003 -0.5299
vn 0.2673 0.8113 -0.5199
vn 0.2446 0.8198 -0.5178
vn 0.3103 0.7861 -0.5345
vn 0.4877 0.4414 -0.7532
vn 0.0469 0.3204 -0.9461
vn -0.0004 0.3837 -0.9234
vn 0.0903 0.3199 -0.9432
vn 0.8529 0.1978 -0.4832
vn 0.5271 0.3550 -0.7721
vn 0.2724 0.4169 -0.8672
vn 0.6583 0.7527 0.0044
vn 0.6495 0.7604 -0.0027
vn 0.6415 0.7671 0.0020
vn 0.7782 0.0859 -0.6221
vn 0.7771 0.0939 -0.6223
vn 0.7739 0.0952 -0.6261
vn 0.1483 0.4336 -0.8888
vn 0.1364 0.2660 -0.9543
vn 0.0157 0.7907 -0.6120
vn 0.0164 0.7948 -0.6066
vn 0.0109 0.7901 -0.6129
vn -0.0730 0.7828 -0.6180
vn 0.2067 0.7324 -0.6487
vn 0.2094 0.7310 -0.6494
vn 0.2118 0.7350 -0.6442
vn 0.2899 0.6311 -0.7195
vn 0.2926 0.6278 -0.7213
vn 0.2858 0.6293 -0.7227
vn 0.4038 0.2186 -0.8883
vn 0.6261 0.5204 -0.5807
vn 0.2441 0.5602 -0.7916
vn -0.0028 0.2760 -0.9612
vn 0.0379 0.2921 -0.9556
vn 0.2414 0.8303 -0.5024
vn 0.3087 0.7947 -0.5227
vn 0.3120 0.7834 -0.5375
vn -0.1090 0.9791 -0.1716
vn -0.1109 0.9785 -0.1741
vn -0.1000 0.9801 -0.1717
vn 0.2066 0.0607 -0.9765
vn 0.2073 0.0637 -0.9762
vn 0.2127 0.0601 -0.9753
vn 0.1429 0.5138 -0.8459
vn -0.3102 -0.1973 -0.9300
vn 0.2058 0.2307 -0.9510
vn 0.2555 0.2087 -0.9440
vn 0.4040 0.3287 -0.8537
vn 0.2794 0.3134 -0.9076
vn 0.2171 0.3431 -0.9139
vn 0.1665 0.2862 -0.9436
vn 0.3503 0.5111 -0.7849
vn 0.2315 0.3874 -0.8924
vn 0.3007 0.5456 -0.7822
vn 0.4518 0.6349 -0.6267
vn 0.1859 0.2388 -0.9531
vn 0.4178 0.6405 -0.6443
vn 0.4086 0.3221 -0.8540
vn 0.1402 0.5139 -0.8463
vn -0.1858 0.9328 -0.3088
vn 0.0678 0.6600 -0.7482
vn 0.3553 0.5951 -0.7209
vn 0.3744 0.4580 -0.8062
vn 0.2410 -0.0606 -0.9686
vn 0.4505 0.5438 -0.7081
vn 0.4104 0.7413 -0.5311
vn 0.2686 0.3032 -0.9143
vn 0.5788 0.5648 -0.5883
vn 0.3588 0.7260 -0.5867
vn 0.4085 0.4625 -0.7869
vn 0.3643 0.4679 -0.8052
vn 0.3195 0.5140 -0.7961
vn 0.4258 0.3186 -0.8469
vn 0.4500 0.4863 -0.7490
vn 0.3185 0.6073 -0.7279
vn 0.3207 0.6037 -0.7298
vn 0.4271 0.5235 -0.7373
vn 0.5115 0.4673 -0.7211
vn 0.3073 0.1251 -0.9434
vn 0.3693 0.1585 -0.9157
vn -0.0418 0.4714 -0.8809
vn -0.0238 0.4512 -0.8921
vn -0.0433 0.4566 -0.8886
vn 0.3668 0.7253 -0.5826
vn 0.3392 0.7294 -0.5940
vn 0.4455 0.4792 -0.7562
vn 0.4512 0.4780 -0.7536
vn 0.4528 0.4844 -0.7485
vn 0.4773 0.7492 -0.4593
vn 0.3913 0.0302 -0.9198
vn 0.3886 0.0353 -0.9207
vn 0.3862 0.0271 -0.9220
vn 0.5217 0.4134 -0.7462
vn 0.5668 0.4850 -0.6659
vn 0.5282 0.7801 -0.3354
vn 0.5093 0.4477 -0.7350
vn 0.6526 0.3731 -0.6595
vn 0.3561 0.5257 -0.7725
vn 0.4561 0.4840 -0.7468
vn 0.0275 0.6037 -0.7967
vn 0.5115 0.3340 -0.7917
vn 0.3996 0.3070 -0.8638
vn 0.5145 0.3286 -0.7921
vn 0.3739 0.0006 -0.9275
vn 0.3634 -0.0032 -0.9316
vn 0.3731 0.0053 -0.9278
vn 0.5767 0.3473 -0.7395
vn 0.5388 0.1946 -0.8196
vn 0.5401 0.1903 -0.8198
vn 0.5360 0.1896 -0.8227
vn 0.2226 -0.0200 -0.9747
vn 0.1370 -0.2312 -0.9632
vn 0.0708 -0.2806 -0.9572
vn 0.2766 0.1484 -0.9495
vn 0.4819 0.3772 -0.7909
vn 0.3569 0.3667 -0.8591
vn 0.4286 0.3347 -0.8392
vn 0.6597 0.6874 -0.3038
vn 0.6655 0.5200 -0.5354
vn 0.7220 0.4030 -0.5624
vn 0.3431 0.3851 -0.8567
vn 0.6653 0.7458 0.0341
vn 0.7017 0.1050 -0.7046
vn 0.2429 -0.4670 -0.8503
vn 0.2514 -0.4653 -0.8487
vn 0.2474 -0.4681 -0.8484
vn 0.6319 0.1162 -0.7663
vn 0.6291 0.1149 -0.7688
vn 0.6287 0.1102 -0.7698
vn 0.2900 0.6890 -0.6642
vn 0.3003 0.6994 -0.6486
vn 0.2971 0.6910 -0.6589
vn 0.5818 0.3536 -0.7324
vn 0.5766 0.3501 -0.7382
vn 0.5822 0.3495 -0.7341
vn 0.6552 -0.1126 -0.7470
vn 0.6554 -0.1053 -0.7479
vn 0.6592 -0.1044 -0.7447
vn 0.4502 0.0091 -0.8929
vn 0.4992 0.0140 -0.8664
vn 0.7915 -0.2205 -0.5701
vn 0.4563 0.7972 -0.3953
vn 0.6414 0.5764 -0.5064
vn 0.7253 0.6440 -0.2434
vn 0.5704 0.3971 -0.7190
vn 0.6110 0.2462 -0.7523
vn 0.7461 0.2580 -0.6139
vn 0.6507 0.2655 -0.7114
vn 0.6177 0.4569 -0.6401
vn 0.5819 0.6480 -0.4914
vn 0.6239 0.4363 -0.6484
vn 0.6761 0.2637 -0.6880
vn 0.6707 0.1025 -0.7346
vn 0.4863 -0.2433 -0.8392
vn 0.4760 -0.2394 -0.8462
vn 0.4812 -0.2568 -0.8382
vn 0.9114 0.0147 -0.4114
vn 0.5539 0.5144 -0.6546
vn 0.6296 0.3872 -0.6736
vn 0.8056 0.2248 -0.5482
vn 0.5682 0.5758 -0.5879
vn 0.5062 0.1470 -0.8498
vn 0.5008 0.1535 -0.8518
vn 0.5039 0.1436 -0.8517
vn 0.7057 0.1371 -0.6951
vn 0.7964 0.3543 -0.4902
vn 0.7309 0.2867 -0.6194
vn 0.9064 -0.1897 -0.3774
vn 0.7524 -0.4797 -0.4514
vn 0.7873 0.2482 -0.5644
vn 0.7130 0.3287 -0.6194
vn 0.8094 0.5871 -0.0174
vn 0.8386 0.2622 -0.4774
vn 0.8561 0.4878 -0.1709
vn 0.5509 -0.1359 -0.8234
vn 0.6911 0.1141 -0.7137
vn 0.6837 0.1244 -0.7191
vn 0.6869 0.1253 -0.7159
vn 0.8061 0.1622 -0.5692
vn 0.6085 0.3070 -0.7318
vn 0.7096 0.3117 -0.6319
vn 0.3333 0.3926 -0.8572
vn 0.6563 -0.1771 -0.7334
vn 0.9953 -0.0710 -0.0659
vn 0.9826 -0.0595 -0.1760
vn 0.9816 -0.0608 -0.1808
vn 0.9820 -0.0582 -0.1795
vn -0.0570 0.4722 -0.8796
vn 0.9862 0.0840 0.1425
vn 0.7896 0.5882 0.1749
vn 0.8296 0.5095 -0.2283
vn 0.7046 0.7053 -0.0779
vn -0.5365 0.3087 0.7854
vn -0.5379 0.3037 0.7864
vn -0.5342 0.3085 0.7870
vn 0.3802 -0.8123 -0.4423
vn 0.3769 -0.8228 -0.4254
vn 0.3651 -0.8257 -0.4300
vn -0.6557 -0.6696 0.3488
vn -0.6414 -0.6772 0.3606
vn -0.6637 -0.6586 0.3545
vn 0.9455 -0.0084 0.3254
vn 0.9916 -0.0396 -0.1231
vn 0.9895 -0.0414 -0.1382
vn 0.9068 -0.0025 0.4215
vn 0.9331 -0.0193 0.3590
vn 0.6379 0.7471 0.1870
vn 0.6392 0.7461 0.1863
vn 0.6378 0.7486 0.1813
vn -0.7017 0.7106 0.0520
vn -0.6841 0.7251 0.0795
vn -0.6645 0.7445 0.0648
vn 0.3913 -0.0897 0.9159
vn 0.3543 0.4517 0.8188
vn 0.2817 0.8211 0.4964
vn 0.3252 0.8531 0.4080
vn 0.0682 0.6266 -0.7763
vn 0.5220 0.4568 -0.7203
vn 0.0923 0.6175 -0.7812
vn 0.5090 0.7677 -0.3894
vn 0.5055 0.7669 -0.3953
vn 0.5018 0.7705 -0.3932
vn 0.3153 0.9023 -0.2941
vn 0.3263 0.9036 -0.2777
vn 0.2943 0.9019 -0.3162
vn 0.4508 0.8276 -0.3344
vn 0.3164 0.9263 -0.2046
vn 0.3023 0.9396 -0.1607
vn 0.2661 0.9580 -0.1065
vn 0.4846 0.8015 -0.3504
vn -0.4835 0.8589 -0.1691
vn -0.4801 0.8591 -0.1772
vn -0.4846 0.8550 -0.1847
vn -0.6054 0.5952 -0.5284
vn 0.3390 0.9282 -0.1535
vn 0.3392 0.9265 -0.1631
vn 0.3306 0.9321 -0.1479
vn 0.4739 0.5140 -0.7150
vn 0.2472 0.0537 -0.9675
vn 0.3637 0.5489 -0.7526
vn 0.2772 0.8698 -0.4082
vn 0.4176 0.7476 -0.5165
vn 0.3416 0.9102 -0.2342
vn 0.4106 0.8990 -0.1526
vn 0.2140 0.9087 -0.3583
vn 0.4296 0.8911 -0.1462
vn 0.3246 0.6663 -0.6713
vn 0.3393 0.9046 -0.2579
vn 0.4488 0.8821 -0.1435
vn 0.3103 0.9395 -0.1454
vn 0.3351 0.9302 -0.1496
vn 0.3474 0.9239 -0.1604
vn 0.3270 0.9066 -0.2667
vn 0.3538 0.8997 -0.2558
vn 0.3451 0.9007 -0.2640
vn 0.4466 0.8833 -0.1427
vn 0.3983 0.8892 -0.2252
vn 0.3085 0.9361 -0.1690
vn 0.3371 0.9286 -0.1553
vn 0.3632 0.9145 -0.1783
vn 0.3520 0.9207 -0.1684
vn 0.5491 0.8348 -0.0392
vn 0.3438 0.9223 -0.1765
vn 0.3392 0.9145 -0.2207
vn 0.4947 0.8519 -0.1721
vn 0.2996 0.9471 -0.1149
vn 0.2647 0.9606 -0.0844
vn 0.3887 0.9036 -0.1798
vn 0.2881 0.9406 -0.1796
vn 0.3564 0.9121 -0.2026
vn 0.5297 0.7957 -0.2936
vn 0.5314 0.7918 -0.3011
vn 0.5303 0.7933 -0.2991
vn 0.2328 0.9535 -0.1917
vn 0.8123 0.4886 -0.3183
vn 0.8161 0.4810 -0.3205
vn 0.8138 0.4833 -0.3227
vn 0.4306 0.8120 -0.3941
vn 0.4334 0.8105 -0.3940
vn 0.4306 0.8069 -0.4044
vn 0.5784 0.8067 -0.1210
vn 0.5767 0.8081 -0.1205
vn 0.5766 0.8084 -0.1187
vn 0.5690 0.8181 -0.0835
vn 0.4151 0.9015 -0.1228
vn 0.4460 0.8818 -0.1535
vn 0.3163 0.9444 -0.0895
vn 0.3202 0.9405 -0.1139
vn 0.3444 0.9289 -0.1363
vn 0.3443 0.9224 -0.1753
vn 0.4211 0.8826 -0.2090
vn 0.4819 0.8532 -0.1994
vn 0.5029 0.8367 -0.2168
vn 0.4203 0.8772 -0.2321
vn 0.4276 0.8749 -0.2273
vn 0.4297 0.8735 -0.2287
vn 0.5511 0.8294 -0.0917
vn 0.5039 0.8401 -0.2010
vn 0.4233 0.8884 -0.1774
vn 0.4788 0.8599 -0.1768
vn 0.4840 0.7959 -0.3636
vn 0.4789 0.7952 -0.3718
vn 0.4842 0.7951 -0.3652
vn 0.0445 0.2383 -0.9702
vn 0.0693 0.2385 -0.9687
vn 0.0550 0.2326 -0.9710
vn 0.5087 0.8437 -0.1714
vn 0.0635 0.9917 0.1122
vn 0.0696 0.9930 0.0959
vn 0.0707 0.9927 0.0978
vn 0.5552 0.8042 -0.2121
vn 0.4287 0.8494 -0.3078
vn 0.5205 0.8538 -0.0146
vn 0.5201 0.8540 -0.0146
vn 0.4784 0.8538 -0.2054
vn 0.4346 0.8815 -0.1847
vn 0.4335 0.8813 -0.1880
vn 0.3202 0.9248 -0.2052
vn 0.3263 0.9249 -0.1951
vn 0.3356 0.9234 -0.1862
vn 0.3726 0.9131 -0.1659
vn 0.3439 0.9253 -0.1597
vn 0.3516 0.9320 -0.0879
vn 0.5839 0.8072 -0.0862
vn 0.4506 0.8738 -0.1830
vn 0.4745 0.8604 -0.1860
vn 0.4176 0.8664 -0.2737
vn 0.4541 0.8589 -0.2370
vn 0.3766 0.8782 -0.2950
vn 0.4392 0.8973 -0.0444
vn 0.3717 0.9183 -0.1361
vn 0.4320 0.8887 -0.1539
vn 0.3901 0.8996 -0.1965
vn 0.5837 0.7791 -0.2287
vn 0.5080 0.8304 -0.2289
vn 0.5060 0.8067 -0.3053
vn 0.4635 0.8598 -0.2141
vn 0.3318 0.9370 -0.1096
vn 0.3953 0.9030 -0.1683
vn 0.5013 0.8488 -0.1683
vn 0.3810 0.9053 -0.1881
vn 0.4675 0.8572 -0.2158
vn 0.5529 0.8070 -0.2073
vn 0.5435 0.8234 -0.1630
vn -0.0037 0.5015 -0.8652
vn 0.0570 0.1755 -0.9828
vn 0.0090 0.2951 -0.9554
vn 0.5258 0.8314 -0.1799
vn 0.3338 0.9154 -0.2249
vn 0.3037 0.9227 -0.2375
vn 0.4678 0.8670 -0.1718
vn 0.4884 0.8533 -0.1824
vn 0.3480 0.9322 -0.1000
vn 0.3471 0.9325 -0.0997
vn 0.3478 0.9325 -0.0970
vn 0.5468 0.6605 -0.5146
vn 0.4661 0.6677 -0.5805
vn 0.4888 0.5886 -0.6439
vn 0.3605 0.9097 -0.2060
vn -0.2830 0.8333 -0.4750
vn 0.4105 0.9034 -0.1241
vn 0.4167 0.9032 -0.1027
vn 0.4280 0.8957 -0.1204
vn 0.4855 0.8520 -0.1961
vn 0.4809 0.8402 -0.2507
vn 0.4643 0.8440 -0.2687
vn 0.4629 0.8474 -0.2601
vn 0.6021 0.7800 -0.1706
vn 0.5012 0.8030 -0.3224
vn 0.4994 0.8034 -0.3244
vn 0.4983 0.8040 -0.3244
vn 0.5028 0.8367 -0.2172
vn 0.3867 0.9042 -0.1813
vn 0.6113 0.7728 -0.1705
vn 0.0033 -0.4957 -0.8685
vn 0.6148 0.7573 -0.2204
vn 0.6060 0.7768 -0.1713
vn 0.4523 0.8724 -0.1853
vn 0.4983 0.8361 -0.2296
vn 0.4607 0.8693 -0.1792
vn 0.4843 0.8438 -0.2313
vn 0.4937 0.8509 -0.1794
vn 0.4914 0.8523 -0.1792
vn 0.4947 0.8511 -0.1760
vn 0.5275 0.8215 -0.2165
vn 0.4612 0.8674 -0.1870
vn 0.5155 0.8469 -0.1306
vn 0.4564 0.8670 -0.2002
vn 0.4549 0.8664 -0.2057
vn 0.4555 0.8664 -0.2046
vn 0.4519 0.8897 -0.0651
vn 0.4707 0.8729 -0.1281
vn 0.2970 0.9497 -0.0997
vn 0.6177 0.7328 -0.2853
vn 0.6215 0.7287 -0.2877
vn 0.5632 0.7779 -0.2788
vn 0.4808 0.8524 -0.2056
vn 0.4576 0.4354 0.7752
vn 0.6842 0.7236 -0.0911
vn 0.4587 0.8649 -0.2040
vn -0.0127 -0.5917 -0.8061
vn 0.6140 0.7685 -0.1800
vn 0.5597 0.8056 -0.1942
vn 0.5691 0.7921 -0.2209
vn 0.5962 0.7808 -0.1866
vn 0.4989 0.8354 -0.2307
vn 0.5373 0.8286 -0.1575
vn 0.4793 0.8324 -0.2784
vn 0.4809 0.8713 -0.0976
vn 0.5784 0.7639 -0.2862
vn 0.6189 0.7675 -0.1672
vn 0.5176 0.8544 0.0446
vn 0.3715 0.3968 0.8394
vn 0.5753 0.7716 -0.2714
vn 0.5478 0.8363 -0.0235
vn 0.5534 0.8135 -0.1787
vn 0.6152 0.7655 -0.1884
vn 0.6384 0.7500 -0.1727
vn 0.6118 0.7674 -0.1917
vn 0.6071 0.6859 -0.4013
vn 0.2629 0.9519 -0.1572
vn 0.4432 0.8912 -0.0971
vn 0.6791 0.6981 -0.2271
vn 0.1250 0.9912 -0.0435
vn 0.6193 0.7671 -0.1673
vn 0.6445 0.7421 -0.1844
vn -0.0681 0.7375 -0.6719
vn 0.1232 0.5945 -0.7946
vn -0.0553 0.7423 -0.6678
vn 0.4551 0.8868 -0.0809
vn 0.4524 0.8736 -0.1793
vn 0.6371 0.7414 -0.2107
vn 0.6167 0.7735 -0.1463
vn 0.6926 0.6938 -0.1972
vn 0.6916 0.6964 -0.1916
vn 0.6896 0.6963 -0.1989
vn -0.2879 0.8178 -0.4982
vn 0.6522 0.7385 -0.1710
vn 0.6493 0.7416 -0.1687
vn 0.6501 0.7414 -0.1664
vn 0.4867 0.8590 -0.1590
vn 0.4555 0.8801 -0.1340
vn 0.4800 0.8654 -0.1434
vn 0.5378 0.8107 -0.2314
vn 0.5578 0.7956 -0.2362
vn 0.5389 0.8225 -0.1820
vn 0.6462 0.7434 -0.1724
vn 0.7078 0.6795 -0.1934
vn 0.6260 0.7556 -0.1931
vn 0.7075 0.6751 -0.2091
vn 0.8284 0.5326 -0.1736
vn 0.8304 0.5294 -0.1737
vn 0.8293 0.5302 -0.1767
vn 0.5950 0.7367 -0.3213
vn 0.6060 0.7622 -0.2275
vn 0.3133 0.9340 -0.1717
vn 0.6251 0.7654 -0.1527
vn 0.6264 0.7626 -0.1615
vn 0.7160 0.6886 -0.1152
vn 0.5189 0.8483 -0.1053
vn 0.5037 0.6335 -0.5873
vn 0.4968 0.6402 -0.5859
vn 0.5035 0.6411 -0.5792
vn 0.6913 0.7110 -0.1283
vn 0.6896 0.7133 -0.1251
vn 0.6917 0.7110 -0.1262
vn 0.6893 0.6768 -0.2584
vn 0.6222 0.7579 -0.1961
vn 0.5613 0.8025 -0.2023
vn 0.4611 0.8551 -0.2371
vn 0.4475 0.8396 -0.3078
vn 0.4721 0.8610 -0.1890
vn 0.5662 0.8130 -0.1358
vn 0.5504 0.8232 -0.1391
vn 0.5787 0.7982 -0.1676
vn 0.2982 0.9541 -0.0286
vn 0.2479 0.9686 -0.0197
vn 0.4075 0.9079 0.0977
vn -0.0467 0.2761 0.9600
vn -0.0337 0.2564 0.9660
vn -0.0272 0.2581 0.9657
vn 0.6807 0.6932 -0.2368
vn 0.7115 0.6347 -0.3016
vn 0.4577 0.8409 0.2888
vn 0.5297 0.8253 -0.1956
vn 0.6190 0.7481 -0.2391
vn 0.5817 0.7632 -0.2814
vn 0.5011 0.8557 -0.1289
vn 0.4995 0.8545 -0.1422
vn 0.4994 0.8548 -0.1411
vn 0.5415 0.8333 -0.1118
vn 0.4866 0.8689 -0.0910
vn 0.4834 0.8712 -0.0853
vn 0.4806 0.8736 -0.0763
vn 0.6095 0.7730 -0.1760
vn 0.2490 0.9616 -0.1153
vn 0.6021 0.7731 -0.1993
vn 0.5916 0.7295 -0.3433
vn -0.2200 -0.9739 -0.0556
vn 0.7091 0.6702 -0.2189
vn 0.7273 0.6537 -0.2090
vn 0.4316 0.8887 -0.1545
vn 0.4742 0.8595 -0.1910
vn 0.3078 0.9481 -0.0792
vn 0.4774 0.8730 -0.0993
vn 0.5034 0.8574 -0.1071
vn 0.4711 0.8767 -0.0969
vn 0.7048 0.6825 -0.1936
vn 0.5468 0.8108 -0.2087
vn 0.6975 0.6829 -0.2172
vn 0.6611 0.7260 -0.1896
vn 0.5595 0.7978 -0.2246
vn 0.5070 0.8559 -0.1020
vn 0.6607 0.7124 -0.2367
vn 0.5922 0.7730 -0.2277
vn 0.7125 0.5762 -0.4004
vn 0.6779 0.7069 -0.2019
vn 0.6667 0.7255 -0.1710
vn 0.6491 0.7331 -0.2029
vn 0.6004 0.7897 -0.1258
vn 0.6675 0.5006 -0.5512
vn 0.6477 0.4133 -0.6401
vn 0.6524 0.7101 -0.2649
vn 0.7459 0.5707 -0.3434
vn 0.8547 0.4427 -0.2711
vn 0.7142 0.5818 -0.3891
vn 0.6768 0.5920 -0.4376
vn 0.5386 0.8256 -0.1682
vn 0.5367 0.8267 -0.1690
vn 0.5378 0.8266 -0.1659
vn 0.5811 0.7991 -0.1541
vn 0.6823 0.7087 -0.1796
vn 0.6460 0.7603 -0.0677
vn 0.5664 0.8207 -0.0756
vn 0.5782 0.8128 -0.0714
vn 0.5182 0.8475 -0.1149
vn -0.8304 -0.5094 0.2257
vn 0.5403 0.8383 -0.0728
vn 0.6434 0.7173 -0.2675
vn 0.5697 0.8207 -0.0433
vn 0.8839 0.4035 -0.2365
vn 0.7207 0.6677 -0.1862
vn 0.6641 0.6924 -0.2820
vn 0.7087 0.6233 -0.3305
vn 0.6449 0.7119 -0.2780
vn 0.5619 0.7991 -0.2139
vn 0.4674 0.8813 -0.0696
vn 0.5402 0.8354 -0.1014
vn 0.5199 0.8496 -0.0889
vn 0.2777 0.7896 0.5472
vn 0.0649 -0.5735 -0.8167
vn 0.6750 0.6954 -0.2467
vn 0.6077 0.7495 -0.2625
vn 0.7882 0.5520 -0.2721
vn 0.7991 0.5481 -0.2470
vn 0.8014 0.5420 -0.2531
vn 0.6491 0.7204 -0.2441
vn 0.5747 0.7862 -0.2269
vn 0.5993 0.7673 -0.2282
vn 0.6226 0.7675 -0.1526
vn 0.6249 0.7635 -0.1630
vn 0.6162 0.7705 -0.1631
vn 0.7060 0.6876 -0.1698
vn 0.7602 0.6413 -0.1039
vn 0.7609 0.6410 -0.1010
vn 0.7607 0.6410 -0.1019
vn 0.5074 0.8518 -0.1301
vn 0.6360 0.7602 -0.1326
vn 0.7245 0.6608 -0.1961
vn 0.5881 0.7850 -0.1947
vn 0.7263 0.6468 -0.2328
vn 0.3085 0.9475 -0.0844
vn 0.6774 0.6688 -0.3062
vn 0.6676 0.6816 -0.2995
vn 0.6851 0.6588 -0.3108
vn 0.6845 0.7164 -0.1348
vn 0.6822 0.7141 -0.1571
vn 0.6801 0.7184 -0.1464
vn 0.7176 0.6898 -0.0958
vn 0.7200 0.6873 -0.0967
vn 0.7189 0.6881 -0.0978
vn 0.5843 0.7986 -0.1446
vn 0.5777 0.8038 -0.1421
vn 0.6256 0.7535 -0.2021
vn 0.6283 0.7674 -0.1278
vn 0.3465 0.9352 -0.0726
vn 0.5562 0.8224 -0.1192
vn 0.4884 0.8701 -0.0659
vn 0.6918 0.6957 -0.1935
vn 0.6993 0.7029 -0.1300
vn 0.6591 0.7310 -0.1765
vn 0.1600 0.7863 0.5968
vn 0.6746 0.6918 -0.2577
vn 0.6723 0.6920 -0.2629
vn 0.6720 0.6943 -0.2576
vn 0.6174 0.7547 -0.2219
vn 0.5690 0.7747 -0.2757
vn 0.6392 0.7029 -0.3120
vn 0.7845 0.5791 -0.2218
vn 0.7247 0.6565 -0.2092
vn 0.7173 0.6587 -0.2273
vn 0.6543 0.7222 -0.2244
vn 0.6140 0.7662 0.1894
vn 0.6961 0.7001 -0.1593
vn 0.5688 0.8221 -0.0253
vn 0.5738 0.8163 -0.0660
vn 0.0684 0.7854 0.6152
vn 0.7981 0.5245 -0.2964
vn 0.7469 0.6600 -0.0803
vn 0.7080 0.6710 -0.2199
vn 0.3244 0.9363 -0.1348
vn 0.3244 0.9354 -0.1408
vn 0.3235 0.9362 -0.1373
vn 0.6719 0.7306 -0.1220
vn 0.7142 0.6977 -0.0557
vn 0.6542 0.7439 -0.1366
vn 0.6483 0.7520 -0.1189
vn 0.6426 0.7571 -0.1175
vn 0.6463 0.7546 -0.1135
vn 0.4163 0.9027 -0.1088
vn 0.4513 0.8855 -0.1106
vn 0.3849 0.9119 -0.1421
vn 0.6301 0.7326 -0.2575
vn 0.5506 0.7868 -0.2788
vn 0.4352 0.8440 -0.3135
vn 0.8750 0.4551 -0.1647
vn 0.7416 0.6459 -0.1811
vn 0.7368 0.6516 -0.1805
vn 0.7375 0.6518 -0.1769
vn 0.8730 0.3569 -0.3325
vn 0.8733 0.3528 -0.3359
vn 0.8688 0.3568 -0.3432
vn 0.9031 0.3890 0.1819
vn 0.7664 0.6184 -0.1739
vn 0.7831 0.6150 -0.0928
vn 0.6765 0.7113 -0.1910
vn 0.6468 0.7507 -0.1347
vn 0.6538 0.7558 -0.0358
vn 0.7891 0.5896 -0.1724
vn 0.6398 0.7596 -0.1168
vn 0.5488 0.7886 -0.2775
vn 0.6645 0.7384 -0.1149
vn 0.6561 0.7161 -0.2381
vn 0.8613 0.4801 -0.1661
vn 0.6893 0.6960 -0.2012
vn 0.6897 0.6964 -0.1984
vn 0.6906 0.6948 -0.2009
vn 0.6739 0.7104 -0.2028
vn 0.6934 0.7138 0.0987
vn 0.8240 0.5325 -0.1936
vn -0.4471 0.0919 0.8898
vn 0.6692 0.7395 -0.0725
vn 0.8979 0.4053 -0.1718
vn 0.9017 0.4016 -0.1599
vn 0.6231 0.7426 -0.2455
vn 0.7709 0.6326 -0.0745
vn 0.6437 0.7600 -0.0897
vn 0.5850 0.6956 0.4171
vn 0.4391 0.6504 0.6198
vn 0.4725 0.8633 -0.1775
vn 0.4182 0.8653 -0.2764
vn 0.5091 0.8408 -0.1843
vn 0.6418 0.7079 -0.2948
vn 0.7555 0.5851 -0.2947
vn 0.7528 0.6318 -0.1847
vn 0.5985 0.7956 -0.0940
vn 0.5987 0.7953 -0.0947
vn 0.5975 0.7963 -0.0947
vn 0.5661 0.8003 -0.1977
vn 0.5225 0.8363 -0.1660
vn 0.7681 0.5785 -0.2746
vn 0.7667 0.5780 -0.2795
vn 0.7675 0.5803 -0.2725
vn 0.6553 0.7496 -0.0931
vn 0.7640 0.6159 -0.1921
vn 0.7264 0.6483 -0.2282
vn 0.7256 0.6489 -0.2290
vn 0.7261 0.6488 -0.2276
vn 0.6454 0.7597 -0.0798
vn 0.6387 0.7663 -0.0704
vn 0.6326 0.7727 -0.0516
vn 0.6529 0.7524 -0.0870
vn 0.7397 0.6648 -0.1047
vn 0.6616 0.7439 -0.0947
vn 0.7712 0.6021 -0.2066
vn 0.7640 0.6120 -0.2045
vn 0.7724 0.6029 -0.2000
vn 0.7900 0.5426 -0.2854
vn 0.8455 0.4787 -0.2369
vn 0.7627 0.5962 -0.2507
vn 0.8071 0.5541 -0.2037
vn 0.6590 0.7238 -0.2044
vn 0.6653 0.7055 -0.2442
vn 0.7408 0.6505 -0.1673
vn 0.7182 0.6690 -0.1916
vn 0.7118 0.6673 -0.2194
vn 0.7485 0.6468 -0.1463
vn 0.6727 0.7166 -0.1843
vn 0.7355 0.6654 -0.1276
vn 0.7621 0.6416 -0.0866
vn 0.7614 0.5772 -0.2950
vn 0.6466 0.4958 -0.5797
vn 0.7469 0.6577 -0.0979
vn 0.7988 0.5959 -0.0829
vn 0.6704 0.6972 -0.2540
vn 0.6578 0.7495 -0.0746
vn 0.8051 0.5702 -0.1636
vn 0.7201 0.6702 -0.1800
vn 0.8360 0.4344 -0.3353
vn 0.8392 0.4295 -0.3335
vn 0.8401 0.4309 -0.3295
vn 0.7841 0.6056 -0.1355
vn 0.8006 0.5962 -0.0604
vn 0.9564 0.2894 -0.0400
vn 0.8515 0.4912 -0.1834
vn 0.6527 0.6795 -0.3350
vn 0.6579 0.7413 -0.1326
vn 0.6857 0.6903 -0.2309
vn 0.6586 0.7406 -0.1332
vn 0.6453 0.7609 -0.0676
vn 0.6404 0.7618 -0.0976
vn 0.7034 0.7107 0.0132
vn 0.3459 0.9367 -0.0540
vn 0.3983 0.9142 -0.0750
vn 0.6352 0.7694 -0.0683
vn 0.8483 0.4575 -0.2666
vn 0.7568 0.6157 -0.2194
vn 0.7626 0.6114 -0.2112
vn 0.7831 0.5947 -0.1821
vn 0.5446 0.8187 0.1823
vn 0.5444 0.8181 0.1855
vn 0.5445 0.8185 0.1830
vn 0.2316 0.9726 -0.0219
vn 0.7771 0.5421 -0.3197
vn 0.9908 0.0456 0.1273
vn 0.6137 0.7517 -0.2417
vn 0.7117 0.6672 -0.2199
vn 0.6538 0.7226 -0.2245
vn 0.7069 0.1027 -0.6998
vn -0.2732 -0.3681 -0.8887
vn 0.1200 -0.2290 -0.9660
vn 0.6786 0.6864 -0.2613
vn 0.6335 0.7499 -0.1906
vn 0.8770 0.2752 -0.3938
vn 0.7921 0.5861 -0.1704
vn 0.9129 0.3076 -0.2682
vn 0.7450 0.6406 -0.1862
vn -0.8937 0.1910 -0.4059
vn 0.6728 0.7398 -0.0065
vn 0.5902 0.8059 -0.0459
vn 0.6366 0.7712 0.0032
vn 0.8016 0.5464 -0.2426
vn 0.7962 0.5503 -0.2514
vn 0.8141 0.4983 -0.2981
vn 0.7847 0.5885 -0.1945
vn 0.9375 0.2203 0.2694
vn 0.9035 -0.1185 -0.4119
vn 0.7182 0.6878 -0.1056
vn 0.7163 0.6635 -0.2160
vn 0.6594 0.4566 -0.5972
vn 0.7431 0.5599 -0.3666
vn 0.9127 -0.1886 0.3626
vn 0.9091 -0.1909 0.3702
vn 0.9084 -0.1902 0.3723
vn 0.6736 0.7232 0.1525
vn 0.7749 0.6193 0.1267
vn 0.6925 0.6798 0.2413
vn 0.7018 0.6426 -0.3076
vn 0.7166 0.6223 -0.3149
vn 0.7042 0.6361 -0.3155
vn 0.5500 0.7569 -0.3529
vn 0.6325 0.7304 0.2577
vn 0.7674 0.6269 -0.1348
vn 0.7644 0.6273 -0.1492
vn 0.7456 0.6267 -0.2266
vn 0.6331 0.6856 -0.3594
vn 0.6755 0.6496 -0.3489
vn 0.7022 0.6289 -0.3338
vn 0.6313 0.7539 -0.1817
vn 0.6299 0.7546 -0.1835
vn 0.6293 0.7541 -0.1880
vn 0.6956 0.6854 -0.2153
vn 0.6965 0.6853 -0.2126
vn 0.7078 0.6757 -0.2060
vn 0.7673 0.5620 0.3088
vn 0.8175 0.5067 -0.2738
vn 0.8608 0.4332 -0.2671
vn 0.7980 0.5798 -0.1644
vn 0.8332 0.4992 -0.2378
vn 0.8402 0.5158 -0.1674
vn 0.7198 0.6230 -0.3062
vn 0.7425 0.6293 -0.2293
vn 0.7853 0.5982 -0.1598
vn 0.6095 0.7374 -0.2912
vn 0.6074 0.7359 -0.2992
vn 0.6076 0.7385 -0.2922
vn 0.7935 0.5022 -0.3438
vn 0.7933 0.5788 -0.1889
vn 0.7987 0.5747 -0.1783
vn 0.8866 0.4141 0.2060
vn 0.5978 0.4683 0.6506
vn 0.7768 0.4578 0.4326
vn 0.3571 0.4388 0.8246
vn 0.7793 0.6173 -0.1078
vn 0.8908 0.4372 -0.1237
vn 0.8906 0.4389 -0.1192
vn 0.8912 0.4367 -0.1230
vn 0.8307 0.3762 -0.4103
vn 0.7736 0.5847 -0.2443
vn 0.7867 0.6142 -0.0619
vn 0.8095 0.5679 -0.1493
vn 0.7790 0.6097 -0.1464
vn 0.6119 0.7648 -0.2017
vn 0.2226 0.8689 -0.4422
vn 0.4070 0.8448 -0.3474
vn 0.6690 0.7277 -0.1510
vn 0.7944 0.5330 -0.2912
vn 0.8868 0.4054 -0.2220
vn 0.7388 0.6661 -0.1020
vn 0.8371 0.5282 -0.1424
vn 0.6770 0.7307 -0.0880
vn 0.6518 0.7357 -0.1843
vn 0.8948 0.4224 -0.1447
vn 0.6640 0.7230 0.1907
vn 0.7091 0.6699 0.2199
vn 0.8013 0.5793 0.1492
vn 0.8476 0.5166 -0.1213
vn 0.8292 0.5474 -0.1133
vn 0.8437 0.5234 -0.1193
vn 0.8632 0.4908 0.1181
vn 0.9213 0.3492 -0.1711
vn 0.9234 0.3432 -0.1719
vn 0.9186 0.3555 -0.1726
vn 0.8440 0.5027 -0.1869
vn 0.9102 0.4126 0.0364
vn 0.8993 0.4369 -0.0184
vn 0.9376 0.3477 0.0077
vn 0.9964 0.0141 0.0842
vn 0.9960 0.0137 0.0882
vn 0.9963 0.0120 0.0856
vn 0.9206 0.3701 0.1242
vn 0.6956 0.7184 -0.0014
vn 0.9865 0.1587 0.0405
vn 0.9848 0.1585 0.0717
vn 0.9285 -0.3641 0.0733
vn -0.3130 -0.9216 0.2297
vn -0.3317 -0.8966 0.2936
vn -0.3314 -0.9149 0.2306
vn -0.4975 -0.7902 0.3579
vn -0.4954 -0.7930 0.3545
vn -0.4965 -0.7899 0.3599
vn -0.6165 -0.7122 0.3357
vn -0.6137 -0.7124 0.3404
vn -0.6192 -0.7083 0.3391
vn -0.6116 -0.7656 0.1996
vn -0.6082 -0.7703 0.1918
vn -0.6124 -0.7710 0.1744
vn -0.6097 -0.7620 0.2182
vn 0.0629 0.0122 0.9979
vn 0.0712 0.0202 0.9973
vn 0.0629 0.0196 0.9978
vn 0.1684 0.1501 0.9742
vn 0.8194 0.3294 0.4691
vn 0.2548 0.0251 0.9667
vn -0.1629 -0.2690 -0.9493
vn 0.6816 -0.4948 0.5391
vn 0.6885 -0.4912 0.5336
vn 0.6839 -0.4887 0.5417
vn 0.9599 0.0062 0.2804
vn 0.9735 0.0132 0.2285
vn 0.8125 -0.0015 0.5830
vn 0.9730 -0.0401 0.2272
vn 0.4069 0.8476 0.3406
vn 0.1421 0.9801 0.1385
vn 0.4354 0.7401 0.5125
vn 0.3682 0.8789 0.3032
vn 0.3614 0.8850 0.2935
vn 0.5396 0.8079 0.2368
vn 0.5837 0.5697 0.5787
vn 0.4790 0.6820 0.5527
vn 0.5061 0.7825 0.3626
vn 0.4267 -0.1437 0.8929
vn -0.3243 0.3608 0.8744
vn 0.3032 0.2495 0.9197
vn 0.5254 0.7986 0.2935
vn 0.2611 0.9189 -0.2955
vn 0.7436 0.1090 0.6597
vn 0.5792 0.2247 0.7836
vn 0.6375 -0.0094 0.7704
vn 0.4254 0.3542 0.8328
vn 0.1157 0.2885 0.9505
vn 0.4112 0.4395 0.7986
vn 0.6490 0.3063 0.6964
vn 0.6726 0.6983 -0.2450
vn 0.6492 0.7529 0.1082
vn 0.5534 0.8036 0.2190
vn 0.5255 0.3058 -0.7939
vn 0.4991 0.8279 0.2560
vn 0.6119 0.7380 0.2846
vn 0.5053 0.8054 0.3097
vn 0.6746 -0.0799 0.7338
vn 0.6957 -0.0013 0.7183
vn 0.6250 -0.0662 0.7778
vn 0.5361 0.3832 0.7521
vn 0.3726 0.8473 0.3785
vn 0.5664 0.8229 0.0460
vn 0.5488 0.8359 0.0114
vn 0.6088 0.7484 0.2632
vn 0.4789 0.8592 -0.1800
vn 0.7824 0.1122 0.6126
vn 0.1437 0.1822 0.9727
vn 0.7587 0.2129 0.6156
vn 0.6501 0.7598 -0.0036
vn 0.7482 -0.0783 0.6588
vn 0.8000 -0.2876 0.5266
vn 0.4397 0.6798 0.5869
vn 0.4737 0.6539 0.5900
vn 0.6252 0.6669 0.4054
vn 0.5419 0.8103 0.2230
vn 0.5999 0.7893 0.1307
vn 0.7300 0.2495 0.6362
vn 0.5986 0.7948 0.0994
vn 0.6231 0.7785 0.0758
vn 0.4901 0.7857 0.3774
vn 0.5001 0.8032 0.3237
vn 0.5079 0.8034 0.3108
vn 0.6897 0.1197 0.7141
vn 0.7079 0.1314 0.6940
vn 0.5771 0.4706 0.6675
vn 0.1700 0.6247 0.7621
vn 0.6832 0.6787 0.2696
vn 0.6991 0.0785 0.7107
vn 0.6876 0.0838 0.7213
vn 0.6964 0.0870 0.7124
vn 0.6730 -0.0513 0.7378
vn 0.6947 0.0063 0.7192
vn 0.8782 0.3852 0.2834
vn 0.8322 0.0361 0.5533
vn 0.7542 0.6313 0.1807
vn -0.1657 0.8906 -0.4234
vn 0.8619 0.3422 0.3741
vn 0.7589 0.4501 0.4706
vn 0.7739 0.4499 0.4458
vn 0.7634 0.4514 0.4621
vn 0.4336 0.8968 0.0882
vn 0.9511 0.2353 0.2001
vn 0.0434 -0.4397 0.8971
vn 0.5628 -0.1595 0.8110
vn 0.4112 -0.2630 0.8728
vn 0.8256 0.0745 0.5593
vn 0.8236 0.5419 -0.1671
vn 0.4502 0.7893 0.4175
vn 0.3050 -0.5235 0.7955
vn 0.3277 -0.5534 0.7657
vn 0.3125 -0.5619 0.7659
vn 0.2767 0.6839 0.6751
vn 0.8829 0.3920 0.2585
vn 0.4648 0.8771 0.1214
vn 0.5004 0.8476 0.1763
vn 0.5674 0.6867 0.4545
vn 0.6113 0.2143 0.7618
vn 0.9600 0.2237 0.1684
vn 0.8748 -0.2858 0.3912
vn 0.8745 -0.2954 0.3847
vn 0.8732 -0.2987 0.3851
vn 0.7105 0.1034 0.6961
vn 0.7082 0.1068 0.6978
vn 0.7071 0.1047 0.6993
vn 0.7960 0.4768 0.3728
vn 0.8124 0.0976 0.5749
vn 0.7650 0.5882 0.2623
vn 0.6873 0.6980 0.2010
vn 0.7638 -0.0629 0.6424
vn 0.9252 0.2542 0.2817
vn 0.9263 0.2487 0.2830
vn 0.9270 0.2524 0.2775
vn 0.7144 0.6230 -0.3186
vn 0.7215 0.5657 0.3993
vn 0.7025 0.2360 0.6714
vn 0.7639 0.2691 0.5865
vn 0.7358 0.2148 0.6422
vn 0.8028 0.1953 0.5634
vn 0.8859 0.4326 0.1673
vn 0.8933 0.3657 0.2612
vn 0.7967 0.2328 0.5578
vn 0.8100 0.5594 0.1763
vn 0.8473 0.5288 -0.0496
vn 0.9191 0.1643 0.3582
vn 0.8524 0.5030 0.1425
vn 0.6987 0.7079 -0.1036
vn 0.8692 0.4554 0.1925
vn 0.6683 0.5564 -0.4938
vn 0.5230 0.6610 0.5381
vn 0.5308 0.6580 0.5342
vn 0.5309 0.6663 0.5237
vn 0.8238 0.5577 0.1012
vn 0.8301 0.5570 -0.0266
vn 0.9086 0.2708 0.3179
vn 0.9192 0.3437 0.1919
vn 0.8861 0.4319 0.1680
vn 0.9337 -0.1513 0.3245
vn 0.1730 -0.9669 -0.1876
vn 0.9275 -0.2257 0.2981
vn -0.8555 -0.0122 -0.5176
vn 0.9533 0.1085 0.2819
vn 0.9457 0.0924 0.3115
vn 0.6759 0.7331 0.0755
vn 0.8797 0.4631 0.1085
vn 0.9304 0.0357 0.3649
vn 0.9405 0.3180 0.1201
vn 0.9391 0.3235 0.1159
vn 0.9289 0.3540 0.1092
vn 0.9472 0.1706 0.2717
vn 0.9646 0.1715 0.2001
vn 0.9537 0.1627 0.2528
vn 0.9536 0.1964 0.2281
vn 0.7614 -0.2033 0.6155
vn 0.6950 -0.2342 0.6798
vn 0.9292 -0.0818 0.3605
vn 0.9567 0.2804 0.0782
vn 0.8820 0.3594 0.3047
vn 0.9181 0.3494 0.1872
vn 0.9415 0.3355 0.0305
vn 0.9399 0.3402 0.0308
vn 0.9404 0.3391 0.0266
vn 0.9170 0.1532 0.3682
vn 0.9442 0.2737 0.1831
vn 0.9547 -0.0632 0.2906
vn 0.9613 0.2415 0.1326
vn 0.9749 0.2117 0.0696
vn 0.9830 0.1293 0.1302
vn 0.9822 0.1364 0.1292
vn 0.9840 0.1303 0.1217
vn 0.8590 0.3271 0.3938
vn 0.8476 0.2463 0.4700
vn 0.9620 0.2188 0.1632
vn 0.9575 0.2279 0.1767
vn 0.9596 0.2248 0.1690
vn 0.9487 0.1877 0.2545
vn 0.9636 0.1039 0.2464
vn 0.9658 0.0698 0.2496
vn 0.9468 -0.0625 0.3157
vn 0.9682 0.0304 0.2482
vn 0.9349 0.1761 0.3082
vn 0.9626 0.1416 0.2311
vn 0.9805 0.0967 0.1710
vn 0.9165 0.2344 0.3242
vn 0.8639 0.4641 0.1954
vn 0.8722 0.2636 0.4120
vn 0.0729 -0.0275 -0.9970
vn 0.1015 -0.0215 -0.9946
vn 0.0579 -0.0330 -0.9978
vn 0.0181 -0.0464 -0.9988
vn 0.2564 0.0411 -0.9657
vn 0.2565 0.0408 -0.9657
vn 0.0014 -0.0912 -0.9958
vn -0.0920 -0.1499 -0.9844
vn -0.0301 -0.1098 -0.9935
vn -0.1320 -0.1725 -0.9761
vn -0.7973 0.0398 -0.6022
vn -0.8000 0.0392 -0.5987
vn -0.7973 0.0443 -0.6020
vn 0.9966 0.0485 0.0661
vn 1.0000 -0.0042 0.0047
vn 0.9998 -0.0163 -0.0094
vn 0.9922 -0.0859 -0.0908
vn -0.9076 -0.3785 -0.1814
vn -0.9361 -0.2915 -0.1967
vn -0.9510 -0.2725 -0.1461
vn -0.9148 -0.3787 0.1404
vn -0.6701 -0.3973 0.6270
vn -0.4634 -0.3952 0.7931
vn -0.7875 -0.2113 -0.5789
vn 0.0197 0.9971 -0.0735
vn 0.0350 0.9958 -0.0849
vn 0.0209 0.9952 -0.0960
vn 0.0011 0.9977 -0.0675
vn 0.6658 0.1752 0.7252
vn 0.6616 0.1734 0.7296
vn 0.6079 0.1468 0.7803
vn 0.5863 0.1372 0.7984
vn -0.3564 -0.0908 0.9299
vn -0.1382 0.0057 0.9904
vn -0.2480 -0.0390 0.9680
vn -0.5792 -0.1575 0.7998
vn -0.5090 0.1688 0.8441
vn -0.5177 0.1644 0.8396
vn -0.5156 0.1634 0.8411
vn -0.5484 0.0149 0.8361
vn 0.7711 0.0265 0.6361
vn 0.9369 -0.0090 -0.3495
vn 0.7961 -0.0000 0.6051
vn 0.7298 -0.0133 0.6835
vn 0.9993 -0.0219 0.0310
vn 0.9500 0.0051 0.3121
vn 0.4172 0.0443 0.9078
vn 0.7623 0.0067 0.6472
vn -0.2924 -0.0590 0.9545
vn -0.0295 0.0085 0.9995
vn 0.6813 0.0172 0.7318
vn -0.5667 -0.0035 0.8239
vn 0.8115 -0.0146 0.5842
vn -0.3690 -0.0087 0.9294
vn -0.2284 0.1383 0.9637
vn 0.1369 0.4603 0.8772
vn -0.1305 0.4725 0.8716
vn 0.0128 0.0443 0.9989
vn 0.9887 -0.1237 -0.0844
vn -0.0881 0.0106 -0.9961
vn -0.5123 -0.3222 0.7960
vn 0.0324 -0.0463 0.9984
vn -0.0171 0.1673 0.9858
vn 0.0435 -0.1131 0.9926
vn 0.3181 -0.0176 0.9479
vn 0.1996 0.0107 0.9798
vn 0.3194 0.1421 0.9369
vn 0.1763 0.2856 0.9420
vn 0.8354 0.2380 -0.4954
vn 0.8037 0.2896 -0.5197
vn 0.8374 0.3454 -0.4236
vn 0.6608 0.7336 0.1584
vn 0.0147 0.9999 0.0042
vn 0.4171 0.9062 0.0695
vn 0.7458 0.6301 0.2162
vn 0.6802 0.7299 0.0685
vn 0.9458 0.2491 -0.2085
vn 0.9791 0.1917 0.0681
vn 0.9996 -0.0158 0.0216
vn 0.7847 0.5705 0.2426
vn -0.2004 0.9767 0.0763
vn -0.2053 0.9787 0.0054
vn 0.2590 0.9631 -0.0733
vn 0.9196 0.2568 -0.2974
vn 0.9953 0.0579 0.0780
vn 0.9981 0.0384 0.0485
vn 0.9935 0.0968 0.0595
vn 0.9987 0.0319 0.0389
vn 0.9977 0.0368 0.0562
vn 0.9931 -0.0703 0.0935
vn 0.3131 -0.9011 -0.3000
vn 0.5082 -0.8604 0.0373
vn 0.1971 -0.9140 0.3547
vn 0.8339 -0.0701 0.5475
vn 0.8532 0.0007 0.5215
vn 0.8464 0.0101 0.5324
vn 0.2061 -0.3684 0.9065
vn 0.4470 -0.0060 0.8945
vn 0.2111 -0.3326 0.9191
vn -0.1538 0.0196 0.9879
vn -0.2330 0.0366 0.9718
vn -0.2330 -0.0199 0.9723
vn 0.9827 0.0429 -0.1800
vn 0.9083 0.0839 0.4099
vn 0.9921 0.0988 -0.0769
vn 0.9178 0.3216 -0.2328
vn 0.6856 -0.2923 0.6667
vn 0.9980 -0.0225 0.0592
vn 1.0000 0.0023 -0.0078
vn 0.9999 -0.0026 0.0165
vn 0.9999 0.0022 -0.0109
vn 0.9993 -0.0007 0.0379
vn 0.9954 0.0752 0.0592
vn 0.9954 0.0706 -0.0655
vn 0.9979 0.0640 -0.0098
vn 0.9489 0.0645 -0.3091
vn 0.8920 0.3105 -0.3286
vn 0.9909 -0.0290 0.1318
vn 0.9997 -0.0062 0.0226
vn 0.9997 -0.0071 0.0246
vn 0.9998 0.0010 0.0205
vn 0.9926 -0.0199 0.1202
vn 0.9661 -0.0601 0.2509
vn 0.9989 -0.0166 0.0441
vn 0.9982 0.0191 0.0571
vn 0.9999 -0.0046 0.0116
vn 0.9878 -0.0862 0.1296
vn 0.9902 -0.0307 0.1366
vn 0.9885 0.1445 0.0451
vn 0.9974 0.0221 0.0681
vn 0.9976 0.0213 0.0663
vn 0.9974 0.0257 0.0668
vn 0.9994 0.0292 -0.0167
vn 0.9981 0.0336 -0.0519
vn 0.9903 -0.0042 -0.1391
vn 0.9998 0.0152 0.0159
vn 0.9985 0.0442 0.0331
vn 0.9983 -0.0243 -0.0530
vn 0.9763 -0.0092 -0.2164
vn 0.9764 0.0931 -0.1950
vn 0.9999 -0.0007 0.0107
vn 0.9999 -0.0012 0.0113
vn 0.9999 -0.0013 0.0104
vn 0.9991 0.0375 0.0182
vn 0.9980 0.0611 -0.0187
vn 0.9457 0.0279 0.3239
vn 0.9425 0.1249 0.3101
vn 0.9450 0.0345 0.3251
vn 0.9979 -0.0002 0.0642
vn 0.9983 -0.0064 0.0580
vn 0.9982 -0.0076 0.0602
vn 0.9996 0.0015 0.0269
vn 0.9936 -0.1032 0.0462
vn 0.9756 -0.2193 -0.0023
vn 0.9941 -0.1023 0.0368
vn 0.9917 -0.1073 -0.0712
vn 0.9988 0.0386 -0.0295
vn 0.9992 0.0328 -0.0207
vn 0.9714 0.0328 0.2352
vn 0.9911 -0.0233 0.1310
vn 0.9954 -0.0508 0.0814
vn 0.7752 0.1328 0.6176
vn 0.9380 0.0899 0.3348
vn 0.9989 -0.0367 0.0301
vn 0.9993 -0.0042 0.0375
vn 0.9943 0.0892 0.0585
vn 0.9412 -0.3355 -0.0399
vn 0.9840 0.0621 0.1669
vn 0.9966 0.0035 -0.0824
vn 0.9976 0.0046 -0.0686
vn 0.9969 0.0086 -0.0777
vn 0.9982 -0.0003 -0.0600
vn 1.0000 -0.0001 0.0017
vn 0.9199 -0.1020 0.3786
vn 0.9190 -0.1500 0.3645
vn 0.9207 -0.1451 0.3624
vn 0.9179 -0.1956 0.3452
vn 1.0000 -0.0053 0.0029
vn 1.0000 -0.0040 0.0058
vn 1.0000 -0.0050 0.0036
vn 0.9961 0.0623 0.0618
vn 0.9762 0.0671 0.2060
vn 0.9976 -0.0512 -0.0467
vn 0.9707 0.0642 0.2317
vn 0.9358 0.0868 0.3418
vn 0.9456 -0.0001 -0.3253
vn 0.9994 0.0233 0.0262
vn 0.9968 0.0284 0.0748
vn 0.9507 0.0390 0.3075
vn 0.2968 -0.8550 0.4254
vn 0.3647 -0.7649 0.5309
vn 0.2742 -0.7904 0.5479
vn 0.7050 -0.0433 -0.7079
vn 0.7375 -0.0196 -0.6751
vn 0.7730 -0.1532 -0.6156
vn 0.6635 0.5482 -0.5091
vn 0.2675 0.9214 -0.2819
vn 0.6182 0.6124 -0.4928
vn 0.7018 0.1913 -0.6862
vn 0.7343 0.1384 -0.6645
vn 0.7268 0.3599 -0.5849
vn 0.7379 0.3656 -0.5673
vn 0.7541 -0.5279 -0.3907
vn 0.6208 -0.5687 -0.5397
vn 0.6767 0.5847 -0.4474
vn 0.7699 0.2360 -0.5929
vn 0.7177 0.2370 -0.6548
vn 0.3493 0.1522 -0.9246
vn 0.7857 -0.0142 -0.6184
vn 0.7596 0.1416 -0.6348
vn 0.3261 -0.1083 -0.9391
vn 0.7628 0.1148 -0.6363
vn 0.1658 -0.1809 -0.9694
vn 0.8065 -0.0623 -0.5879
vn 0.8086 -0.0704 -0.5842
vn 0.8085 -0.0652 -0.5849
vn 0.5664 -0.2715 -0.7781
vn 0.8486 0.3680 -0.3801
vn 0.8169 0.0798 -0.5712
vn 0.8415 0.1741 -0.5114
vn 0.8365 0.1760 -0.5189
vn 0.8320 0.1863 -0.5226
vn 0.8651 0.1801 -0.4681
vn 0.7822 0.3313 -0.5277
vn 0.8899 0.1110 -0.4424
vn 0.7162 0.5423 -0.4393
vn 0.7174 0.4874 -0.4978
vn 0.7193 0.5082 -0.4736
vn 0.9430 0.0887 -0.3208
vn 0.7180 0.4689 -0.5144
vn 0.6558 0.5682 -0.4970
vn 0.0551 -0.3537 0.9337
vn 0.7766 0.5479 -0.3110
vn 0.3289 0.6791 -0.6562
vn 0.7757 0.3624 -0.5167
vn 0.7916 0.3241 -0.5180
vn 0.7847 0.6116 -0.1014
vn 0.7834 0.6125 -0.1057
vn 0.7882 0.6071 -0.1004
vn 0.7042 0.4294 -0.5654
vn 0.9076 0.1298 -0.3993
vn 0.7386 0.4114 -0.5340
vn 0.9092 0.1259 -0.3969
vn 0.9751 -0.1566 0.1571
vn 0.9745 -0.1561 0.1614
vn 0.9731 -0.1633 0.1625
vn 0.9048 0.2796 -0.3211
vn 0.8498 0.0455 -0.5251
vn 0.7325 -0.1305 -0.6682
vn 0.8148 0.0808 -0.5741
vn 0.9201 0.0710 -0.3853
vn 0.9012 0.2908 -0.3213
vn 0.8176 0.3559 -0.4526
vn 0.8727 0.4214 -0.2467
vn 0.6700 0.1019 0.7353
vn 0.8375 0.4449 -0.3174
vn 0.9299 0.3676 0.0158
vn 0.8908 0.0617 -0.4502
vn 0.8821 0.0616 -0.4670
vn 0.8842 0.0633 -0.4629
vn 0.8588 0.4217 -0.2908
vn 0.8628 0.1892 -0.4687
vn 0.8783 -0.2907 -0.3796
vn 0.8937 -0.1979 -0.4026
vn 0.8406 0.1572 -0.5184
vn 0.8787 0.2072 -0.4301
vn 0.7770 0.2493 -0.5780
vn 0.8726 0.4106 -0.2645
vn 0.8962 0.2974 -0.3293
vn 0.8907 0.4336 -0.1366
vn 0.8858 0.4430 -0.1383
vn 0.8883 0.4406 -0.1296
vn 0.8721 -0.0477 -0.4869
vn 0.8079 -0.5150 -0.2865
vn 0.8870 0.4617 -0.0042
vn 0.8683 0.4637 -0.1765
vn 0.8853 0.4187 -0.2023
vn 0.9457 0.0634 -0.3189
vn 0.9003 0.1477 -0.4095
vn 0.2330 -0.0494 0.9712
vn 0.9486 0.2139 -0.2334
vn 0.8014 0.3884 -0.4549
vn 0.9253 0.2054 -0.3187
vn 0.9539 0.1349 -0.2680
vn 0.8972 -0.1339 -0.4208
vn 0.8935 -0.1357 -0.4281
vn 0.9038 -0.1353 -0.4061
vn 0.6580 0.5302 -0.5347
vn 0.8841 0.1275 -0.4496
vn 0.9755 -0.1069 -0.1921
vn 0.8972 -0.3279 -0.2959
vn 0.8735 0.0448 -0.4847
vn 0.8307 0.1498 -0.5362
vn 0.8424 0.3866 -0.3754
vn 0.6457 0.2916 -0.7057
vn 0.9065 0.3018 -0.2952
vn 0.9179 0.3133 -0.2434
vn 0.5926 -0.3841 -0.7080
vn 0.5944 -0.3751 -0.7113
vn 0.5964 -0.3786 -0.7077
vn 0.6876 0.4043 -0.6031
vn -0.9939 0.1032 0.0391
vn 0.8534 0.4779 -0.2084
vn 0.8450 0.4702 -0.2546
vn 0.8443 0.4701 -0.2573
vn 0.8429 0.4725 -0.2574
vn 0.9737 0.0816 -0.2126
vn 0.9230 -0.1486 -0.3550
vn 0.9670 0.0086 -0.2545
vn 0.7210 0.6582 0.2168
vn 0.8098 0.5114 -0.2875
vn 0.8878 0.3737 -0.2688
vn 0.8680 0.4366 -0.2366
vn 0.9548 -0.0712 -0.2885
vn 0.9508 -0.1491 -0.2716
vn 0.9773 -0.1792 -0.1128
vn 0.9783 -0.1692 -0.1199
vn 0.9539 0.2328 -0.1892
vn 0.7922 0.5153 -0.3269
vn 0.9443 0.1639 -0.2854
vn 0.9403 -0.3180 -0.1210
vn 0.9390 -0.3249 -0.1130
vn 0.9416 -0.3182 -0.1107
vn 0.9108 0.1056 -0.3991
vn 0.9431 0.2423 -0.2276
vn 0.9318 0.2922 -0.2153
vn 0.4218 -0.5608 0.7125
vn 0.9166 0.3432 -0.2052
vn 0.9216 -0.0294 -0.3870
vn 0.9212 0.1868 0.3414
vn 0.9209 0.1865 0.3423
vn 0.9198 0.1900 0.3435
vn 0.8987 0.3748 -0.2277
vn 0.9811 -0.1933 0.0040
vn 0.9691 -0.1186 -0.2161
vn 0.9613 -0.2387 -0.1378
vn 0.9351 0.2478 -0.2532
vn 0.9152 0.3522 -0.1960
vn 0.8949 0.1011 -0.4347
vn 0.8568 0.2729 -0.4376
vn 0.9420 -0.2849 -0.1776
vn 0.9319 -0.3480 -0.1027
vn 0.9284 -0.3615 -0.0858
vn -0.0244 0.9359 0.3513
vn 0.8349 0.5086 -0.2102
vn 0.8037 0.5804 -0.1312
vn 0.8567 0.4676 -0.2176
vn 0.8290 0.5229 -0.1984
vn 0.9573 -0.2068 -0.2018
vn 0.8694 0.2240 -0.4403
vn 0.9225 0.1822 -0.3404
vn 0.9584 0.0692 -0.2769
vn 0.1912 0.5677 -0.8007
vn 0.9352 0.2435 -0.2571
vn 0.4171 0.5278 -0.7399
vn 0.7569 0.6492 -0.0751
vn 0.9718 0.1410 -0.1890
vn 0.8810 0.4120 -0.2326
vn 0.8788 0.4145 -0.2366
vn 0.8770 0.4184 -0.2363
vn 0.9078 0.3517 -0.2283
vn 0.9710 -0.0239 -0.2380
vn 0.9809 0.0318 -0.1918
vn 0.9905 -0.0740 -0.1158
vn 0.9904 0.0360 -0.1331
vn 0.9639 0.2023 -0.1734
vn 0.8902 0.3920 -0.2320
vn 0.9857 -0.1643 0.0376
vn 0.9523 0.2379 -0.1912
vn 0.9552 0.2015 -0.2168
vn 0.9540 0.2006 -0.2227
vn 0.9545 0.1941 -0.2262
vn 0.9347 -0.2253 -0.2749
vn 0.9769 -0.0799 -0.1983
vn 0.9795 -0.0687 -0.1893
vn 0.9017 -0.4154 -0.1202
vn 0.9172 0.3002 -0.2621
vn 0.9679 0.0714 -0.2410
vn 0.9586 0.2207 -0.1798
vn 0.9523 -0.0913 -0.2911
vn 0.9657 0.0453 -0.2558
vn 0.1077 -0.9752 0.1933
vn 0.9840 -0.0342 -0.1747
vn 0.9705 -0.0706 -0.2306
vn 0.9578 0.1378 -0.2522
vn 0.9587 0.1249 -0.2554
vn 0.9883 0.1064 -0.1095
vn 0.9614 -0.1107 -0.2520
vn 0.8717 0.4289 -0.2369
vn 0.8754 0.4202 -0.2388
vn 0.8739 0.4230 -0.2396
vn 0.9665 0.1386 -0.2158
vn 0.9337 0.2296 -0.2748
vn 0.9259 0.2725 -0.2617
vn 0.8981 0.3712 -0.2359
vn 0.8832 0.3557 -0.3056
vn 0.8804 0.3629 -0.3051
vn 0.8806 0.3636 -0.3038
vn 0.0428 0.9972 -0.0620
vn 0.9309 -0.1494 -0.3334
vn 0.9603 -0.0241 -0.2778
vn 0.8760 0.3674 -0.3125
vn 0.9719 0.1148 -0.2057
vn 0.9256 0.2370 -0.2951
vn 0.8297 0.4828 -0.2801
vn 0.8291 0.4797 -0.2873
vn 0.8289 0.4791 -0.2887
vn 0.9762 0.1751 -0.1281
vn 0.9629 0.0056 -0.2700
vn 0.9602 -0.0068 -0.2792
vn 0.9552 -0.0181 -0.2955
vn 0.9475 0.1694 -0.2713
vn 0.9477 0.1792 -0.2642
vn 0.9503 0.1710 -0.2602
vn 0.8555 0.4539 -0.2493
vn 0.8259 0.5000 -0.2607
vn 0.8523 0.4499 -0.2667
vn 0.8094 0.5365 -0.2390
vn 0.8955 0.3353 -0.2928
vn 0.8730 0.4353 -0.2199
vn 0.8378 0.4368 -0.3276
vn 0.8383 0.4343 -0.3296
vn 0.8372 0.4376 -0.3280
vn 0.8691 0.4390 -0.2281
vn 0.8717 0.4326 -0.2302
vn 0.8722 0.4302 -0.2328
vn 0.8808 0.3755 -0.2884
vn 0.8695 0.3982 -0.2924
vn 0.9673 0.0204 -0.2529
vn 0.9904 0.0677 -0.1209
vn 0.9923 0.0058 -0.1235
vn 0.9867 0.1044 -0.1245
vn 0.9912 -0.0546 -0.1204
vn 0.9263 0.2070 -0.3147
vn 0.9262 0.2711 -0.2619
vn 0.9703 0.0784 -0.2289
vn 0.9653 0.1198 -0.2320
vn 0.9709 0.0784 -0.2261
vn 0.9649 0.1263 -0.2302
vn 0.8168 0.5083 -0.2729
vn 0.8973 0.4226 -0.1271
vn 0.9686 0.0842 -0.2338
vn 0.9699 0.0823 -0.2293
vn 0.9678 0.0830 -0.2376
vn 0.9238 0.2434 -0.2956
vn 0.9886 0.1374 -0.0621
vn 0.8866 0.3769 -0.2681
vn 0.9505 0.2617 -0.1677
vn 0.9687 -0.0671 -0.2390
vn 0.9646 -0.0399 -0.2606
vn 0.9691 -0.0847 -0.2315
vn 0.9544 0.0971 -0.2825
vn 0.9553 0.0964 -0.2794
vn 0.9553 0.0940 -0.2804
vn 0.9180 0.2350 -0.3196
vn 0.9152 0.2467 -0.3186
vn 0.9192 0.2385 -0.3135
vn 0.8808 0.3850 -0.2757
vn 0.8240 0.4807 -0.2999
vn 0.8220 0.4854 -0.2980
vn 0.8242 0.4805 -0.2997
vn 0.8614 0.2192 -0.4582
vn 0.9199 0.1324 -0.3690
vn 0.9087 0.1408 -0.3931
vn 0.9722 -0.1170 -0.2028
vn 0.9667 -0.0306 -0.2542
vn 0.9590 0.0106 -0.2831
vn 0.9603 -0.0602 -0.2724
vn 0.9690 0.0242 -0.2458
vn 0.8839 0.3487 -0.3117
vn 0.8838 0.3525 -0.3077
vn 0.8896 0.3411 -0.3038
vn 0.9019 0.3535 -0.2480
vn 0.8419 0.4619 -0.2792
vn 0.8865 0.3674 -0.2814
vn 0.8796 0.4114 -0.2387
vn 0.9570 0.0921 -0.2749
vn 0.9600 0.0755 -0.2696
vn 0.9595 0.0804 -0.2701
vn 0.9205 0.2372 -0.3104
vn 0.8365 0.4756 -0.2723
vn 0.8723 0.2808 -0.4003
vn 0.8697 0.2887 -0.4002
vn 0.8722 0.2896 -0.3942
vn 0.6551 0.7161 -0.2409
vn 0.9446 0.1363 -0.2986
vn 0.8936 0.3135 -0.3212
vn 0.8005 0.4938 -0.3397
vn 0.8753 0.3958 -0.2778
vn 0.9529 -0.0353 -0.3012
vn 0.9311 -0.1900 -0.3115
vn 0.9051 0.1142 -0.4095
vn 0.9254 0.1282 -0.3566
vn 0.9242 0.1302 -0.3589
vn 0.8513 0.4014 -0.3380
vn 0.8531 0.3997 -0.3353
vn 0.8797 0.3591 -0.3118
vn 0.7610 0.5764 -0.2977
vn 0.8072 0.5003 -0.3131
vn 0.9533 0.0746 -0.2928
vn 0.9472 0.1765 -0.2678
vn 0.9640 0.0552 -0.2600
vn 0.9646 0.1151 -0.2374
vn 0.9606 0.1245 -0.2487
vn 0.9544 0.0143 -0.2982
vn 0.9482 0.1361 -0.2870
vn 0.9556 0.1642 -0.2446
vn 0.9470 0.0229 -0.3204
vn 0.9450 -0.0422 -0.3244
vn 0.9501 -0.0760 -0.3025
vn 0.8840 0.4042 -0.2347
vn 0.8856 0.3998 -0.2363
vn 0.8850 0.3971 -0.2430
vn 0.9367 -0.1147 -0.3308
vn 0.9363 0.2463 -0.2502
vn 0.6788 0.5192 -0.5193
vn 0.6830 0.5187 -0.5143
vn 0.6815 0.5213 -0.5136
vn 0.9463 0.0878 -0.3111
vn 0.8449 -0.5258 0.0986
vn 0.9440 0.1420 -0.2980
vn 0.9537 0.1980 -0.2264
vn 0.8785 0.4170 -0.2332
vn 0.8676 0.4478 -0.2162
vn 0.8752 0.4313 -0.2191
vn 0.8944 0.3646 -0.2592
vn 0.8710 0.4089 -0.2722
vn -0.7460 -0.5947 0.2996
vn 0.9385 -0.0382 -0.3431
vn 0.9160 -0.0378 -0.3994
vn 0.9506 0.0634 -0.3038
vn 0.9470 -0.0018 -0.3213
vn 0.9617 0.1271 -0.2429
vn 0.9550 0.0210 -0.2958
vn 0.9543 -0.0365 -0.2965
vn 0.9369 -0.2125 -0.2778
vn 0.9328 -0.1585 0.3237
vn 0.9338 -0.1619 0.3192
vn 0.9330 -0.1588 0.3229
vn 0.9615 0.0709 -0.2654
vn 0.9355 0.1862 -0.3004
vn 0.9569 -0.0254 -0.2892
vn 0.8729 0.4155 -0.2557
vn 0.9471 -0.0715 -0.3128
vn 0.9476 -0.0637 -0.3130
vn 0.9484 -0.0725 -0.3087
vn 0.9676 0.0580 -0.2459
vn 0.9389 0.0313 -0.3427
vn 0.9136 -0.1086 -0.3917
vn 0.9398 0.0438 -0.3389
vn 0.9446 0.1635 -0.2845
vn 0.9306 -0.0275 -0.3649
vn 0.9060 -0.2168 -0.3635
vn 0.9389 0.0812 -0.3344
vn 0.9046 -0.0132 -0.4260
vn 0.9028 0.0734 -0.4238
vn 0.9021 0.0813 -0.4238
vn 0.8862 0.1779 -0.4277
vn 0.9092 0.2637 -0.3223
vn 0.9009 0.1950 -0.3877
vn 0.4003 0.8929 -0.2061
vn 0.3967 0.8941 -0.2077
vn 0.3972 0.8940 -0.2072
vn 0.8204 0.4847 -0.3034
vn 0.8147 0.4970 -0.2989
vn 0.8152 0.4923 -0.3051
vn 0.9063 -0.2033 -0.3706
vn 0.9053 -0.2079 -0.3703
vn 0.9068 -0.2066 -0.3675
vn 0.9677 0.1131 -0.2253
vn 0.9835 0.0503 -0.1740
vn 0.9865 0.0232 -0.1620
vn 0.9438 0.1914 -0.2693
vn 0.9799 -0.0337 -0.1965
vn 0.9792 -0.0349 -0.1998
vn 0.9790 -0.0356 -0.2005
vn 0.7450 0.1969 0.6373
vn 0.7454 0.2104 0.6326
vn 0.7368 0.2057 0.6440
vn 0.7878 0.4072 -0.4622
vn 0.7744 0.4118 -0.4804
vn 0.7849 0.4151 -0.4600
vn 0.9083 0.0773 -0.4111
vn 0.9335 -0.0186 -0.3580
vn 0.9389 -0.0135 -0.3439
vn 0.9600 0.2454 -0.1345
vn 0.9217 0.2908 -0.2568
vn 0.9581 0.2463 -0.1463
vn 0.9899 0.0098 -0.1413
vn 0.9475 -0.0603 -0.3139
vn 0.9483 -0.0287 -0.3162
vn 0.8565 0.2457 -0.4538
vn 0.8875 0.2676 -0.3752
vn 0.8622 0.2782 -0.4233
vn 0.8950 0.3058 -0.3247
vn 0.9096 0.3876 -0.1498
vn 0.9391 -0.0893 -0.3318
vn 0.9539 -0.0117 -0.2999
vn 0.9526 -0.0219 -0.3036
vn 0.9646 0.0416 -0.2604
vn 0.9673 0.0484 -0.2490
vn 0.6818 0.3900 -0.6189
vn 0.7875 0.4425 -0.4289
vn 0.8953 0.2360 -0.3778
vn 0.8713 0.3627 -0.3305
vn 0.4752 -0.7781 -0.4107
vn 0.4773 -0.7775 -0.4094
vn 0.4762 -0.7800 -0.4061
vn 0.9326 0.1775 -0.3142
vn 0.9480 0.1732 -0.2669
vn 0.9490 0.1696 -0.2659
vn 0.9479 0.1746 -0.2664
vn 0.8379 0.5240 0.1527
vn 0.9065 0.4218 -0.0194
vn 0.9268 0.1969 -0.3199
vn 0.9269 0.1947 -0.3209
vn 0.9294 0.1849 -0.3194
vn 0.8330 -0.2470 0.4951
vn 0.8346 -0.2458 0.4929
vn 0.8329 -0.2448 0.4964
vn 0.7586 0.6403 -0.1202
vn 0.8667 0.1281 -0.4822
vn 0.8890 0.3320 -0.3154
vn 0.9509 -0.1066 -0.2904
vn 0.9464 -0.1119 -0.3031
vn 0.9508 -0.1055 -0.2914
vn 0.5091 0.6187 -0.5983
vn 0.6794 0.5466 -0.4895
vn 0.9050 0.3528 -0.2378
vn 0.9647 0.2566 0.0597
vn 0.9455 0.3054 0.1133
vn 0.9108 0.0372 0.4112
vn 0.9852 0.1249 -0.1177
vn 0.9637 0.2382 -0.1203
vn 0.9681 0.0571 -0.2438
vn 0.9687 0.1161 -0.2196
vn 0.9697 0.0821 -0.2301
vn 0.9681 0.1422 -0.2064
vn 0.9371 0.3394 -0.0818
vn 0.9560 0.0732 -0.2840
vn 0.9579 0.0631 -0.2800
vn 0.9664 0.0876 -0.2416
vn 0.8465 0.2748 -0.4559
vn 0.8472 0.2699 -0.4575
vn 0.8470 0.2698 -0.4580
vn 0.9515 0.0305 -0.3062
vn 0.9523 0.0330 -0.3033
vn 0.9499 0.0313 -0.3109
vn 0.9400 0.3406 -0.0213
vn 0.9418 0.3354 -0.0238
vn 0.9396 0.3413 -0.0252
vn 0.9382 0.2990 -0.1743
vn 0.7333 0.6797 0.0181
vn 0.7336 0.6794 0.0159
vn 0.7325 0.6807 -0.0066
vn 0.8771 -0.4174 -0.2377
vn 0.8651 -0.4440 -0.2332
vn 0.6884 -0.7068 -0.1629
vn 0.9550 0.2018 -0.2174
vn 0.9232 0.1455 -0.3556
vn 0.9565 -0.0407 -0.2889
vn 0.9785 0.0625 -0.1965
vn 0.8872 0.4143 -0.2029
vn 0.3096 0.6320 0.7105
vn 0.9366 0.2019 -0.2863
vn 0.9977 -0.0133 -0.0661
vn 0.8966 0.4102 0.1665
vn 0.8356 0.3805 0.3963
vn 0.8215 0.3746 0.4299
vn 0.9632 0.0365 -0.2662
vn 0.9594 0.2722 -0.0744
vn 0.6162 0.2924 0.7313
vn 0.9887 0.0437 -0.1432
vn 0.9739 0.1766 -0.1426
vn 0.9379 -0.1522 -0.3116
vn 0.9211 -0.2283 -0.3152
vn 0.7955 -0.3671 -0.4821
vn 0.9222 0.3840 -0.0460
vn -0.4646 -0.6513 -0.6000
vn 0.9834 0.0252 -0.1797
vn 0.9852 0.0230 -0.1700
vn 0.9845 0.0325 -0.1723
vn 0.9725 0.1208 -0.1989
vn 0.9733 0.1117 -0.2006
vn 0.9761 0.1166 -0.1834
vn 0.8661 0.4970 0.0535
vn 0.9846 0.0088 -0.1745
vn 0.9727 0.0747 -0.2198
vn 0.9919 -0.0477 -0.1177
vn 0.9868 0.0054 -0.1621
vn 0.9875 0.0077 -0.1577
vn 0.9839 -0.0042 -0.1785
vn 0.9672 0.1168 -0.2258
vn 0.9679 0.1318 -0.2142
vn 0.9939 0.0014 -0.1103
vn 0.9856 0.0483 -0.1621
vn 0.9914 0.0241 -0.1289
vn 0.9914 0.0275 -0.1280
vn 0.9889 0.0254 -0.1461
vn 0.9930 -0.0382 -0.1114
vn 0.9852 0.0017 -0.1715
vn 0.9900 -0.0135 -0.1405
vn 0.9954 -0.0767 -0.0571
vn 0.9962 0.0028 -0.0875
vn 0.9903 0.0013 -0.1389
vn 0.9914 0.0105 -0.1307
vn 0.9936 0.0335 -0.1081
vn 0.9883 -0.0104 -0.1519
vn 0.9887 -0.0080 -0.1496
vn 0.9916 -0.0083 -0.1289
vn 0.9918 -0.0114 -0.1274
vn 0.9908 -0.0083 -0.1349
vn 0.9911 -0.0000 -0.1335
vn 0.9897 0.0078 -0.1428
vn 0.9852 -0.0000 -0.1717
vn 0.9903 0.0130 -0.1383
vn 0.9986 0.0378 -0.0382
vn 0.9982 -0.0349 0.0478
vn 0.9989 0.0376 0.0263
vn 0.9887 -0.0093 -0.1497
vn 0.9923 -0.0115 -0.1236
vn 0.9822 -0.0324 -0.1851
vn 0.9923 -0.0085 -0.1239
vn 0.9957 -0.0089 -0.0921
vn 0.9720 0.0083 -0.2349
vn 0.9963 -0.0119 -0.0848
vn 0.9949 -0.0095 -0.1008
vn 0.9963 -0.0072 -0.0859
vn 0.7750 0.4900 0.3991
vn 0.9965 0.0544 0.0634
vn 0.9941 -0.0083 -0.1081
vn 0.9922 0.0109 -0.1238
vn 0.9928 0.0103 -0.1190
vn 0.9932 0.0224 -0.1143
vn 0.9926 0.0046 -0.1210
vn 0.9931 0.0059 -0.1172
vn 0.9893 0.0314 -0.1423
vn 0.9892 0.0291 -0.1440
vn 0.9891 0.0325 -0.1436
vn 0.9972 -0.0673 -0.0336
vn 0.9924 -0.0182 -0.1220
vn 0.9717 -0.1038 -0.2123
vn 0.7055 0.1801 0.6854
vn 0.7124 0.1454 0.6866
vn 0.7023 0.1890 0.6864
vn 0.7483 0.6594 0.0730
vn 0.7481 0.6596 0.0727
vn 0.9940 -0.0948 0.0549
vn 0.6794 -0.2518 0.6893
vn 0.9948 -0.0919 0.0443
vn 0.9970 -0.0766 -0.0094
vn 0.9493 0.2734 0.1554
vn 0.1409 -0.0540 0.9886
vn 0.1612 -0.0205 0.9867
vn 0.1478 0.0158 0.9889
vn 0.7239 0.6139 -0.3148
vn 0.6297 0.1702 -0.7579
vn 0.4323 0.0298 -0.9012
vn 0.1384 -0.3352 -0.9319
vn 0.9624 0.0965 0.2538
vn 0.9624 0.0976 0.2537
vn 0.9623 0.0974 0.2540
vn 0.7484 0.1787 -0.6387
vn 0.0961 0.0475 0.9942
vn 0.9289 0.2266 -0.2929
vn 0.7392 0.1773 -0.6497
vn 0.6832 0.1612 -0.7122
vn 0.6839 0.1618 -0.7114
vn 0.6925 0.1623 -0.7029
vn 0.6982 0.1620 -0.6974
vn 0.8241 0.5432 -0.1607
vn 0.8744 0.4828 0.0480
vn 0.9217 0.3689 -0.1203
vn 0.7549 0.5455 0.3641
vn 0.9445 0.3267 0.0339
vn 0.5225 0.2368 0.8191
vn -0.5008 0.0947 0.8603
vn 0.9332 0.3591 0.0159
vn 0.9273 0.3731 0.0307
vn 0.9203 0.3749 0.1121
vn 0.9194 0.3786 0.1071
vn 0.9193 0.3775 0.1110
vn 0.9863 0.1571 0.0510
vn 0.9865 0.1559 0.0506
vn 0.9891 0.1450 0.0246
vn -0.8147 -0.2502 0.5232
vn -0.7141 -0.2540 0.6524
vn -0.6174 -0.2627 0.7415
vn -0.7220 -0.3900 0.5715
vn -0.7146 -0.3931 0.5787
vn -0.7223 -0.3827 0.5761
vn -0.6750 -0.6260 0.3906
vn -0.7571 -0.5448 0.3606
vn -0.8027 -0.4937 0.3347
vn -0.8338 -0.2439 0.4953
vn -0.8371 -0.4456 0.3172
vn -0.8539 -0.2250 0.4692
vn -0.8314 -0.3109 0.4606
vn -0.8437 -0.2423 0.4790
vn -0.8337 -0.2892 0.4704
vn -0.8592 -0.2004 0.4707
vn -0.8337 -0.4514 0.3181
vn -0.7648 -0.5545 0.3281
vn -0.8306 -0.4995 0.2463
vn -0.8151 -0.4509 0.3636
vn -0.8277 -0.2608 0.4968
vn -0.6892 0.6188 0.3769
vn -0.7309 0.5417 0.4152
vn -0.9233 0.2747 0.2684
vn -0.9668 -0.1205 0.2251
vn -0.9352 -0.1998 0.2924
vn -0.9680 -0.1031 0.2289
vn -0.8645 0.3312 0.3782
vn -0.9449 -0.1646 0.2830
vn -0.9713 0.0420 0.2342
vn -0.9765 0.0097 0.2153
vn -0.9165 -0.2466 0.3150
vn -0.9596 -0.1412 0.2433
vn -0.9077 -0.2749 0.3169
vn -0.8780 -0.4506 0.1613
vn -0.9230 0.0739 0.3776
vn -0.9609 -0.1191 0.2501
vn -0.6012 -0.7990 -0.0112
vn -0.9707 -0.1048 0.2164
vn -0.9107 -0.2421 0.3348
vn -0.9809 -0.1211 0.1519
vn -0.9630 -0.1884 0.1928
vn -0.9817 -0.0507 0.1834
vn -0.9081 0.3975 -0.1320
vn -0.3176 -0.9462 -0.0617
vn -0.8011 -0.3503 0.4852
vn -0.5163 -0.8546 -0.0561
vn 0.3879 -0.8842 -0.2602
vn 0.3968 -0.8837 -0.2482
vn 0.3943 -0.8865 -0.2423
vn 0.3288 -0.9425 -0.0600
vn 0.2868 -0.9573 -0.0364
vn 0.2956 -0.9549 -0.0278
vn 0.2617 -0.9646 -0.0316
vn 0.2839 -0.9571 -0.0576
vn 0.2973 -0.9542 -0.0334
vn -0.9983 -0.0248 0.0536
vn -0.9165 0.3915 -0.0822
vn -0.7518 -0.4603 0.4722
vn -0.9739 0.2234 -0.0387
vn -0.9989 0.0190 -0.0423
vn -0.9535 -0.2558 -0.1591
vn -0.9717 -0.2210 0.0840
vn -0.9798 -0.2000 -0.0051
vn -0.8818 0.4709 -0.0264
vn -0.9780 0.2013 0.0543
vn -0.9797 -0.0898 0.1789
vn -0.9834 -0.0996 0.1515
vn -0.9460 0.3231 -0.0257
vn -0.9892 0.1417 -0.0387
vn -0.9719 0.2270 0.0621
vn -0.9769 0.1922 0.0930
vn -0.9375 0.3092 0.1597
vn -0.9010 0.4300 0.0578
vn -0.9348 0.3538 0.0324
vn -0.7850 0.3804 -0.4889
vn -0.8023 0.4740 0.3629
vn -0.3462 0.0859 -0.9342
vn 0.4336 0.1597 -0.8868
vn -0.9167 0.2973 0.2668
vn -0.9770 -0.1472 0.1545
vn -0.8227 -0.0886 0.5616
vn -0.8998 0.2841 0.3311
vn -0.7823 0.4901 0.3846
vn -0.8943 0.4061 0.1881
vn -0.8659 0.4422 -0.2339
vn -0.8734 0.4073 -0.2672
vn -0.6292 0.7192 -0.2947
vn -0.6179 0.7342 0.2813
vn -0.6270 0.7216 0.2936
vn -0.5936 0.7588 0.2679
vn -0.9522 0.2438 -0.1841
vn -0.9307 0.3099 0.1945
vn -0.9324 0.3066 0.1914
vn -0.9371 0.2541 0.2392
vn -0.9605 0.2342 -0.1505
vn -0.9763 0.0958 -0.1938
vn -0.5714 0.3470 -0.7437
vn -0.4896 0.5482 -0.6780
vn -0.5002 0.3975 -0.7693
vn 0.4081 -0.2410 0.8805
vn 0.4301 -0.2445 0.8691
vn 0.4117 -0.2374 0.8799
vn 0.7278 -0.6683 -0.1539
vn 0.7260 -0.6694 -0.1574
vn 0.7281 -0.6674 -0.1563
vn 0.5512 -0.5371 0.6385
vn 0.5328 -0.3845 0.7538
vn 0.4917 -0.2905 0.8209
vn 0.9784 -0.1385 -0.1536
vn 0.6057 -0.4720 0.6406
vn 0.9312 -0.3461 0.1143
vn 0.9525 -0.3038 -0.0200
vn 0.7167 -0.5962 -0.3618
vn 0.5334 -0.3861 0.7526
vn 0.5317 -0.3930 0.7502
vn 0.5367 -0.3828 0.7520
vn 0.7502 -0.6172 0.2373
vn 0.7523 -0.6198 0.2234
vn 0.7559 -0.6139 0.2275
vn 0.9934 0.0819 -0.0806
vn 0.9997 -0.0131 0.0189
vn 0.7892 -0.3526 0.5028
vn 0.9973 0.0584 -0.0448
vn 0.5518 -0.6093 0.5695
vn 0.5587 -0.4959 0.6648
vn 0.9424 -0.3219 0.0907
vn 0.8712 -0.4909 -0.0070
vn 0.8958 -0.4358 0.0874
vn 0.9846 -0.1078 -0.1375
vn 0.9924 -0.1226 -0.0087
vn 0.9813 -0.1904 -0.0281
vn 0.9899 -0.0366 -0.1372
vn 0.9864 0.1140 0.1185
vn 0.9999 0.0058 -0.0109
vn 0.9965 0.0832 -0.0104
vn 0.9802 0.0724 -0.1842
vn 0.9966 -0.0419 0.0714
vn 0.9916 -0.1295 -0.0045
vn 0.9984 0.0417 0.0376
vn 0.9877 0.1075 -0.1133
vn 0.9897 0.0495 -0.1347
vn 0.9909 0.1333 0.0161
vn 0.9876 -0.0132 -0.1563
vn 0.9830 -0.1835 0.0056
vn 0.7688 -0.5743 0.2812
vn 0.9911 -0.1202 -0.0566
vn 0.8289 0.2821 0.4831
vn 0.7971 -0.1058 0.5945
vn 0.8464 0.0684 0.5282
vn 0.9766 -0.1414 -0.1620
vn -0.5190 0.1176 -0.8466
vn -0.5180 0.1172 -0.8473
vn -0.5189 0.1183 -0.8466
vn 0.6170 0.0934 0.7814
vn 0.8672 0.1832 0.4631
vn 0.9651 0.2373 0.1105
vn 0.9400 0.0469 -0.3380
vn 0.9616 -0.0287 -0.2729
vn 0.9868 -0.1138 0.1156
vn 0.9372 0.2572 -0.2357
vn 0.9087 -0.3900 -0.1489
vn 0.9402 -0.3220 -0.1114
vn 0.8693 -0.3918 -0.3013
vn 0.9998 0.0030 0.0212
vn 0.9998 0.0047 0.0212
vn 0.9997 -0.0004 0.0243
vn 0.0615 -0.1810 0.9816
vn 0.0612 -0.1850 0.9808
vn 0.0619 -0.1813 0.9815
vn 0.9991 -0.0345 0.0260
vn 0.9914 -0.0851 0.0993
vn 0.9986 -0.0305 0.0429
vn 0.9920 -0.1209 -0.0376
vn 0.9922 -0.1195 -0.0361
vn 0.9920 -0.1208 -0.0359
vn 0.9973 0.0441 -0.0579
vn 0.9367 0.2212 -0.2715
vn 0.9990 0.0145 -0.0424
vn 0.9434 0.1950 0.2682
vn 0.9435 0.1955 0.2675
vn 0.9954 0.0578 -0.0759
vn 0.9619 -0.2256 -0.1544
vn 0.9617 -0.2265 -0.1543
vn 0.9616 -0.2270 -0.1546
vn -0.5053 0.2465 0.8270
vn -0.4838 0.1342 0.8648
vn -0.5261 -0.0385 0.8496
vn -0.4207 0.4439 0.7912
vn -0.8326 -0.5309 -0.1581
vn -0.8291 -0.1658 -0.5340
vn -0.8551 -0.4088 -0.3188
vn -0.7500 -0.4578 -0.4775
vn -0.8402 -0.4502 -0.3023
vn -0.8069 -0.4404 -0.3936
vn -0.3725 0.7568 0.5371
vn -0.3587 0.7570 0.5461
vn -0.3646 0.7575 0.5416
vn -0.7521 -0.6349 0.1767
vn -0.5279 0.3250 0.7846
vn -0.9279 -0.1803 -0.3263
vn -0.9399 -0.2410 -0.2417
vn -0.9705 -0.2131 -0.1130
vn -0.9640 -0.2432 -0.1080
vn -0.6615 -0.6458 0.3812
vn -0.6055 0.3164 0.7303
vn -0.6027 0.3251 0.7288
vn -0.7392 0.2863 0.6096
vn -0.3293 0.3018 0.8947
vn -0.8352 -0.5320 -0.1393
vn 0.2702 0.9522 0.1424
vn -0.6521 -0.7580 -0.0171
vn -0.9794 -0.1816 -0.0877
vn -0.3487 -0.9362 0.0440
vn -0.7553 -0.6516 0.0705
vn -0.9046 -0.4261 -0.0123
vn -0.8059 0.5028 0.3127
vn -0.7693 0.4801 0.4215
vn -0.8499 0.4003 0.3426
vn -0.7871 -0.5327 0.3110
vn -0.7499 -0.4601 0.4754
vn -0.7516 0.4651 0.4677
vn -0.7435 -0.4579 0.4874
vn -0.8673 -0.4895 -0.0907
vn -0.9597 -0.2801 0.0228
vn -0.9822 -0.1131 0.1498
vn -0.9854 -0.0948 0.1414
vn -0.6846 0.4089 0.6034
vn -0.3412 -0.8489 -0.4036
vn -0.5008 -0.1080 -0.8588
vn -0.5322 -0.1243 -0.8375
vn -0.5197 -0.0801 -0.8506
vn -0.7504 0.5082 0.4226
vn -0.7286 0.5466 0.4128
vn -0.7531 0.5052 0.4215
vn -0.9627 -0.1842 -0.1983
vn -0.8870 -0.2533 -0.3862
vn -0.9957 -0.0848 0.0361
vn -0.9258 0.0280 0.3770
vn -0.8942 -0.1953 0.4028
vn -0.9978 -0.0597 -0.0291
vn -0.9669 -0.1453 0.2096
vn -0.9993 -0.0336 -0.0134
vn -0.6475 -0.3598 -0.6718
vn -0.6623 -0.3432 -0.6660
vn -0.6380 -0.3712 -0.6747
vn -0.9483 0.0252 0.3165
vn -0.6762 -0.3297 -0.6588
vn -0.8957 -0.4421 -0.0484
vn -0.9023 -0.4296 -0.0351
vn -0.8980 -0.4372 -0.0499
vn -0.8262 0.0111 0.5632
vn -0.7520 -0.1211 0.6479
vn -0.7536 -0.1280 0.6448
vn -0.7373 -0.1475 0.6592
vn -0.9957 -0.0887 -0.0285
vn -0.9965 -0.0307 -0.0776
vn -0.9740 0.0917 -0.2071
vn -0.8798 -0.3759 0.2910
vn -0.9826 0.1577 -0.0984
vn -0.9872 0.1184 -0.1068
vn -0.9766 0.2149 -0.0054
vn -0.9748 0.1967 -0.1056
vn -0.8864 0.0152 0.4627
vn -0.9375 -0.0869 0.3371
vn -0.9939 -0.0529 0.0971
vn -0.8812 0.0367 0.4712
vn -0.9577 -0.1016 0.2694
vn -0.9502 -0.2992 0.0875
vn -0.9919 -0.0613 -0.1115
vn -0.1678 -0.2103 0.9631
vn -0.6144 -0.0620 -0.7865
vn -0.9002 -0.3084 -0.3073
vn -0.9859 0.1541 0.0658
vn -0.9696 0.0488 0.2400
vn -0.9671 0.0288 -0.2529
vn -0.8923 -0.2633 -0.3666
vn -0.5588 0.8265 -0.0676
vn -0.5417 0.8363 -0.0841
vn -0.5641 0.8218 -0.0798
vn 0.0966 0.3683 0.9247
vn -0.7822 -0.3036 0.5441
vn -0.8212 -0.4264 0.3791
vn -0.8269 -0.4439 0.3453
vn -0.6722 -0.4238 0.6071
vn 0.1567 -0.9011 -0.4042
vn -0.9838 -0.1036 -0.1461
vn -0.9767 -0.0174 -0.2137
vn -0.9681 -0.1941 -0.1581
vn -0.9527 -0.2406 -0.1855
vn -0.9946 -0.0025 0.1039
vn -0.9972 -0.0358 0.0656
vn -0.7695 0.2198 0.5997
vn -0.9339 0.0006 0.3575
vn -0.9533 0.0223 0.3012
vn -0.9935 0.0981 -0.0573
vn -0.8858 0.1258 0.4467
vn -0.8151 0.0113 0.5792
vn -0.7859 0.5922 0.1779
vn -0.8023 0.5579 0.2122
vn -0.7865 0.5750 0.2254
vn -0.9920 0.0339 -0.1213
vn 0.2247 -0.2092 0.9517
vn -0.9526 0.1081 -0.2844
vn -0.9907 -0.1086 0.0818
vn -0.9336 0.0520 -0.3546
vn -0.8259 0.2913 0.4827
vn 0.4501 -0.2897 0.8447
vn 0.4125 -0.4224 0.8071
vn 0.4016 -0.3300 0.8543
vn 0.4182 -0.2032 0.8854
vn 0.4861 -0.6172 0.6187
vn 0.4942 -0.6534 0.5735
vn 0.4401 -0.6304 0.6394
vt 0.518673 0.101004
vt 0.529858 0.107908
vt 0.524699 0.093158
vt 0.543096 0.111513
vt 0.524658 0.178181
vt 0.543383 0.162541
vt 0.526027 0.180935
vt 0.546359 0.170227
vt 0.545034 0.166942
vt 0.523598 0.212321
vt 0.545834 0.193789
vt 0.546278 0.170525
vt 0.545314 0.222957
vt 0.522801 0.229157
vt 0.545892 0.230074
vt 0.545467 0.230291
vt 0.545093 0.241486
vt 0.545173 0.243744
vt 0.545996 0.232200
vt 0.522446 0.234018
vt 0.522062 0.298443
vt 0.526802 0.378110
vt 0.549130 0.386327
vt 0.532129 0.311967
vt 0.229078 0.706495
vt 0.238293 0.699567
vt 0.234041 0.696904
vt 0.237951 0.703488
vt 0.230069 0.707669
vt 0.229431 0.720523
vt 0.237971 0.715347
vt 0.228217 0.710194
vt 0.232777 0.741042
vt 0.456036 0.132575
vt 0.453349 0.127890
vt 0.469076 0.127660
vt 0.449063 0.134050
vt 0.439650 0.138086
vt 0.440458 0.127515
vt 0.482887 0.121550
vt 0.487848 0.109064
vt 0.489069 0.116719
vt 0.393827 0.136932
vt 0.400166 0.135985
vt 0.405716 0.137925
vt 0.497835 0.111817
vt 0.492219 0.107089
vt 0.495566 0.103271
vt 0.386245 0.130572
vt 0.376280 0.136769
vt 0.374974 0.136126
vt 0.372913 0.136373
vt 0.372211 0.137105
vt 0.366845 0.134405
vt 0.413560 0.134724
vt 0.395106 0.132561
vt 0.389666 0.124116
vt 0.370253 0.133371
vt 0.377333 0.117599
vt 0.382828 0.127047
vt 0.364686 0.130418
vt 0.363764 0.132646
vt 0.348853 0.128540
vt 0.360209 0.129156
vt 0.377312 0.118887
vt 0.387845 0.123963
vt 0.346651 0.135826
vt 0.341909 0.135599
vt 0.332319 0.136179
vt 0.332006 0.132824
vt 0.341089 0.128267
vt 0.330534 0.135357
vt 0.322426 0.135678
vt 0.325694 0.129626
vt 0.330636 0.130993
vt 0.354990 0.119299
vt 0.367502 0.113562
vt 0.319666 0.136113
vt 0.308668 0.134921
vt 0.318375 0.126982
vt 0.377890 0.111080
vt 0.353035 0.118717
vt 0.334822 0.118511
vt 0.363310 0.112439
vt 0.336693 0.118836
vt 0.314552 0.119153
vt 0.306661 0.133060
vt 0.284364 0.135270
vt 0.288527 0.131714
vt 0.274483 0.135924
vt 0.259765 0.132974
vt 0.282962 0.133921
vt 0.283642 0.131142
vt 0.278688 0.126561
vt 0.379778 0.109340
vt 0.372997 0.101628
vt 0.379420 0.099703
vt 0.372361 0.112269
vt 0.367786 0.110872
vt 0.370963 0.103958
vt 0.306130 0.124555
vt 0.301136 0.124811
vt 0.312368 0.117943
vt 0.389703 0.099657
vt 0.385358 0.096452
vt 0.391608 0.090138
vt 0.418839 0.086536
vt 0.419575 0.083820
vt 0.425127 0.082217
vt 0.409664 0.089816
vt 0.394257 0.096693
vt 0.404698 0.088411
vt 0.386014 0.101593
vt 0.416345 0.086024
vt 0.416349 0.086023
vt 0.413013 0.085108
vt 0.293882 0.118782
vt 0.419663 0.083459
vt 0.420003 0.078934
vt 0.424186 0.080686
vt 0.247666 0.134883
vt 0.234421 0.134985
vt 0.246966 0.125003
vt 0.383604 0.098323
vt 0.384024 0.097896
vt 0.383570 0.098461
vt 0.278502 0.126451
vt 0.266303 0.129096
vt 0.292004 0.118364
vt 0.285890 0.122593
vt 0.241147 0.126948
vt 0.398875 0.088026
vt 0.404433 0.087386
vt 0.402141 0.087269
vt 0.415946 0.080961
vt 0.265853 0.124753
vt 0.229045 0.124603
vt 0.262140 0.124580
vt 0.252822 0.121933
vt 0.258796 0.118083
vt 0.220827 0.134201
vt 0.197084 0.135765
vt 0.196516 0.129967
vt 0.262616 0.117990
vt 0.256014 0.130638
vt 0.241662 0.124800
vt 0.246753 0.118517
vt 0.246767 0.123722
vt 0.195415 0.135702
vt 0.182843 0.134971
vt 0.191800 0.133899
vt 0.230976 0.119136
vt 0.214609 0.119611
vt 0.235448 0.119390
vt 0.181363 0.132083
vt 0.189201 0.130972
vt 0.187787 0.124678
vt 0.179571 0.134664
vt 0.172849 0.134163
vt 0.181073 0.132005
vt 0.176396 0.125494
vt 0.230171 0.117942
vt 0.212993 0.118622
vt 0.197121 0.118133
vt 0.156079 0.134764
vt 0.159649 0.129348
vt 0.168114 0.132829
vt 0.193646 0.124784
vt 0.182647 0.123227
vt 0.173145 0.124538
vt 0.164816 0.127889
vt 0.164162 0.119292
vt 0.151157 0.126850
vt 0.122994 0.127582
vt 0.143875 0.131878
vt 0.119643 0.134312
vt 0.137549 0.123443
vt 0.149653 0.118185
vt 0.142177 0.121665
vt 0.140900 0.117233
vt 0.113955 0.124651
vt 0.105422 0.126325
vt 0.111119 0.120334
vt 0.116134 0.125657
vt 0.113227 0.119864
vt 0.119117 0.121859
vt 0.125560 0.124649
vt 0.124801 0.117754
vt 0.131294 0.117609
vt 0.076487 0.131249
vt 0.082839 0.139018
vt 0.074571 0.139491
vt 0.090904 0.126820
vt 0.084296 0.136890
vt 0.083080 0.119001
vt 0.113297 0.116961
vt 0.177638 0.095077
vt 0.153464 0.103059
vt 0.152313 0.099732
vt 0.129280 0.108493
vt 0.123315 0.114236
vt 0.121801 0.107221
vt 0.064115 0.121681
vt 0.114986 0.115351
vt 0.120722 0.109215
vt 0.068318 0.128410
vt 0.096987 0.119256
vt 0.108466 0.115812
vt 0.151856 0.103230
vt 0.133962 0.106160
vt 0.140842 0.092444
vt 0.129891 0.103434
vt 0.123377 0.099970
vt 0.154152 0.095407
vt 0.201711 0.088513
vt 0.194426 0.081359
vt 0.188543 0.073476
vt 0.186147 0.085659
vt 0.176142 0.081520
vt 0.151338 0.098380
vt 0.108117 0.113871
vt 0.134223 0.096558
vt 0.059973 0.132173
vt 0.047935 0.124528
vt 0.060350 0.119658
vt 0.122559 0.104093
vt 0.101300 0.109420
vt 0.074153 0.115258
vt 0.186222 0.085576
vt 0.186615 0.082912
vt 0.161410 0.082528
vt 0.152622 0.093075
vt 0.189437 0.079592
vt 0.097243 0.112589
vt 0.093603 0.115428
vt 0.101570 0.104515
vt 0.117284 0.102185
vt 0.108614 0.112935
vt 0.108287 0.105448
vt 0.104191 0.113260
vt 0.094930 0.094904
vt 0.087957 0.115969
vt 0.105323 0.099009
vt 0.186852 0.078244
vt 0.067616 0.116652
vt 0.068774 0.109989
vt 0.128942 0.087180
vt 0.065841 0.117407
vt 0.061921 0.112683
vt 0.056102 0.113156
vt 0.157395 0.084147
vt 0.122882 0.092882
vt 0.085513 0.101535
vt 0.082616 0.114385
vt 0.080249 0.102280
vt 0.075288 0.114653
vt 0.074851 0.109195
vt 0.077413 0.107540
vt 0.194582 0.057561
vt 0.189460 0.079536
vt 0.192953 0.078755
vt 0.148432 0.090327
vt 0.108814 0.092436
vt 0.116784 0.091608
vt 0.122409 0.091809
vt 0.176776 0.071014
vt 0.134540 0.093756
vt 0.131096 0.085294
vt 0.137129 0.089975
vt 0.148389 0.086578
vt 0.048144 0.110469
vt 0.124472 0.087357
vt 0.053016 0.111782
vt 0.057826 0.109316
vt 0.036876 0.117579
vt 0.035306 0.112046
vt 0.044774 0.109760
vt 0.186909 0.072324
vt 0.142831 0.082900
vt 0.154838 0.081795
vt 0.158126 0.078138
vt 0.161528 0.082442
vt 0.157919 0.081587
vt 0.029375 0.117483
vt 0.041576 0.108950
vt 0.154826 0.081161
vt 0.119899 0.086177
vt 0.030165 0.110675
vt 0.186268 0.058136
vt 0.135578 0.082809
vt 0.137502 0.081257
vt 0.078996 0.093343
vt 0.064447 0.107635
vt 0.049862 0.102480
vt 0.059726 0.095155
vt 0.115286 0.090690
vt 0.113456 0.091113
vt 0.112859 0.087687
vt 0.161223 0.077242
vt 0.157903 0.064430
vt 0.165590 0.060890
vt 0.073751 0.101305
vt 0.071598 0.105819
vt 0.069143 0.098008
vt 0.112465 0.082970
vt 0.123011 0.083825
vt 0.173514 0.071037
vt 0.073517 0.097837
vt 0.043004 0.107635
vt 0.036158 0.101007
vt 0.047413 0.103218
vt 0.025481 0.113362
vt 0.021324 0.114448
vt 0.019326 0.110086
vt 0.155837 0.076597
vt 0.151830 0.078399
vt 0.152148 0.071045
vt 0.085831 0.089196
vt 0.096362 0.086003
vt 0.171029 0.065230
vt 0.145874 0.069573
vt 0.028824 0.110751
vt 0.027179 0.106055
vt 0.035596 0.109287
vt 0.191193 0.055939
vt 0.019298 0.107985
vt 0.021713 0.103864
vt 0.023909 0.110061
vt 0.099217 0.084842
vt 0.109775 0.089125
vt 0.031232 0.102612
vt 0.108057 0.078881
vt 0.044915 0.098554
vt 0.024647 0.110304
vt 0.174019 0.055639
vt 0.140228 0.077863
vt 0.062300 0.094777
vt 0.120257 0.069567
vt 0.068379 0.098312
vt 0.088218 0.086743
vt 0.026910 0.105430
vt 0.028942 0.100503
vt 0.135999 0.072222
vt 0.103998 0.075932
vt 0.054396 0.095208
vt 0.091636 0.074195
vt 0.155977 0.060718
vt 0.149615 0.069604
vt 0.144772 0.064774
vt 0.015101 0.098993
vt 0.013406 0.102836
vt 0.016840 0.102224
vt 0.019284 0.103008
vt 0.085428 0.079266
vt 0.061968 0.087697
vt 0.072536 0.088744
vt 0.171668 0.061023
vt 0.053221 0.090371
vt 0.051208 0.095632
vt 0.047611 0.093494
vt 0.057658 0.092153
vt 0.059872 0.086979
vt 0.107962 0.078007
vt 0.104796 0.072999
vt 0.113022 0.068820
vt 0.030148 0.095230
vt 0.134281 0.069020
vt 0.061717 0.083999
vt 0.105964 0.069436
vt 0.018571 0.094108
vt 0.010651 0.105443
vt 0.002519 0.097838
vt 0.012044 0.098133
vt 0.039962 0.096242
vt 0.035496 0.091548
vt 0.024426 0.091931
vt 0.099113 0.070348
vt 0.074111 0.083121
vt 0.072154 0.075724
vt 0.056584 0.081681
vt 0.047382 0.086955
vt 0.060187 0.083949
vt 0.163956 0.047185
vt 0.165724 0.058363
vt 0.157729 0.053671
vt 0.078978 0.081245
vt 0.077437 0.077438
vt 0.084642 0.072178
vt 0.031485 0.091571
vt 0.027205 0.092463
vt 0.031666 0.089353
vt 0.049521 0.086649
vt 0.022011 0.090665
vt 0.030862 0.085708
vt 0.194106 0.051732
vt 0.188072 0.049320
vt 0.188319 0.034399
vt 0.063285 0.074878
vt 0.025682 0.091611
vt 0.035147 0.090441
vt 0.031794 0.089198
vt 0.033659 0.086624
vt 0.039439 0.086092
vt 0.140208 0.058865
vt 0.140691 0.054719
vt 0.144105 0.055575
vt 0.059382 0.078064
vt 0.047182 0.079384
vt 0.096047 0.066715
vt 0.105057 0.067149
vt 0.099846 0.070139
vt 0.154986 0.051135
vt 0.146083 0.050971
vt 0.040825 0.084929
vt 0.032840 0.083265
vt 0.033357 0.080095
vt 0.019397 0.090090
vt 0.030808 0.081641
vt 0.108723 0.062380
vt 0.093607 0.055246
vt 0.076619 0.063297
vt 0.090106 0.069285
vt 0.076674 0.070093
vt 0.048160 0.072139
vt 0.072834 0.071761
vt 0.063452 0.070979
vt 0.071005 0.065122
vt 0.172634 0.051953
vt 0.180879 0.029764
vt 0.186582 0.028254
vt 0.034814 0.074920
vt 0.044143 0.075450
vt 0.022136 0.076470
vt 0.057743 0.073933
vt 0.132521 0.056849
vt 0.121122 0.062633
vt 0.123597 0.054914
vt 0.031669 0.077491
vt 0.017956 0.082599
vt 0.130060 0.052161
vt 0.137044 0.048162
vt 0.144437 0.049865
vt 0.057617 0.063275
vt 0.044057 0.075118
vt 0.043924 0.069367
vt 0.023626 0.069318
vt 0.041278 0.067810
vt 0.089226 0.055400
vt 0.170961 0.037085
vt 0.051826 0.068131
vt 0.032119 0.076926
vt 0.029019 0.069799
vt 0.033103 0.074776
vt 0.122742 0.051408
vt 0.121017 0.054139
vt 0.119821 0.049857
vt 0.014172 0.084061
vt 0.010361 0.077807
vt 0.165364 0.038919
vt 0.168594 0.046740
vt 0.156183 0.038100
vt 0.096956 0.045831
vt 0.119203 0.057554
vt 0.118641 0.047063
vt 0.045305 0.065885
vt 0.173945 0.029113
vt 0.019744 0.075486
vt 0.017221 0.077430
vt 0.015757 0.073634
vt 0.121021 0.048710
vt 0.160729 0.026405
vt 0.041509 0.064678
vt 0.022771 0.068202
vt 0.019397 0.073922
vt 0.015244 0.072065
vt 0.180753 0.022961
vt 0.157589 0.027470
vt 0.133735 0.042012
vt 0.126253 0.047717
vt 0.129867 0.034120
vt 0.116247 0.035855
vt 0.091236 0.047298
vt 0.088555 0.054576
vt 0.071796 0.056630
vt 0.120926 0.046672
vt 0.045624 0.060671
vt 0.050776 0.058359
vt 0.033983 0.068298
vt 0.036566 0.056227
vt 0.038467 0.063711
vt 0.029004 0.068886
vt 0.027337 0.063289
vt 0.140372 0.043360
vt 0.152638 0.034942
vt 0.108433 0.041865
vt 0.060742 0.060654
vt 0.061812 0.054234
vt 0.067659 0.056506
vt 0.053550 0.048289
vt 0.017456 0.066649
vt 0.157840 0.029820
vt 0.153214 0.030851
vt 0.049218 0.053011
vt 0.080840 0.045449
vt 0.112889 0.036541
vt 0.064371 0.050999
vt 0.066112 0.046633
vt 0.164944 0.021569
vt 0.022953 0.067853
vt 0.019369 0.066281
vt 0.024394 0.060949
vt 0.145505 0.028669
vt 0.046153 0.058141
vt 0.045940 0.053781
vt 0.041001 0.058402
vt 0.109108 0.037710
vt 0.169053 0.018531
vt 0.132918 0.036549
vt 0.146741 0.028920
vt 0.155555 0.023442
vt 0.152330 0.029215
vt 0.057948 0.050688
vt 0.176195 0.027779
vt 0.172927 0.012458
vt 0.178986 0.015308
vt 0.083703 0.040366
vt 0.087420 0.040534
vt 0.041391 0.057278
vt 0.048167 0.052285
vt 0.045944 0.053785
vt 0.042795 0.049248
vt 0.037247 0.052745
vt 0.067815 0.043851
vt 0.069425 0.037287
vt 0.067725 0.044244
vt 0.057124 0.044513
vt 0.128171 0.024847
vt 0.134183 0.028283
vt 0.029730 0.055577
vt 0.031006 0.047435
vt 0.058566 0.047737
vt 0.166208 0.013187
vt 0.164898 0.019047
vt 0.160214 0.023344
vt 0.165703 0.014001
vt 0.046708 0.047887
vt 0.082298 0.036376
vt 0.078860 0.029680
vt 0.087678 0.038844
vt 0.162154 0.009897
vt 0.079229 0.036962
vt 0.026747 0.051418
vt 0.030545 0.056636
vt 0.139910 0.018640
vt 0.145718 0.021327
vt 0.045941 0.045740
vt 0.048940 0.046308
vt 0.109179 0.037147
vt 0.103696 0.034117
vt 0.103311 0.030679
vt 0.079498 0.036676
vt 0.072720 0.035208
vt 0.062660 0.041104
vt 0.054897 0.043166
vt 0.056017 0.036887
vt 0.062662 0.037927
vt 0.149820 0.009842
vt 0.152604 0.019496
vt 0.121512 0.033505
vt 0.106545 0.026454
vt 0.118292 0.021074
vt 0.126290 0.021576
vt 0.051323 0.046658
vt 0.047497 0.041642
vt 0.156076 0.013546
vt 0.123605 0.028230
vt 0.062722 0.036055
vt 0.036772 0.040946
vt 0.179971 0.001920
vt 0.175196 0.005081
vt 0.125025 0.021125
vt 0.100930 0.030002
vt 0.101473 0.032071
vt 0.097426 0.025034
vt 0.154031 0.008414
vt 0.163422 0.006887
vt 0.142320 0.018315
vt 0.138562 0.014304
vt 0.068143 0.026123
vt 0.072182 0.034090
vt 0.066417 0.034807
vt 0.061106 0.029841
vt 0.047416 0.041349
vt 0.040324 0.042726
vt 0.043370 0.036973
vt 0.121677 0.017630
vt 0.045089 0.034384
vt 0.056791 0.022761
vt 0.094539 0.509054
vt 0.076826 0.502382
vt 0.088703 0.503040
vt 0.230931 0.514192
vt 0.172360 0.513439
vt 0.200758 0.499700
vt 0.190375 0.489799
vt 0.181030 0.488392
vt 0.306091 0.522119
vt 0.248778 0.509310
vt 0.301900 0.506971
vt 0.131864 0.467576
vt 0.150901 0.476154
vt 0.131485 0.470499
vt 0.172772 0.481265
vt 0.152518 0.474779
vt 0.166316 0.472711
vt 0.144316 0.468058
vt 0.133086 0.465335
vt 0.431919 0.436571
vt 0.449760 0.434029
vt 0.450531 0.440856
vt 0.034093 0.498936
vt 0.029181 0.487665
vt 0.029274 0.491073
vt 0.030515 0.482744
vt 0.029505 0.485291
vt 0.036482 0.471744
vt 0.729592 0.526602
vt 0.737350 0.526851
vt 0.730170 0.545984
vt 0.753809 0.544895
vt 0.741573 0.525608
vt 0.762846 0.527428
vt 0.770354 0.541421
vt 0.594633 0.564228
vt 0.607378 0.556313
vt 0.616357 0.557268
vt 0.629865 0.562829
vt 0.628375 0.560635
vt 0.635377 0.565996
vt 0.643179 0.565386
vt 0.014228 0.037144
vt 0.015886 0.035964
vt 0.014029 0.030661
vt 0.010964 0.038316
vt 0.009482 0.036101
vt 0.267576 0.688077
vt 0.265876 0.688902
vt 0.272335 0.689310
vt 0.066040 0.181670
vt 0.009980 0.188902
vt 0.015472 0.230559
vt 0.082480 0.187418
vt 0.070455 0.181950
vt 0.013702 0.261076
vt 0.079969 0.228462
vt 0.047195 0.349776
vt 0.077029 0.261055
vt 0.043607 0.386720
vt 0.035047 0.392677
vt 0.065123 0.396108
vt 0.467812 0.426312
vt 0.446709 0.422443
vt 0.447057 0.414987
vt 0.434544 0.424928
vt 0.447640 0.422892
vt 0.455034 0.426079
vt 0.446093 0.415131
vt 0.447995 0.403865
vt 0.425455 0.404519
vt 0.469262 0.425382
vt 0.467540 0.422138
vt 0.469741 0.411539
vt 0.461001 0.396574
vt 0.469976 0.401810
vt 0.445878 0.394900
vt 0.601467 0.829069
vt 0.593466 0.827727
vt 0.604147 0.823257
vt 0.427150 0.394064
vt 0.589813 0.825397
vt 0.584658 0.824145
vt 0.592445 0.822450
vt 0.598403 0.832968
vt 0.591965 0.835265
vt 0.586537 0.827305
vt 0.573032 0.783822
vt 0.569528 0.775183
vt 0.575571 0.776231
vt 0.583407 0.820600
vt 0.581317 0.825226
vt 0.575314 0.819415
vt 0.588324 0.830099
vt 0.571812 0.787388
vt 0.565611 0.788140
vt 0.570132 0.783554
vt 0.571023 0.794413
vt 0.586735 0.837146
vt 0.564142 0.782838
vt 0.570164 0.804074
vt 0.573031 0.806904
vt 0.565695 0.813498
vt 0.575785 0.825291
vt 0.584957 0.834488
vt 0.581662 0.829935
vt 0.587001 0.827786
vt 0.596469 0.835846
vt 0.598551 0.840301
vt 0.592036 0.836306
vt 0.598794 0.840243
vt 0.600290 0.835806
vt 0.604067 0.833249
vt 0.600816 0.845310
vt 0.568859 0.820682
vt 0.564864 0.821389
vt 0.571116 0.819106
vt 0.587390 0.839238
vt 0.564228 0.776126
vt 0.559731 0.803964
vt 0.559088 0.798541
vt 0.570964 0.799536
vt 0.561220 0.817598
vt 0.584751 0.842717
vt 0.571115 0.821553
vt 0.578241 0.832355
vt 0.697139 0.986691
vt 0.697995 0.983273
vt 0.694455 0.986010
vt 0.586394 0.838336
vt 0.583645 0.837688
vt 0.596144 0.843570
vt 0.590847 0.844159
vt 0.591565 0.840637
vt 0.556008 0.796991
vt 0.559212 0.789919
vt 0.560506 0.796342
vt 0.564525 0.808313
vt 0.559737 0.812613
vt 0.556526 0.809114
vt 0.568679 0.828111
vt 0.569674 0.833966
vt 0.582528 0.838568
vt 0.555383 0.780451
vt 0.567815 0.822834
vt 0.563818 0.823291
vt 0.564303 0.821988
vt 0.555118 0.791058
vt 0.554032 0.783617
vt 0.557413 0.784838
vt 0.558264 0.803745
vt 0.554526 0.800239
vt 0.582628 0.838726
vt 0.575101 0.841006
vt 0.553179 0.798385
vt 0.546456 0.803394
vt 0.555473 0.817108
vt 0.553119 0.810443
vt 0.558022 0.813795
vt 0.557536 0.818903
vt 0.560675 0.817859
vt 0.559465 0.821835
vt 0.554151 0.774865
vt 0.551451 0.783575
vt 0.548117 0.775583
vt 0.995578 0.651437
vt 0.992500 0.648054
vt 0.989774 0.651069
vt 0.565340 0.833735
vt 0.547156 0.794075
vt 0.550662 0.810027
vt 0.551256 0.818693
vt 0.543203 0.816353
vt 0.555919 0.821720
vt 0.552084 0.824391
vt 0.548243 0.818698
vt 0.560173 0.839827
vt 0.562245 0.836922
vt 0.567614 0.840982
vt 0.544547 0.780656
vt 0.541992 0.789868
vt 0.537918 0.784880
vt 0.536140 0.792139
vt 0.541138 0.791493
vt 0.543275 0.794124
vt 0.543362 0.810376
vt 0.538853 0.809279
vt 0.538091 0.807570
vt 0.546830 0.824221
vt 0.552086 0.827886
vt 0.548133 0.830568
vt 0.539763 0.813444
vt 0.556610 0.831596
vt 0.558084 0.836666
vt 0.551947 0.833932
vt 0.536913 0.791008
vt 0.528957 0.790315
vt 0.534083 0.786205
vt 0.537813 0.800034
vt 0.533452 0.802111
vt 0.533468 0.793908
vt 0.533714 0.821371
vt 0.537824 0.812995
vt 0.540834 0.825770
vt 0.542050 0.820938
vt 0.545035 0.824476
vt 0.527345 0.799072
vt 0.527753 0.793673
vt 0.536676 0.805904
vt 0.532408 0.812827
vt 0.533361 0.807985
vt 0.533550 0.784112
vt 0.533516 0.816454
vt 0.533528 0.816443
vt 0.539420 0.822288
vt 0.535348 0.822894
vt 0.539865 0.820793
vt 0.524290 0.803186
vt 0.529175 0.809543
vt 0.536149 0.782875
vt 0.529140 0.788108
vt 0.527061 0.780950
vt 0.530466 0.814452
vt 0.530014 0.815856
vt 0.532360 0.815689
vt 0.554758 0.845271
vt 0.548918 0.843742
vt 0.556051 0.837548
vt 0.541160 0.774809
vt 0.526747 0.776999
vt 0.523094 0.794969
vt 0.525791 0.809480
vt 0.527081 0.817009
vt 0.533997 0.822887
vt 0.534496 0.827076
vt 0.540358 0.825863
vt 0.531135 0.823850
vt 0.540202 0.827468
vt 0.546587 0.832741
vt 0.540182 0.836450
vt 0.526858 0.812732
vt 0.522421 0.814158
vt 0.521600 0.808781
vt 0.526898 0.816496
vt 0.531781 0.834165
vt 0.534016 0.828881
vt 0.532079 0.829846
vt 0.549709 0.848936
vt 0.516101 0.808855
vt 0.542929 0.839690
vt 0.531630 0.835503
vt 0.519230 0.814897
vt 0.517308 0.792558
vt 0.514366 0.795219
vt 0.519558 0.789257
vt 0.519904 0.799063
vt 0.511522 0.804582
vt 0.518315 0.814622
vt 0.523363 0.818382
vt 0.515692 0.822842
vt 0.520151 0.816626
vt 0.547137 0.835338
vt 0.536844 0.847428
vt 0.543743 0.839900
vt 0.526485 0.822401
vt 0.525091 0.825421
vt 0.530116 0.838735
vt 0.508214 0.786496
vt 0.528261 0.833667
vt 0.530770 0.831869
vt 0.545834 0.847497
vt 0.521570 0.781730
vt 0.509275 0.797077
vt 0.515488 0.809486
vt 0.508488 0.813569
vt 0.524168 0.829805
vt 0.527012 0.827268
vt 0.507425 0.799674
vt 0.509270 0.782188
vt 0.506632 0.805002
vt 0.509853 0.809112
vt 0.506002 0.794870
vt 0.507582 0.815005
vt 0.517008 0.814322
vt 0.501687 0.797386
vt 0.505046 0.803875
vt 0.507372 0.809162
vt 0.510352 0.818908
vt 0.527846 0.837209
vt 0.520361 0.836184
vt 0.525283 0.831922
vt 0.543688 0.850671
vt 0.505891 0.783578
vt 0.507378 0.777416
vt 0.511510 0.825457
vt 0.532036 0.844259
vt 0.532738 0.840400
vt 0.538298 0.840902
vt 0.499445 0.780827
vt 0.501702 0.805791
vt 0.494206 0.804393
vt 0.498682 0.810301
vt 0.523575 0.845852
vt 0.529073 0.838438
vt 0.530909 0.847821
vt 0.492843 0.783011
vt 0.499270 0.806001
vt 0.501157 0.791008
vt 0.496845 0.796691
vt 0.504643 0.813569
vt 0.503771 0.820779
vt 0.498036 0.812523
vt 0.010049 0.436700
vt 0.012624 0.436159
vt 0.009808 0.431771
vt 0.507301 0.826846
vt 0.506098 0.821997
vt 0.509791 0.824953
vt 0.507263 0.829910
vt 0.492086 0.802094
vt 0.514990 0.841646
vt 0.510637 0.834863
vt 0.511450 0.831539
vt 0.494953 0.811539
vt 0.494735 0.806270
vt 0.510096 0.833356
vt 0.506620 0.833483
vt 0.510356 0.824484
vt 0.488908 0.811806
vt 0.487862 0.799326
vt 0.479633 0.786700
vt 0.488656 0.783012
vt 0.496240 0.796084
vt 0.493673 0.804348
vt 0.490663 0.808131
vt 0.489531 0.805308
vt 0.507685 0.830406
vt 0.488827 0.781159
vt 0.499801 0.774637
vt 0.489481 0.809145
vt 0.481889 0.809086
vt 0.488246 0.806228
vt 0.501084 0.822698
vt 0.495543 0.826090
vt 0.496816 0.820362
vt 0.486768 0.777347
vt 0.481012 0.792684
vt 0.481292 0.797932
vt 0.481352 0.802999
vt 0.488296 0.802769
vt 0.492823 0.813789
vt 0.490909 0.818448
vt 0.486276 0.814094
vt 0.499281 0.827867
vt 0.500265 0.831710
vt 0.503422 0.832601
vt 0.485184 0.779121
vt 0.481872 0.790326
vt 0.488004 0.811938
vt 0.487553 0.819673
vt 0.494514 0.823036
vt 0.504679 0.838160
vt 0.478914 0.805080
vt 0.496095 0.831003
vt 0.497663 0.833143
vt 0.478038 0.794284
vt 0.474896 0.788591
vt 0.481256 0.793536
vt 0.475138 0.806460
vt 0.476286 0.796462
vt 0.499282 0.828997
vt 0.480128 0.819835
vt 0.488572 0.823155
vt 0.494111 0.826213
vt 0.488226 0.829530
vt 0.469293 0.781893
vt 0.494617 0.830634
vt 0.472905 0.793587
vt 0.470294 0.794083
vt 0.470635 0.803012
vt 0.477778 0.816459
vt 0.482134 0.811835
vt 0.482768 0.821882
vt 0.483266 0.827121
vt 0.500205 0.838465
vt 0.501187 0.835725
vt 0.502873 0.838375
vt 0.467211 0.798705
vt 0.471268 0.804107
vt 0.470540 0.805338
vt 0.494902 0.843100
vt 0.492916 0.830672
vt 0.466108 0.803208
vt 0.472302 0.808733
vt 0.465944 0.807676
vt 0.498473 0.839939
vt 0.469367 0.792849
vt 0.460433 0.796245
vt 0.467555 0.788573
vt 0.464688 0.801893
vt 0.477969 0.821129
vt 0.492084 0.831279
vt 0.486123 0.837788
vt 0.479207 0.825402
vt 0.504101 0.839554
vt 0.464444 0.808566
vt 0.471063 0.812957
vt 0.467989 0.813141
vt 0.471870 0.811388
vt 0.472913 0.816755
vt 0.472249 0.822767
vt 0.484118 0.830829
vt 0.464295 0.814871
vt 0.466495 0.820014
vt 0.481026 0.828094
vt 0.479905 0.832290
vt 0.457868 0.791257
vt 0.458792 0.795080
vt 0.456729 0.791821
vt 0.463447 0.807987
vt 0.457716 0.807021
vt 0.458517 0.801084
vt 0.460721 0.807747
vt 0.460766 0.810079
vt 0.463883 0.808466
vt 0.461956 0.814129
vt 0.475346 0.828965
vt 0.484745 0.833235
vt 0.482847 0.838120
vt 0.483137 0.832486
vt 0.454601 0.794139
vt 0.455266 0.803830
vt 0.453432 0.812272
vt 0.464412 0.816377
vt 0.449549 0.792509
vt 0.458617 0.788551
vt 0.454314 0.796152
vt 0.455613 0.812163
vt 0.465730 0.821516
vt 0.463259 0.821043
vt 0.455462 0.797296
vt 0.447932 0.798870
vt 0.453035 0.805169
vt 0.460238 0.815345
vt 0.455170 0.784782
vt 0.455517 0.800802
vt 0.483872 0.839953
vt 0.491587 0.842462
vt 0.482701 0.843110
vt 0.454446 0.803944
vt 0.450480 0.809055
vt 0.456563 0.819237
vt 0.458521 0.815354
vt 0.460066 0.816101
vt 0.466046 0.826957
vt 0.467723 0.823818
vt 0.472615 0.824983
vt 0.473504 0.829590
vt 0.470795 0.831500
vt 0.477208 0.833735
vt 0.448688 0.803311
vt 0.449138 0.803493
vt 0.447414 0.807510
vt 0.451817 0.815789
vt 0.448286 0.814859
vt 0.451654 0.812599
vt 0.455992 0.831727
vt 0.465352 0.824812
vt 0.482812 0.839406
vt 0.474268 0.837874
vt 0.455171 0.826221
vt 0.463203 0.834014
vt 0.477982 0.843458
vt 0.447357 0.807431
vt 0.442709 0.809222
vt 0.445911 0.803264
vt 0.444510 0.811102
vt 0.452619 0.822846
vt 0.444461 0.797275
vt 0.455715 0.832673
vt 0.459896 0.833884
vt 0.459550 0.834624
vt 0.440803 0.818617
vt 0.447237 0.816137
vt 0.452525 0.817631
vt 0.451220 0.825142
vt 0.448121 0.827830
vt 0.447676 0.823072
vt 0.448254 0.828333
vt 0.452839 0.827916
vt 0.450663 0.830684
vt 0.472872 0.843804
vt 0.471530 0.836774
vt 0.439656 0.813687
vt 0.453751 0.833165
vt 0.451579 0.834174
vt 0.458283 0.835458
vt 0.449699 0.831906
vt 0.445642 0.828118
vt 0.448463 0.829122
vt 0.452739 0.841088
vt 0.455122 0.833338
vt 0.443621 0.834877
vt 0.451704 0.834913
vt 0.436819 0.827938
vt 0.440450 0.822825
vt 0.446977 0.823797
vt 0.446190 0.843245
vt 0.451144 0.840401
vt 0.451515 0.842936
vt 0.447446 0.836204
vt 0.434948 0.833179
vt 0.440235 0.831738
vt 0.441261 0.834058
vt 0.435765 0.839152
vt 0.442231 0.838849
vt 0.934579 0.365716
vt 0.934464 0.395697
vt 0.951098 0.366750
vt 0.965251 0.385351
vt 0.969543 0.378991
vt 0.964252 0.374353
vt 0.976061 0.383756
vt 0.961015 0.401696
vt 0.987743 0.395759
vt 0.966822 0.382318
vt 0.963389 0.372538
vt 0.955970 0.369291
vt 0.313718 0.331224
vt 0.328785 0.315007
vt 0.309400 0.340129
vt 0.292277 0.166167
vt 0.303213 0.171392
vt 0.312937 0.183652
vt 0.281030 0.362653
vt 0.273059 0.369820
vt 0.256337 0.375479
vt 0.260042 0.147172
vt 0.249219 0.147533
vt 0.244469 0.144747
vt 0.238597 0.143772
vt 0.221228 0.144071
vt 0.209785 0.138684
vt 0.236544 0.380677
vt 0.193417 0.382553
vt 0.189115 0.378457
vt 0.151492 0.154068
vt 0.171191 0.146942
vt 0.163744 0.150804
vt 0.135525 0.350316
vt 0.149744 0.362105
vt 0.122483 0.339721
vt 0.116163 0.190830
vt 0.114614 0.185693
vt 0.123764 0.179194
vt 0.107489 0.194036
vt 0.111766 0.195197
vt 0.097088 0.212743
vt 0.092512 0.262018
vt 0.091720 0.281716
vt 0.087247 0.265526
vt 0.091211 0.246780
vt 0.091079 0.259691
vt 0.091701 0.234764
vt 0.086825 0.237982
vt 0.087363 0.279743
vt 0.942619 0.022789
vt 0.901002 0.017309
vt 0.891691 0.034043
vt 0.955618 0.014928
vt 0.932549 0.014762
vt 0.940822 0.020459
vt 0.955774 0.039001
vt 0.960401 0.034458
vt 0.964033 0.030153
vt 0.956121 0.015360
vt 0.977863 0.017478
vt 0.977217 0.042646
vt 0.973870 0.051444
vt 0.952122 0.074337
vt 0.960737 0.066612
vt 0.976816 0.060642
vt 0.969147 0.064427
vt 0.973621 0.100102
vt 0.941161 0.113785
vt 0.724274 0.419673
vt 0.715977 0.428519
vt 0.708079 0.448050
vt 0.748262 0.429830
vt 0.746455 0.411037
vt 0.724713 0.390450
vt 0.724505 0.408064
vt 0.793997 0.383533
vt 0.738653 0.328678
vt 0.727222 0.375405
vt 0.785164 0.327667
vt 0.796804 0.406510
vt 0.786642 0.394399
vt 0.786994 0.466420
vt 0.797150 0.341617
vt 0.797189 0.395550
vt 0.797964 0.358688
vt 0.777697 0.302237
vt 0.790586 0.308214
vt 0.787116 0.297336
vt 0.792825 0.318333
vt 0.904814 0.978314
vt 0.939727 0.903962
vt 0.880271 0.975517
vt 0.893775 0.900558
vt 0.601723 0.916581
vt 0.607998 0.916806
vt 0.601363 0.910588
vt 0.609638 0.902731
vt 0.612964 0.899125
vt 0.601864 0.900217
vt 0.610472 0.926360
vt 0.606758 0.921206
vt 0.602347 0.924889
vt 0.610524 0.913582
vt 0.611412 0.908518
vt 0.601632 0.905011
vt 0.606875 0.921995
vt 0.609617 0.923240
vt 0.609105 0.918214
vt 0.615939 0.902025
vt 0.612540 0.909980
vt 0.609165 0.929047
vt 0.619121 0.904341
vt 0.620743 0.928463
vt 0.611728 0.921552
vt 0.610873 0.925552
vt 0.612942 0.929514
vt 0.616652 0.912455
vt 0.604096 0.940196
vt 0.608155 0.941445
vt 0.605011 0.932470
vt 0.620384 0.922135
vt 0.612334 0.915825
vt 0.618680 0.920300
vt 0.622404 0.914576
vt 0.619803 0.910951
vt 0.617453 0.930130
vt 0.618851 0.932606
vt 0.614552 0.937243
vt 0.612074 0.944131
vt 0.619106 0.936907
vt 0.621286 0.907238
vt 0.624514 0.904397
vt 0.621537 0.901733
vt 0.619043 0.929772
vt 0.607112 0.949083
vt 0.611767 0.956194
vt 0.618450 0.951602
vt 0.609567 0.947815
vt 0.618852 0.949750
vt 0.628007 0.916161
vt 0.623078 0.910994
vt 0.620903 0.922260
vt 0.618482 0.945925
vt 0.619626 0.936686
vt 0.622870 0.932105
vt 0.634497 0.907129
vt 0.628815 0.904964
vt 0.625438 0.905820
vt 0.623670 0.907847
vt 0.627235 0.925879
vt 0.622815 0.941472
vt 0.624164 0.934956
vt 0.627000 0.935139
vt 0.627386 0.938684
vt 0.624254 0.932706
vt 0.628691 0.921177
vt 0.630867 0.927194
vt 0.634961 0.921510
vt 0.631364 0.915646
vt 0.624374 0.931157
vt 0.629051 0.932835
vt 0.618720 0.953448
vt 0.625772 0.950915
vt 0.621669 0.946885
vt 0.613409 0.962178
vt 0.610940 0.959954
vt 0.615594 0.964959
vt 0.636623 0.904173
vt 0.615956 0.968662
vt 0.615903 0.962231
vt 0.617040 0.964201
vt 0.616612 0.955149
vt 0.623353 0.960639
vt 0.620534 0.956237
vt 0.640734 0.899593
vt 0.635637 0.913144
vt 0.636411 0.907859
vt 0.633362 0.944631
vt 0.610171 0.976458
vt 0.623733 0.966513
vt 0.628069 0.957978
vt 0.626376 0.953566
vt 0.645894 0.904451
vt 0.638237 0.911256
vt 0.640677 0.915601
vt 0.636625 0.908591
vt 0.638264 0.926724
vt 0.640502 0.919838
vt 0.646634 0.913784
vt 0.641234 0.929220
vt 0.640389 0.916598
vt 0.629869 0.949865
vt 0.635155 0.935295
vt 0.636247 0.932891
vt 0.386388 0.245203
vt 0.387421 0.250727
vt 0.384936 0.247207
vt 0.389426 0.248918
vt 0.638367 0.926490
vt 0.644437 0.925794
vt 0.643919 0.919746
vt 0.639102 0.936142
vt 0.639441 0.942378
vt 0.618829 0.968177
vt 0.617727 0.975392
vt 0.626111 0.975276
vt 0.639866 0.933561
vt 0.648298 0.906843
vt 0.642973 0.902019
vt 0.649159 0.906297
vt 0.651639 0.901713
vt 0.637799 0.945342
vt 0.629376 0.952318
vt 0.636531 0.953932
vt 0.643275 0.937081
vt 0.640202 0.933792
vt 0.630122 0.958217
vt 0.611930 0.976805
vt 0.615211 0.983507
vt 0.615541 0.977073
vt 0.618897 0.983307
vt 0.649986 0.909089
vt 0.645244 0.925557
vt 0.651766 0.955598
vt 0.645673 0.942003
vt 0.651588 0.927418
vt 0.647438 0.931699
vt 0.635452 0.968424
vt 0.634746 0.959698
vt 0.624710 0.984503
vt 0.633046 0.974521
vt 0.642561 0.951026
vt 0.635853 0.956471
vt 0.650500 0.947908
vt 0.628883 0.972337
vt 0.630630 0.978288
vt 0.649833 0.922228
vt 0.653254 0.924606
vt 0.653260 0.920929
vt 0.645083 0.937366
vt 0.653608 0.936446
vt 0.649388 0.934237
vt 0.654930 0.924577
vt 0.655098 0.911413
vt 0.624831 0.984650
vt 0.620643 0.987237
vt 0.626226 0.989144
vt 0.645341 0.956591
vt 0.655579 0.915920
vt 0.658316 0.910925
vt 0.663053 0.902946
vt 0.656811 0.908150
vt 0.639374 0.975513
vt 0.639857 0.961335
vt 0.647987 0.965067
vt 0.645998 0.958566
vt 0.639446 0.970443
vt 0.660686 0.915768
vt 0.630367 0.979611
vt 0.627315 0.980436
vt 0.626666 0.984841
vt 0.658540 0.927933
vt 0.654064 0.934142
vt 0.625497 0.989833
vt 0.620334 0.992105
vt 0.626242 0.994045
vt 0.636411 0.979931
vt 0.655853 0.940161
vt 0.659544 0.911117
vt 0.666008 0.906933
vt 0.658287 0.929549
vt 0.661021 0.925500
vt 0.657824 0.914809
vt 0.639835 0.976523
vt 0.648474 0.972619
vt 0.647291 0.956605
vt 0.646342 0.958008
vt 0.652869 0.964484
vt 0.664717 0.934133
vt 0.660423 0.928574
vt 0.658491 0.928018
vt 0.658659 0.929405
vt 0.653672 0.950132
vt 0.658151 0.940789
vt 0.657665 0.942960
vt 0.655129 0.944707
vt 0.660120 0.944925
vt 0.669590 0.930837
vt 0.635717 0.992283
vt 0.629798 0.992886
vt 0.628527 0.995391
vt 0.643113 0.981712
vt 0.639942 0.986287
vt 0.639648 0.980503
vt 0.635120 0.980882
vt 0.632925 0.989987
vt 0.643370 0.982672
vt 0.658882 0.946795
vt 0.655635 0.946235
vt 0.657905 0.948340
vt 0.637111 0.996216
vt 0.670374 0.923138
vt 0.667838 0.908604
vt 0.641690 0.990910
vt 0.644493 0.983197
vt 0.641586 0.987615
vt 0.658709 0.949934
vt 0.655405 0.955655
vt 0.663398 0.954360
vt 0.668655 0.939065
vt 0.644099 0.994480
vt 0.638637 0.994961
vt 0.654201 0.978734
vt 0.645961 0.982259
vt 0.655308 0.985706
vt 0.661578 0.964470
vt 0.670402 0.933078
vt 0.673380 0.917013
vt 0.669255 0.953807
vt 0.661377 0.948714
vt 0.664575 0.943897
vt 0.667847 0.942757
vt 0.668032 0.943059
vt 0.672251 0.902872
vt 0.686168 0.908594
vt 0.675050 0.940656
vt 0.678135 0.927897
vt 0.670657 0.931619
vt 0.674930 0.934619
vt 0.673964 0.923625
vt 0.673638 0.916641
vt 0.673062 0.948541
vt 0.666738 0.958390
vt 0.667524 0.976499
vt 0.657943 0.974989
vt 0.660752 0.965759
vt 0.645985 0.989170
vt 0.647711 0.995729
vt 0.652792 0.987437
vt 0.677318 0.945582
vt 0.684795 0.914023
vt 0.662971 0.987848
vt 0.658202 0.988093
vt 0.664350 0.970002
vt 0.672941 0.962977
vt 0.667513 0.971611
vt 0.682382 0.934570
vt 0.677216 0.932276
vt 0.675077 0.938749
vt 0.662343 0.995130
vt 0.673470 0.951024
vt 0.670096 0.953956
vt 0.668964 0.957250
vt 0.666800 0.972608
vt 0.684212 0.925666
vt 0.678054 0.951459
vt 0.679666 0.941562
vt 0.670394 0.971316
vt 0.683424 0.929853
vt 0.678511 0.928678
vt 0.680568 0.933240
vt 0.677224 0.960786
vt 0.680750 0.940513
vt 0.656924 0.990081
vt 0.668590 0.973441
vt 0.662657 0.990551
vt 0.667355 0.979632
vt 0.662895 0.980471
vt 0.664224 0.985898
vt 0.670202 0.972757
vt 0.668552 0.976569
vt 0.669679 0.978201
vt 0.673738 0.970623
vt 0.673964 0.982877
vt 0.978918 0.998311
vt 0.972902 0.998835
vt 0.971799 0.996095
vt 0.675270 0.974008
vt 0.674276 0.978804
vt 0.678113 0.976820
vt 0.680712 0.969938
vt 0.678340 0.974180
vt 0.682556 0.974736
vt 0.673803 0.985584
vt 0.669512 0.993517
vt 0.683844 0.984284
vt 0.681559 0.991959
vt 0.685646 0.995631
vt 0.100278 0.654671
vt 0.082315 0.672106
vt 0.081092 0.654819
vt 0.080572 0.653903
vt 0.070716 0.664111
vt 0.292706 0.670656
vt 0.131240 0.674540
vt 0.174613 0.653217
vt 0.690677 0.523969
vt 0.703781 0.537766
vt 0.701498 0.522784
vt 0.703535 0.507664
vt 0.692726 0.506640
vt 0.700728 0.519244
vt 0.692299 0.505312
vt 0.701750 0.498815
vt 0.695243 0.485103
vt 0.683548 0.542005
vt 0.690623 0.537502
vt 0.686769 0.535864
vt 0.684433 0.500276
vt 0.686186 0.519247
vt 0.686115 0.525380
vt 0.683780 0.538233
vt 0.675180 0.533113
vt 0.686996 0.475672
vt 0.693473 0.481021
vt 0.693423 0.478666
vt 0.679205 0.543633
vt 0.691007 0.518291
vt 0.688823 0.508538
vt 0.683699 0.518690
vt 0.691755 0.459020
vt 0.696205 0.469388
vt 0.697697 0.457080
vt 0.684537 0.524488
vt 0.677958 0.542316
vt 0.693968 0.455881
vt 0.691315 0.446647
vt 0.698413 0.454292
vt 0.697096 0.441392
vt 0.685420 0.502796
vt 0.679856 0.506084
vt 0.681974 0.491280
vt 0.688369 0.458419
vt 0.685336 0.474330
vt 0.691179 0.470127
vt 0.678817 0.498479
vt 0.687834 0.487298
vt 0.682502 0.474937
vt 0.678322 0.485481
vt 0.672268 0.521306
vt 0.677958 0.456188
vt 0.695397 0.416076
vt 0.700634 0.424611
vt 0.702361 0.413850
vt 0.679372 0.473213
vt 0.688933 0.429199
vt 0.700261 0.430080
vt 0.674763 0.467192
vt 0.679496 0.471089
vt 0.691384 0.435505
vt 0.679175 0.506670
vt 0.676164 0.502322
vt 0.669476 0.517469
vt 0.671974 0.493142
vt 0.668589 0.544135
vt 0.671414 0.530919
vt 0.686223 0.442089
vt 0.689534 0.426384
vt 0.693842 0.427701
vt 0.692746 0.408784
vt 0.689237 0.437670
vt 0.699956 0.388371
vt 0.704178 0.391548
vt 0.698350 0.377131
vt 0.667367 0.541849
vt 0.667298 0.504244
vt 0.671214 0.488624
vt 0.684398 0.440767
vt 0.681156 0.447107
vt 0.671552 0.524135
vt 0.668096 0.524599
vt 0.657972 0.543498
vt 0.670380 0.485106
vt 0.701919 0.397105
vt 0.698339 0.390106
vt 0.694085 0.387549
vt 0.680601 0.428453
vt 0.662943 0.528558
vt 0.693475 0.399134
vt 0.693004 0.404289
vt 0.697916 0.401371
vt 0.668477 0.496223
vt 0.667013 0.498196
vt 0.670948 0.496727
vt 0.672973 0.470528
vt 0.674070 0.469312
vt 0.667446 0.493423
vt 0.671559 0.480306
vt 0.684199 0.428029
vt 0.685460 0.422452
vt 0.685569 0.425526
vt 0.692045 0.379673
vt 0.664228 0.524441
vt 0.667528 0.523169
vt 0.684187 0.418463
vt 0.665757 0.453333
vt 0.674015 0.463568
vt 0.674836 0.461107
vt 0.687837 0.402894
vt 0.667942 0.484806
vt 0.666868 0.478178
vt 0.671404 0.459830
vt 0.676169 0.457799
vt 0.676516 0.452187
vt 0.672181 0.468342
vt 0.672896 0.447454
vt 0.682912 0.422628
vt 0.671000 0.466390
vt 0.672933 0.452635
vt 0.661660 0.502586
vt 0.661994 0.511024
vt 0.669447 0.465480
vt 0.668879 0.466588
vt 0.678149 0.418713
vt 0.686155 0.386667
vt 0.666773 0.460035
vt 0.667717 0.460535
vt 0.681922 0.413575
vt 0.665424 0.497516
vt 0.662447 0.494031
vt 0.660747 0.510922
vt 0.654778 0.507845
vt 0.659868 0.517329
vt 0.656635 0.477034
vt 0.670623 0.444179
vt 0.670416 0.438943
vt 0.673716 0.432681
vt 0.694071 0.364750
vt 0.690554 0.375260
vt 0.693716 0.374679
vt 0.658052 0.507218
vt 0.671947 0.448081
vt 0.676424 0.428789
vt 0.656181 0.485771
vt 0.669361 0.446929
vt 0.649207 0.543112
vt 0.655455 0.543517
vt 0.651150 0.536318
vt 0.660073 0.461526
vt 0.670287 0.444061
vt 0.669088 0.443337
vt 0.658582 0.535917
vt 0.652923 0.529658
vt 0.661491 0.530353
vt 0.648858 0.514075
vt 0.647560 0.526088
vt 0.646144 0.501919
vt 0.645323 0.543542
vt 0.650682 0.535163
vt 0.646798 0.530212
vt 0.648733 0.498619
vt 0.655245 0.498073
vt 0.655884 0.491484
vt 0.643260 0.525918
vt 0.643626 0.521397
vt 0.649670 0.491044
vt 0.648056 0.513969
vt 0.644739 0.515880
vt 0.641417 0.530497
vt 0.640682 0.533143
vt 0.652233 0.474977
vt 0.654631 0.465058
vt 0.635521 0.465755
vt 0.647427 0.458679
vt 0.661727 0.458192
vt 0.665162 0.453341
vt 0.635773 0.538265
vt 0.650663 0.453226
vt 0.642060 0.478026
vt 0.645120 0.489152
vt 0.650314 0.481768
vt 0.644560 0.515688
vt 0.641459 0.507892
vt 0.636985 0.512894
vt 0.633798 0.543114
vt 0.640197 0.531025
vt 0.632174 0.524039
vt 0.637466 0.524050
vt 0.640294 0.522832
vt 0.634487 0.513676
vt 0.633529 0.521118
vt 0.639778 0.479596
vt 0.630116 0.542264
vt 0.628610 0.539941
vt 0.631240 0.519933
vt 0.626354 0.541977
vt 0.624646 0.531564
vt 0.636616 0.505409
vt 0.632696 0.505349
vt 0.634920 0.513118
vt 0.631140 0.519956
vt 0.625641 0.535215
vt 0.629596 0.499903
vt 0.639687 0.501327
vt 0.625677 0.538639
vt 0.629276 0.516114
vt 0.623990 0.542488
vt 0.627011 0.499344
vt 0.629986 0.491966
vt 0.624380 0.535757
vt 0.636700 0.479936
vt 0.628404 0.489391
vt 0.636987 0.485772
vt 0.646086 0.451678
vt 0.638166 0.461053
vt 0.643713 0.457148
vt 0.623934 0.520377
vt 0.624307 0.512957
vt 0.629750 0.472811
vt 0.637956 0.473440
vt 0.622631 0.532387
vt 0.628038 0.483732
vt 0.620648 0.526594
vt 0.631805 0.456806
vt 0.631962 0.451916
vt 0.627028 0.489170
vt 0.623964 0.484496
vt 0.621028 0.509976
vt 0.603661 0.539079
vt 0.611238 0.540642
vt 0.628015 0.463973
vt 0.614196 0.529388
vt 0.619465 0.522224
vt 0.607206 0.516867
vt 0.613051 0.493511
vt 0.617465 0.525623
vt 0.617651 0.500988
vt 0.618394 0.506578
vt 0.610219 0.521300
vt 0.615873 0.525149
vt 0.626675 0.466824
vt 0.609669 0.476901
vt 0.610239 0.525998
vt 0.609384 0.526473
vt 0.625195 0.463941
vt 0.618904 0.459761
vt 0.616614 0.464686
vt 0.628651 0.457542
vt 0.606324 0.452559
vt 0.627428 0.454115
vt 0.603572 0.527379
vt 0.589520 0.535996
vt 0.603602 0.466574
vt 0.611487 0.472858
vt 0.615910 0.464527
vt 0.607544 0.525132
vt 0.608475 0.521942
vt 0.605039 0.518280
vt 0.611111 0.502543
vt 0.614125 0.500857
vt 0.595953 0.525570
vt 0.598900 0.501204
vt 0.606940 0.500232
vt 0.594856 0.489721
vt 0.600627 0.504466
vt 0.609228 0.459569
vt 0.605722 0.485676
vt 0.601886 0.461635
vt 0.594245 0.515966
vt 0.601117 0.484789
vt 0.599494 0.482377
vt 0.603324 0.469316
vt 0.583916 0.532043
vt 0.588740 0.514136
vt 0.593464 0.516288
vt 0.594621 0.512088
vt 0.594655 0.482950
vt 0.597867 0.468540
vt 0.595294 0.508054
vt 0.597531 0.502456
vt 0.587612 0.517021
vt 0.136459 0.200376
vt 0.140357 0.197147
vt 0.131633 0.203877
vt 0.141790 0.340210
vt 0.133427 0.335113
vt 0.145717 0.342966
vt 0.149383 0.192001
vt 0.157477 0.189335
vt 0.156410 0.186803
vt 0.175840 0.184456
vt 0.161181 0.186456
vt 0.163259 0.186855
vt 0.165504 0.184114
vt 0.197435 0.181953
vt 0.189795 0.182348
vt 0.199455 0.183981
vt 0.217377 0.185881
vt 0.206724 0.184504
vt 0.222977 0.189821
vt 0.229586 0.192481
vt 0.231140 0.194200
vt 0.237171 0.195628
vt 0.238752 0.338831
vt 0.248925 0.332014
vt 0.256728 0.324653
vt 0.255942 0.213046
vt 0.248314 0.206644
vt 0.261088 0.221394
vt 0.274113 0.276483
vt 0.269329 0.305206
vt 0.272582 0.298195
vt 0.274491 0.286548
vt 0.340534 0.181834
vt 0.339594 0.167351
vt 0.404244 0.209351
vt 0.417280 0.169728
vt 0.520466 0.569194
vt 0.529035 0.564361
vt 0.522967 0.577344
vt 0.514003 0.571316
vt 0.524742 0.558090
vt 0.530263 0.554919
vt 0.530335 0.563765
vt 0.520500 0.562145
vt 0.517061 0.554080
vt 0.525237 0.555303
vt 0.517728 0.559450
vt 0.507862 0.561431
vt 0.517785 0.567274
vt 0.513597 0.569396
vt 0.519719 0.552617
vt 0.460050 0.363767
vt 0.458684 0.362302
vt 0.466842 0.360062
vt 0.494380 0.578765
vt 0.511578 0.572723
vt 0.513865 0.559326
vt 0.517023 0.559201
vt 0.518268 0.564054
vt 0.524038 0.535503
vt 0.528024 0.538586
vt 0.525101 0.550514
vt 0.511982 0.553176
vt 0.516653 0.554540
vt 0.520372 0.550273
vt 0.515987 0.547669
vt 0.508758 0.555720
vt 0.517822 0.539334
vt 0.502589 0.553008
vt 0.496881 0.567803
vt 0.509940 0.552360
vt 0.509965 0.552004
vt 0.513395 0.544329
vt 0.512261 0.551586
vt 0.507658 0.546328
vt 0.506364 0.548471
vt 0.508341 0.554153
vt 0.509877 0.552272
vt 0.520508 0.534727
vt 0.510957 0.539127
vt 0.526490 0.527824
vt 0.528553 0.535792
vt 0.526377 0.532089
vt 0.492028 0.574982
vt 0.515269 0.534988
vt 0.496241 0.561663
vt 0.488743 0.575199
vt 0.491092 0.573749
vt 0.490506 0.570613
vt 0.490545 0.568177
vt 0.490924 0.572244
vt 0.487836 0.571795
vt 0.508683 0.536832
vt 0.524025 0.532672
vt 0.518956 0.528985
vt 0.516629 0.524524
vt 0.518562 0.513170
vt 0.526054 0.526414
vt 0.490595 0.564268
vt 0.490505 0.568027
vt 0.482985 0.565223
vt 0.504330 0.534703
vt 0.509238 0.539343
vt 0.503429 0.546765
vt 0.494821 0.556543
vt 0.494404 0.562314
vt 0.488391 0.552294
vt 0.520904 0.521649
vt 0.497418 0.541886
vt 0.511736 0.521910
vt 0.486216 0.575470
vt 0.516914 0.532453
vt 0.510260 0.526286
vt 0.514244 0.525145
vt 0.493919 0.535782
vt 0.508261 0.527313
vt 0.474730 0.575368
vt 0.481202 0.562836
vt 0.517337 0.518021
vt 0.499579 0.529177
vt 0.503395 0.528605
vt 0.492545 0.531308
vt 0.492743 0.543921
vt 0.495349 0.537617
vt 0.494962 0.545530
vt 0.489560 0.547439
vt 0.483249 0.550324
vt 0.487973 0.539320
vt 0.488094 0.546042
vt 0.499124 0.524972
vt 0.508096 0.518605
vt 0.505960 0.526940
vt 0.483132 0.549400
vt 0.512270 0.516906
vt 0.476770 0.552764
vt 0.482007 0.555234
vt 0.479382 0.561717
vt 0.511465 0.513652
vt 0.471685 0.562028
vt 0.464514 0.562142
vt 0.473197 0.563997
vt 0.467365 0.577670
vt 0.492805 0.529354
vt 0.496662 0.527475
vt 0.496686 0.531676
vt 0.470550 0.556089
vt 0.500022 0.517210
vt 0.508023 0.515926
vt 0.507444 0.510173
vt 0.487270 0.518754
vt 0.511937 0.508503
vt 0.477717 0.536218
vt 0.490535 0.523288
vt 0.469768 0.551429
vt 0.475688 0.550255
vt 0.477095 0.545167
vt 0.480182 0.549393
vt 0.490860 0.535320
vt 0.473279 0.529228
vt 0.500151 0.516478
vt 0.499921 0.513637
vt 0.507819 0.515963
vt 0.455183 0.571528
vt 0.473859 0.546471
vt 0.477573 0.534254
vt 0.485895 0.530299
vt 0.481865 0.520159
vt 0.492822 0.516178
vt 0.496400 0.514935
vt 0.473340 0.542138
vt 0.474555 0.539755
vt 0.466448 0.559595
vt 0.465961 0.553538
vt 0.470466 0.556028
vt 0.508198 0.504806
vt 0.502635 0.503904
vt 0.507059 0.500317
vt 0.457404 0.560048
vt 0.452966 0.565481
vt 0.452935 0.556373
vt 0.494377 0.511705
vt 0.497210 0.508944
vt 0.497495 0.513951
vt 0.469998 0.538841
vt 0.465639 0.540493
vt 0.471110 0.538148
vt 0.511471 0.494842
vt 0.512945 0.499753
vt 0.508849 0.501429
vt 0.476086 0.518829
vt 0.480447 0.519797
vt 0.483550 0.511847
vt 0.489106 0.509057
vt 0.500923 0.507381
vt 0.493306 0.503972
vt 0.469746 0.535917
vt 0.499568 0.499781
vt 0.497771 0.500881
vt 0.471837 0.531691
vt 0.490409 0.504435
vt 0.493112 0.504462
vt 0.510423 0.492861
vt 0.505333 0.498252
vt 0.504649 0.492636
vt 0.491506 0.500668
vt 0.493421 0.498614
vt 0.476936 0.511736
vt 0.486685 0.518658
vt 0.482580 0.511164
vt 0.486748 0.507873
vt 0.485371 0.500012
vt 0.490542 0.500964
vt 0.477483 0.510321
vt 0.948236 0.175001
vt 0.948719 0.169631
vt 0.944364 0.174229
vt 0.938270 0.188051
vt 0.933989 0.182109
vt 0.928378 0.182273
vt 0.923051 0.189372
vt 0.913810 0.194640
vt 0.912712 0.202677
vt 0.960966 0.164556
vt 0.950337 0.165371
vt 0.964093 0.169522
vt 0.958704 0.162459
vt 0.967008 0.161729
vt 0.964941 0.154881
vt 0.923256 0.200781
vt 0.940496 0.196881
vt 0.928922 0.189943
vt 0.928387 0.199339
vt 0.945599 0.185477
vt 0.947353 0.178912
vt 0.941566 0.182586
vt 0.942910 0.177466
vt 0.935572 0.178018
vt 0.937784 0.186337
vt 0.952671 0.177178
vt 0.918772 0.203137
vt 0.920557 0.206578
vt 0.956192 0.173667
vt 0.939859 0.188997
vt 0.947400 0.178894
vt 0.949618 0.186226
vt 0.952512 0.183497
vt 0.925447 0.202135
vt 0.922542 0.207025
vt 0.930413 0.205272
vt 0.968202 0.167366
vt 0.975110 0.153745
vt 0.931727 0.204274
vt 0.914689 0.208594
vt 0.915928 0.216095
vt 0.921738 0.207336
vt 0.924021 0.208929
vt 0.922146 0.209683
vt 0.974956 0.167070
vt 0.980575 0.159492
vt 0.923211 0.214467
vt 0.921508 0.214842
vt 0.958684 0.180489
vt 0.970590 0.171638
vt 0.951273 0.193095
vt 0.440997 0.150140
vt 0.442006 0.153685
vt 0.443083 0.151390
vt 0.934931 0.213413
vt 0.934709 0.208771
vt 0.939334 0.208504
vt 0.946251 0.198956
vt 0.944534 0.199737
vt 0.934430 0.206680
vt 0.952636 0.190596
vt 0.961142 0.197412
vt 0.957832 0.185636
vt 0.949568 0.198318
vt 0.978151 0.172294
vt 0.975306 0.179714
vt 0.914755 0.220344
vt 0.923044 0.222604
vt 0.926818 0.220302
vt 0.963649 0.186005
vt 0.935263 0.208896
vt 0.937299 0.214235
vt 0.945007 0.209581
vt 0.952748 0.200227
vt 0.962313 0.188440
vt 0.948389 0.199629
vt 0.947451 0.210045
vt 0.950494 0.198847
vt 0.930380 0.219482
vt 0.935416 0.219268
vt 0.933716 0.214171
vt 0.970670 0.185850
vt 0.956820 0.199286
vt 0.967370 0.192565
vt 0.952915 0.201098
vt 0.940108 0.216901
vt 0.974190 0.186645
vt 0.972320 0.191737
vt 0.935909 0.217349
vt 0.937158 0.218645
vt 0.921679 0.228815
vt 0.954403 0.205509
vt 0.979262 0.178343
vt 0.978746 0.182857
vt 0.981867 0.182923
vt 0.913357 0.225412
vt 0.913016 0.234632
vt 0.920205 0.232980
vt 0.972575 0.189445
vt 0.957624 0.199708
vt 0.964175 0.201672
vt 0.961772 0.198329
vt 0.934435 0.227264
vt 0.929655 0.220976
vt 0.928678 0.225913
vt 0.934157 0.223099
vt 0.925259 0.232740
vt 0.926273 0.230121
vt 0.927625 0.226381
vt 0.964003 0.206233
vt 0.955812 0.205518
vt 0.937688 0.221720
vt 0.976849 0.187245
vt 0.939160 0.220200
vt 0.946407 0.220598
vt 0.942853 0.216787
vt 0.971559 0.199026
vt 0.931262 0.228390
vt 0.976871 0.190585
vt 0.974491 0.192668
vt 0.975359 0.195191
vt 0.975631 0.191272
vt 0.949541 0.218909
vt 0.956882 0.211513
vt 0.947712 0.212702
vt 0.937500 0.229377
vt 0.978567 0.195346
vt 0.964919 0.197662
vt 0.972439 0.204177
vt 0.972541 0.192214
vt 0.979026 0.199093
vt 0.946002 0.227544
vt 0.931598 0.229966
vt 0.928166 0.230450
vt 0.928725 0.234865
vt 0.915520 0.244918
vt 0.927206 0.234874
vt 0.913886 0.235206
vt 0.962307 0.210930
vt 0.924994 0.238278
vt 0.974883 0.203067
vt 0.971987 0.200674
vt 0.973092 0.204092
vt 0.952336 0.221137
vt 0.944257 0.229886
vt 0.946638 0.221722
vt 0.946331 0.226143
vt 0.952302 0.223271
vt 0.944902 0.234101
vt 0.938743 0.236790
vt 0.934848 0.228269
vt 0.964698 0.207576
vt 0.972550 0.208628
vt 0.931099 0.239781
vt 0.961900 0.223134
vt 0.930985 0.239941
vt 0.924994 0.238286
vt 0.926384 0.241027
vt 0.966955 0.211327
vt 0.940506 0.237388
vt 0.953974 0.222932
vt 0.950377 0.233605
vt 0.969759 0.217455
vt 0.957522 0.225711
vt 0.974287 0.210763
vt 0.935732 0.250439
vt 0.941126 0.237598
vt 0.930184 0.244900
vt 0.945827 0.235137
vt 0.948443 0.243678
vt 0.951198 0.236704
vt 0.962315 0.231697
vt 0.959424 0.224719
vt 0.959936 0.228568
vt 0.978393 0.219492
vt 0.930971 0.256117
vt 0.928829 0.246803
vt 0.920963 0.249496
vt 0.956211 0.240913
vt 0.972321 0.221638
vt 0.964648 0.223311
vt 0.968484 0.227879
vt 0.968971 0.221910
vt 0.944271 0.250331
vt 0.947930 0.247406
vt 0.938669 0.258132
vt 0.951515 0.251499
vt 0.980289 0.226812
vt 0.975415 0.226180
vt 0.974167 0.231181
vt 0.968399 0.230773
vt 0.966948 0.242804
vt 0.974167 0.237727
vt 0.959900 0.244328
vt 0.969234 0.237650
vt 0.949455 0.256309
vt 0.949996 0.253272
vt 0.956305 0.253198
vt 0.965557 0.251764
vt 0.979364 0.228890
vt 0.976014 0.234269
vt 0.981137 0.234188
vt 0.946044 0.260375
vt 0.941885 0.259737
vt 0.953112 0.256468
vt 0.969925 0.243963
vt 0.971435 0.247230
vt 0.973486 0.239656
vt 0.932998 0.260058
vt 0.942276 0.264864
vt 0.973606 0.239576
vt 0.977159 0.239613
vt 0.974573 0.243271
vt 0.958139 0.257466
vt 0.342170 0.084921
vt 0.334174 0.111611
vt 0.238155 0.094319
vt 0.337578 0.110784
vt 0.341900 0.109963
vt 0.334813 0.112580
vt 0.294045 0.009918
vt 0.317736 0.006787
vt 0.339954 0.010253
vt 0.263306 0.010394
vt 0.266490 0.011183
vt 0.271049 0.011659
vt 0.401502 0.298668
vt 0.390854 0.280610
vt 0.402210 0.296281
vt 0.405477 0.303709
vt 0.428649 0.333221
vt 0.421792 0.327614
vt 0.400933 0.299871
vt 0.404492 0.303972
vt 0.401965 0.305743
vt 0.399368 0.303175
vt 0.392215 0.304493
vt 0.397472 0.300224
vt 0.399127 0.308222
vt 0.374365 0.287292
vt 0.354726 0.312609
vt 0.359242 0.299609
vt 0.344480 0.321812
vt 0.330610 0.331692
vt 0.348400 0.312867
vt 0.320439 0.347059
vt 0.322271 0.339156
vt 0.317295 0.349961
vt 0.310205 0.352707
vt 0.306362 0.362194
vt 0.300360 0.367901
vt 0.300044 0.362439
vt 0.748734 0.785048
vt 0.743205 0.786769
vt 0.745208 0.748971
vt 0.787391 0.767235
vt 0.776475 0.793698
vt 0.735914 0.804093
vt 0.789250 0.758778
vt 0.787601 0.770610
vt 0.653383 0.679713
vt 0.649700 0.797608
vt 0.646616 0.735419
vt 0.789395 0.748595
vt 0.774073 0.738898
vt 0.788817 0.717736
vt 0.777715 0.691189
vt 0.037649 0.134922
vt 0.036871 0.134370
vt 0.039244 0.137418
vt 0.423024 0.781167
vt 0.418873 0.777774
vt 0.439630 0.780613
vt 0.486523 0.891931
vt 0.481445 0.893940
vt 0.481855 0.889437
vt 0.528380 0.889905
vt 0.534589 0.893048
vt 0.513437 0.890817
vt 0.582998 0.892862
vt 0.561937 0.893105
vt 0.576991 0.892794
vt 0.598013 0.893094
vt 0.533632 0.890727
vt 0.605686 0.893275
vt 0.610809 0.892378
vt 0.616509 0.893268
vt 0.656602 0.893151
vt 0.639271 0.893511
vt 0.646554 0.892718
vt 0.547707 0.891858
vt 0.536754 0.892599
vt 0.535450 0.890223
vt 0.566610 0.892051
vt 0.549630 0.892183
vt 0.552519 0.889851
vt 0.571284 0.892666
vt 0.569085 0.890187
vt 0.597581 0.889737
vt 0.673345 0.891753
vt 0.673248 0.894676
vt 0.670590 0.893560
vt 0.483601 0.889563
vt 0.675759 0.893509
vt 0.674093 0.891680
vt 0.676320 0.890633
vt 0.637657 0.892075
vt 0.616331 0.892735
vt 0.614533 0.887967
vt 0.559968 0.889832
vt 0.480437 0.886811
vt 0.491816 0.889361
vt 0.542465 0.888870
vt 0.664449 0.890591
vt 0.667671 0.892998
vt 0.651543 0.889686
vt 0.671003 0.889787
vt 0.669914 0.892967
vt 0.668493 0.889316
vt 0.540074 0.888632
vt 0.535359 0.889467
vt 0.568082 0.889770
vt 0.614777 0.891546
vt 0.613666 0.887827
vt 0.648970 0.890388
vt 0.639748 0.890058
vt 0.672530 0.890689
vt 0.491307 0.887296
vt 0.508348 0.887676
vt 0.504334 0.890204
vt 0.497520 0.887293
vt 0.673856 0.890362
vt 0.556322 0.888717
vt 0.569989 0.888866
vt 0.602650 0.889456
vt 0.633030 0.888805
vt 0.635636 0.890259
vt 0.628086 0.888756
vt 0.637783 0.889511
vt 0.521058 0.888645
vt 0.517506 0.889605
vt 0.518560 0.887436
vt 0.523658 0.886971
vt 0.521059 0.888645
vt 0.539014 0.887878
vt 0.535301 0.889407
vt 0.646453 0.888767
vt 0.668145 0.889359
vt 0.481795 0.884260
vt 0.542904 0.886795
vt 0.557159 0.888822
vt 0.557380 0.886103
vt 0.566816 0.889291
vt 0.572469 0.887635
vt 0.586193 0.888213
vt 0.604652 0.887348
vt 0.655939 0.887744
vt 0.504718 0.886950
vt 0.539664 0.886895
vt 0.539816 0.887069
vt 0.568773 0.888413
vt 0.592967 0.886996
vt 0.598611 0.887512
vt 0.646610 0.887033
vt 0.486659 0.884654
vt 0.520197 0.886127
vt 0.569635 0.885756
vt 0.572061 0.887616
vt 0.639992 0.885731
vt 0.563710 0.137500
vt 0.563617 0.139912
vt 0.565691 0.132642
vt 0.534738 0.884762
vt 0.505012 0.884191
vt 0.598875 0.885137
vt 0.602168 0.887172
vt 0.593971 0.886905
vt 0.626894 0.886712
vt 0.639563 0.885348
vt 0.495592 0.883756
vt 0.487695 0.883723
vt 0.522425 0.885986
vt 0.522182 0.884451
vt 0.573865 0.885386
vt 0.611526 0.885607
vt 0.616695 0.887291
vt 0.680276 0.887074
vt 0.643291 0.885296
vt 0.671710 0.888116
vt 0.564712 0.150226
vt 0.485113 0.883178
vt 0.612493 0.885285
vt 0.522863 0.588541
vt 0.524059 0.587475
vt 0.515463 0.587851
vt 0.539412 0.588205
vt 0.621607 0.263134
vt 0.643742 0.439965
vt 0.642659 0.252233
vt 0.620872 0.306397
vt 0.623398 0.328868
vt 0.621206 0.349075
vt 0.111477 0.757318
vt 0.052145 0.776413
vt 0.025631 0.771768
vt 0.222206 0.650810
vt 0.312817 0.534110
vt 0.350265 0.560479
vt 0.148991 0.573081
vt 0.869117 0.808996
vt 0.862523 0.787227
vt 0.864969 0.890833
vt 0.310486 0.277882
vt 0.311069 0.206208
vt 0.286658 0.270108
vt 0.022814 0.587705
vt 0.049474 0.642063
vt 0.030848 0.565408
vt 0.135458 0.627920
vt 0.136924 0.598004
vt 0.105127 0.550246
vt 0.067018 0.551125
vt 0.129507 0.556225
vt 0.753788 0.659454
vt 0.752549 0.658317
vt 0.746449 0.660726
vt 0.775338 0.662015
vt 0.767866 0.650584
vt 0.762025 0.659066
vt 0.762871 0.654348
vt 0.743635 0.659331
vt 0.738172 0.652065
vt 0.736001 0.655862
vt 0.773327 0.655799
vt 0.777863 0.653449
vt 0.751981 0.655280
vt 0.748095 0.652499
vt 0.739805 0.651585
vt 0.722362 0.657681
vt 0.718974 0.653439
vt 0.713992 0.655170
vt 0.724120 0.656480
vt 0.720359 0.648737
vt 0.735798 0.657890
vt 0.752096 0.654722
vt 0.750787 0.651905
vt 0.749814 0.652304
vt 0.759965 0.653380
vt 0.758166 0.649859
vt 0.752753 0.654550
vt 0.760722 0.649185
vt 0.762585 0.652263
vt 0.773042 0.654736
vt 0.777824 0.651732
vt 0.735798 0.651093
vt 0.728467 0.647327
vt 0.751986 0.646808
vt 0.746053 0.650116
vt 0.715869 0.647205
vt 0.709894 0.653216
vt 0.718226 0.650907
vt 0.732406 0.647792
vt 0.766473 0.647402
vt 0.765830 0.650600
vt 0.738372 0.645245
vt 0.736247 0.650950
vt 0.711632 0.644955
vt 0.760377 0.642634
vt 0.761581 0.646607
vt 0.744274 0.644689
vt 0.701540 0.650008
vt 0.708866 0.646963
vt 0.701237 0.646627
vt 0.687891 0.650221
vt 0.696152 0.650536
vt 0.687478 0.643520
vt 0.772244 0.643631
vt 0.737049 0.644438
vt 0.729728 0.646447
vt 0.699823 0.646270
vt 0.720727 0.643006
vt 0.766976 0.646951
vt 0.771182 0.643022
vt 0.766635 0.643341
vt 0.703719 0.642849
vt 0.742338 0.642933
vt 0.717690 0.645556
vt 0.719720 0.643785
vt 0.712205 0.644031
vt 0.727859 0.641406
vt 0.751819 0.645917
vt 0.750407 0.641466
vt 0.744490 0.642807
vt 0.699273 0.641153
vt 0.707473 0.644014
vt 0.707050 0.641725
vt 0.732550 0.638748
vt 0.718582 0.641422
vt 0.713585 0.634941
vt 0.719656 0.639402
vt 0.729056 0.641499
vt 0.725010 0.640848
vt 0.687089 0.642791
vt 0.689224 0.638888
vt 0.684624 0.640352
vt 0.742828 0.642581
vt 0.747227 0.640808
vt 0.743895 0.635621
vt 0.770417 0.635066
vt 0.759798 0.640723
vt 0.757859 0.640704
vt 0.753373 0.632807
vt 0.658670 0.642405
vt 0.665929 0.642320
vt 0.662887 0.638986
vt 0.762225 0.636986
vt 0.706787 0.641357
vt 0.704523 0.638172
vt 0.704228 0.640560
vt 0.722355 0.633333
vt 0.726442 0.636161
vt 0.736711 0.636382
vt 0.685178 0.647654
vt 0.681520 0.637851
vt 0.669288 0.643329
vt 0.702254 0.638116
vt 0.696887 0.635649
vt 0.761318 0.635927
vt 0.624587 0.644940
vt 0.632103 0.641209
vt 0.623072 0.641104
vt 0.650951 0.638721
vt 0.663688 0.636477
vt 0.653480 0.632168
vt 0.745238 0.633411
vt 0.687358 0.636008
vt 0.730011 0.634372
vt 0.731509 0.637206
vt 0.738305 0.637425
vt 0.629700 0.633491
vt 0.692250 0.637879
vt 0.691592 0.635288
vt 0.761390 0.629603
vt 0.765972 0.632454
vt 0.660747 0.629676
vt 0.743842 0.635279
vt 0.744879 0.632119
vt 0.743038 0.632265
vt 0.614546 0.643045
vt 0.611755 0.634483
vt 0.608962 0.638708
vt 0.620672 0.635029
vt 0.690697 0.629693
vt 0.684593 0.632710
vt 0.720802 0.634048
vt 0.719765 0.631913
vt 0.713982 0.634623
vt 0.718712 0.636036
vt 0.778684 0.635536
vt 0.779145 0.631472
vt 0.775689 0.632835
vt 0.682852 0.636954
vt 0.698862 0.633597
vt 0.692739 0.633621
vt 0.667952 0.639658
vt 0.674632 0.633341
vt 0.677098 0.632647
vt 0.766920 0.628513
vt 0.613501 0.630485
vt 0.746396 0.628380
vt 0.742205 0.626320
vt 0.736840 0.633825
vt 0.708864 0.630143
vt 0.643188 0.640163
vt 0.638867 0.628507
vt 0.633733 0.635312
vt 0.645903 0.631256
vt 0.705124 0.637054
vt 0.704824 0.630332
vt 0.617131 0.634776
vt 0.618713 0.630877
vt 0.773328 0.630798
vt 0.684824 0.631962
vt 0.684243 0.626269
vt 0.682563 0.631378
vt 0.712959 0.628808
vt 0.722814 0.631399
vt 0.727224 0.628238
vt 0.738664 0.627374
vt 0.688475 0.625419
vt 0.735120 0.630250
vt 0.734296 0.625004
vt 0.606703 0.633527
vt 0.609156 0.636321
vt 0.610078 0.632886
vt 0.766891 0.625393
vt 0.776846 0.630069
vt 0.776521 0.616466
vt 0.771607 0.624376
vt 0.646637 0.628139
vt 0.665377 0.628159
vt 0.702744 0.625328
vt 0.719477 0.625041
vt 0.608172 0.627153
vt 0.657456 0.627118
vt 0.635905 0.631559
vt 0.634580 0.625343
vt 0.632186 0.632327
vt 0.766255 0.623621
vt 0.763781 0.627234
vt 0.630453 0.628984
vt 0.618992 0.631541
vt 0.605195 0.633130
vt 0.677321 0.626652
vt 0.666167 0.624074
vt 0.710716 0.627374
vt 0.714567 0.625808
vt 0.762352 0.627992
vt 0.762803 0.619729
vt 0.758793 0.619325
vt 0.612901 0.629048
vt 0.627905 0.625533
vt 0.708068 0.624066
vt 0.712570 0.622979
vt 0.757881 0.630122
vt 0.748972 0.625402
vt 0.647476 0.630666
vt 0.655258 0.625037
vt 0.648235 0.627796
vt 0.737950 0.627155
vt 0.740170 0.623646
vt 0.734073 0.624115
vt 0.745511 0.616634
vt 0.646625 0.625291
vt 0.642583 0.620941
vt 0.721729 0.620351
vt 0.746115 0.623131
vt 0.745622 0.619326
vt 0.740921 0.623393
vt 0.748811 0.618084
vt 0.690526 0.619074
vt 0.615220 0.624604
vt 0.623391 0.626865
vt 0.622014 0.623974
vt 0.618672 0.626051
vt 0.718354 0.624228
vt 0.719867 0.617557
vt 0.713695 0.624336
vt 0.733841 0.618645
vt 0.647442 0.624563
vt 0.699433 0.620646
vt 0.756337 0.612249
vt 0.639755 0.626542
vt 0.638252 0.622409
vt 0.635775 0.624180
vt 0.714805 0.618336
vt 0.725224 0.619212
vt 0.648744 0.620811
vt 0.678777 0.626438
vt 0.684837 0.623875
vt 0.677425 0.620118
vt 0.611473 0.622743
vt 0.694757 0.617794
vt 0.706402 0.622546
vt 0.727515 0.615237
vt 0.728564 0.623459
vt 0.624405 0.624524
vt 0.623955 0.622939
vt 0.649603 0.621466
vt 0.656342 0.625017
vt 0.665414 0.623597
vt 0.658253 0.616690
vt 0.666579 0.619267
vt 0.685058 0.622900
vt 0.688790 0.617925
vt 0.683846 0.619780
vt 0.607328 0.624709
vt 0.610444 0.623459
vt 0.610206 0.619386
vt 0.629937 0.624972
vt 0.629041 0.617407
vt 0.625586 0.619932
vt 0.630924 0.625739
vt 0.633684 0.621473
vt 0.651442 0.619778
vt 0.682152 0.620176
vt 0.725686 0.615421
vt 0.726804 0.618896
vt 0.732641 0.610512
vt 0.598755 0.621628
vt 0.593213 0.622387
vt 0.601291 0.631085
vt 0.634426 0.620440
vt 0.636464 0.622017
vt 0.637903 0.620615
vt 0.615701 0.623523
vt 0.705861 0.617176
vt 0.621971 0.621068
vt 0.698309 0.617154
vt 0.702148 0.615981
vt 0.615485 0.618642
vt 0.611927 0.622046
vt 0.682084 0.620033
vt 0.679757 0.617908
vt 0.644246 0.617099
vt 0.633204 0.613503
vt 0.652229 0.614455
vt 0.773017 0.610012
vt 0.769703 0.613526
vt 0.763018 0.619487
vt 0.617197 0.618355
vt 0.653735 0.619045
vt 0.604520 0.616627
vt 0.600971 0.620124
vt 0.607101 0.625105
vt 0.670194 0.610652
vt 0.676245 0.616973
vt 0.606596 0.620339
vt 0.647503 0.614257
vt 0.633707 0.616035
vt 0.678245 0.613716
vt 0.739973 0.610017
vt 0.749309 0.616892
vt 0.746050 0.609357
vt 0.746621 0.615983
vt 0.768920 0.612433
vt 0.758776 0.611296
vt 0.624394 0.616349
vt 0.727663 0.614433
vt 0.727603 0.611512
vt 0.750419 0.613701
vt 0.595114 0.618592
vt 0.621026 0.617044
vt 0.620451 0.612123
vt 0.615426 0.617270
vt 0.661592 0.614949
vt 0.642365 0.609453
vt 0.601148 0.615690
vt 0.609907 0.619187
vt 0.615422 0.617248
vt 0.613006 0.612874
vt 0.714942 0.615347
vt 0.709388 0.611537
vt 0.708206 0.616188
vt 0.767972 0.609450
vt 0.707839 0.616109
vt 0.708399 0.611111
vt 0.702193 0.613496
vt 0.717603 0.614160
vt 0.593130 0.613430
vt 0.704766 0.607408
vt 0.602557 0.612057
vt 0.604452 0.615944
vt 0.698748 0.613111
vt 0.594898 0.613803
vt 0.721755 0.612642
vt 0.718695 0.609462
vt 0.592956 0.612873
vt 0.590483 0.609724
vt 0.591745 0.613707
vt 0.676812 0.609576
vt 0.674077 0.612097
vt 0.711926 0.609281
vt 0.749642 0.604788
vt 0.601091 0.615637
vt 0.599351 0.612165
vt 0.630653 0.612291
vt 0.625043 0.607751
vt 0.627128 0.615144
vt 0.754765 0.607032
vt 0.680160 0.611184
vt 0.689448 0.613409
vt 0.684953 0.608952
vt 0.692439 0.609669
vt 0.608024 0.609495
vt 0.610654 0.608208
vt 0.655422 0.612445
vt 0.660164 0.610026
vt 0.652268 0.613346
vt 0.760002 0.610215
vt 0.763739 0.606769
vt 0.632524 0.609867
vt 0.647503 0.614230
vt 0.649407 0.609341
vt 0.645777 0.611993
vt 0.710154 0.606039
vt 0.726459 0.609547
vt 0.726146 0.603325
vt 0.725139 0.606639
vt 0.733525 0.609617
vt 0.689221 0.607746
vt 0.747890 0.606110
vt 0.745288 0.605649
vt 0.679024 0.609803
vt 0.684777 0.607136
vt 0.677762 0.606594
vt 0.616609 0.604425
vt 0.692965 0.605142
vt 0.732281 0.604675
vt 0.712333 0.604982
vt 0.711024 0.607163
vt 0.717460 0.607268
vt 0.593617 0.608199
vt 0.622435 0.611207
vt 0.634274 0.604537
vt 0.600713 0.609319
vt 0.603872 0.605964
vt 0.629920 0.605882
vt 0.656352 0.604273
vt 0.652814 0.606939
vt 0.638657 0.602715
vt 0.598287 0.607497
vt 0.661391 0.603163
vt 0.611659 0.603219
vt 0.680495 0.598624
vt 0.749517 0.604340
vt 0.747222 0.597829
vt 0.740708 0.601612
vt 0.619630 0.604864
vt 0.652410 0.607207
vt 0.653964 0.603154
vt 0.664908 0.603018
vt 0.670954 0.605805
vt 0.720784 0.607107
vt 0.722228 0.603097
vt 0.719246 0.603255
vt 0.667500 0.602474
vt 0.676439 0.603565
vt 0.700601 0.599820
vt 0.710066 0.605317
vt 0.713526 0.596539
vt 0.704612 0.604382
vt 0.607028 0.603900
vt 0.683917 0.601117
vt 0.693895 0.601671
vt 0.642089 0.603649
vt 0.640541 0.600975
vt 0.695428 0.601724
vt 0.742803 0.594270
vt 0.647042 0.607416
vt 0.650283 0.596568
vt 0.642561 0.604486
vt 0.673503 0.605157
vt 0.676357 0.600606
vt 0.669927 0.602290
vt 0.702378 0.596888
vt 0.755590 0.597242
vt 0.750011 0.601913
vt 0.757243 0.602654
vt 0.759147 0.598616
vt 0.610960 0.598546
vt 0.602955 0.604170
vt 0.657900 0.601740
vt 0.643083 0.600538
vt 0.649071 0.601851
vt 0.775602 0.599207
vt 0.774532 0.610541
vt 0.777876 0.592981
vt 0.649096 0.599875
vt 0.664390 0.601108
vt 0.659467 0.600621
vt 0.661290 0.601944
vt 0.670345 0.599461
vt 0.773267 0.596687
vt 0.771145 0.596728
vt 0.771122 0.600385
vt 0.695032 0.598942
vt 0.605118 0.598851
vt 0.600578 0.604272
vt 0.613294 0.601871
vt 0.615923 0.602388
vt 0.614654 0.598891
vt 0.667881 0.600339
vt 0.724544 0.602422
vt 0.736815 0.597923
vt 0.724494 0.597227
vt 0.658361 0.601091
vt 0.655284 0.595939
vt 0.692161 0.597013
vt 0.740644 0.594965
vt 0.595993 0.603122
vt 0.595417 0.597286
vt 0.589814 0.604636
vt 0.637273 0.598607
vt 0.653943 0.598038
vt 0.671662 0.596836
vt 0.602277 0.601495
vt 0.604106 0.597550
vt 0.596100 0.595409
vt 0.666938 0.597617
vt 0.767889 0.597678
vt 0.770066 0.594946
vt 0.762444 0.596828
vt 0.759315 0.591102
vt 0.627998 0.597762
vt 0.676055 0.595471
vt 0.632508 0.596436
vt 0.697203 0.591379
vt 0.693654 0.594193
vt 0.746459 0.592633
vt 0.616294 0.593311
vt 0.636404 0.598000
vt 0.726535 0.596111
vt 0.728356 0.592929
vt 0.725699 0.593331
vt 0.624740 0.605645
vt 0.693660 0.594209
vt 0.689199 0.596709
vt 0.721485 0.596457
vt 0.720934 0.591015
vt 0.662498 0.596864
vt 0.659429 0.594344
vt 0.664165 0.596741
vt 0.681515 0.596202
vt 0.687642 0.591305
vt 0.733824 0.594372
vt 0.734628 0.591032
vt 0.729631 0.591582
vt 0.623917 0.595328
vt 0.633357 0.594678
vt 0.663888 0.592146
vt 0.687071 0.596239
vt 0.723189 0.592996
vt 0.773063 0.594707
vt 0.636107 0.591113
vt 0.714992 0.591450
vt 0.737448 0.589832
vt 0.737243 0.589795
vt 0.609954 0.596246
vt 0.620772 0.594125
vt 0.645338 0.593638
vt 0.755364 0.588071
vt 0.766376 0.589102
vt 0.693421 0.591644
vt 0.752936 0.587696
vt 0.703893 0.594389
vt 0.715078 0.586045
vt 0.704416 0.588739
vt 0.769633 0.589258
vt 0.619349 0.589014
vt 0.617684 0.592388
vt 0.631255 0.593952
vt 0.602041 0.591757
vt 0.609165 0.594442
vt 0.651528 0.593095
vt 0.643321 0.588472
vt 0.645106 0.592142
vt 0.670537 0.594379
vt 0.735543 0.587755
vt 0.748361 0.590837
vt 0.747372 0.588217
vt 0.744373 0.589442
vt 0.643283 0.591725
vt 0.640398 0.590492
vt 0.668122 0.585502
vt 0.725949 0.590078
vt 0.725466 0.586024
vt 0.721655 0.590982
vt 0.742432 0.592054
vt 0.742851 0.584297
vt 0.719905 0.585661
vt 0.717167 0.587527
vt 0.609354 0.583393
vt 0.660850 0.589640
vt 0.692820 0.584612
vt 0.743596 0.588543
vt 0.771527 0.588505
vt 0.764939 0.584327
vt 0.616559 0.590539
vt 0.683376 0.589418
vt 0.697729 0.589560
vt 0.778373 0.589728
vt 0.768480 0.579852
vt 0.597425 0.591765
vt 0.601307 0.589435
vt 0.630212 0.583803
vt 0.680096 0.587468
vt 0.733864 0.584403
vt 0.745800 0.584717
vt 0.733578 0.587412
vt 0.753130 0.586611
vt 0.745857 0.584622
vt 0.638446 0.586105
vt 0.678203 0.584489
vt 0.670806 0.582744
vt 0.735166 0.583804
vt 0.686460 0.588714
vt 0.684158 0.589155
vt 0.705160 0.584762
vt 0.643422 0.585721
vt 0.638387 0.579224
vt 0.641397 0.587670
vt 0.639472 0.586182
vt 0.717647 0.582171
vt 0.715425 0.584002
vt 0.720251 0.582524
vt 0.732578 0.582108
vt 0.648014 0.583354
vt 0.644595 0.586512
vt 0.680333 0.587016
vt 0.682286 0.587100
vt 0.682302 0.582975
vt 0.694182 0.581494
vt 0.731383 0.582614
vt 0.631762 0.584431
vt 0.653033 0.582493
vt 0.684804 0.582283
vt 0.697636 0.579872
vt 0.700077 0.585309
vt 0.747278 0.581108
vt 0.715515 0.578836
vt 0.777702 0.575909
vt 0.647686 0.583116
vt 0.765772 0.578839
vt 0.739692 0.578748
vt 0.662002 0.585822
vt 0.664991 0.583336
vt 0.664191 0.578667
vt 0.689892 0.580840
vt 0.749746 0.579321
vt 0.615280 0.582809
vt 0.756494 0.578431
vt 0.646808 0.577405
vt 0.760424 0.577238
vt 0.725750 0.576159
vt 0.722124 0.576964
vt 0.722074 0.581954
vt 0.728343 0.579993
vt 0.748879 0.579313
vt 0.749736 0.576363
vt 0.744570 0.578633
vt 0.654019 0.576988
vt 0.747997 0.568744
vt 0.742461 0.576285
vt 0.716374 0.577691
vt 0.720642 0.578962
vt 0.717969 0.575140
vt 0.751556 0.576476
vt 0.754173 0.576367
vt 0.758208 0.570861
vt 0.708277 0.574577
vt 0.761659 0.574375
vt 0.679999 0.571443
vt 0.667410 0.578545
vt 0.675263 0.580052
vt 0.720462 0.574786
vt 0.718730 0.575810
vt 0.723408 0.574353
vt 0.766978 0.573698
vt 0.694327 0.581119
vt 0.692405 0.573404
vt 0.690766 0.578176
vt 0.728415 0.572939
vt 0.687066 0.577289
vt 0.690666 0.578149
vt 0.689446 0.572770
vt 0.766857 0.573546
vt 0.765507 0.571784
vt 0.769861 0.572480
vt 0.772922 0.571656
vt 0.663467 0.574241
vt 0.696729 0.572891
vt 0.726982 0.573332
vt 0.729630 0.563763
vt 0.721093 0.571575
vt 0.740755 0.570874
vt 0.769921 0.569393
vt 0.764547 0.570424
vt 0.760921 0.567069
vt 0.752696 0.565176
vt 0.761448 0.568902
vt 0.759939 0.571734
vt 0.665272 0.574297
vt 0.731605 0.566668
vt 0.774234 0.569809
vt 0.776357 0.568737
vt 0.693333 0.571038
vt 0.688299 0.571672
vt 0.718082 0.573911
vt 0.706370 0.571599
vt 0.715767 0.563832
vt 0.741290 0.562154
vt 0.698960 0.568455
vt 0.706982 0.567989
vt 0.772479 0.558070
vt 0.753016 0.564638
vt 0.757110 0.561314
vt 0.746619 0.565146
vt 0.757985 0.560756
vt 0.745279 0.560571
vt 0.133614 0.942234
vt 0.133886 0.939506
vt 0.130569 0.945835
vt 0.845390 0.333555
vt 0.851762 0.351121
vt 0.854790 0.327742
vt 0.843550 0.333047
vt 0.837402 0.337128
vt 0.842087 0.340232
vt 0.843492 0.350745
vt 0.839279 0.352500
vt 0.837601 0.353948
vt 0.894992 0.365731
vt 0.900610 0.364106
vt 0.903024 0.357524
vt 0.848479 0.364112
vt 0.847173 0.355103
vt 0.842867 0.354955
vt 0.841113 0.354345
vt 0.837261 0.358764
vt 0.857475 0.365558
vt 0.855056 0.357598
vt 0.854439 0.362260
vt 0.858228 0.373059
vt 0.839663 0.370617
vt 0.833762 0.353424
vt 0.831581 0.370096
vt 0.888403 0.372210
vt 0.869895 0.373328
vt 0.877672 0.377207
vt 0.862608 0.371552
vt 0.852490 0.367151
vt 0.854030 0.373919
vt 0.868096 0.378421
vt 0.851229 0.374958
vt 0.864707 0.378506
vt 0.866923 0.376961
vt 0.857824 0.378360
vt 0.876586 0.383857
vt 0.870483 0.381491
vt 0.872725 0.383188
vt 0.881398 0.379529
vt 0.887485 0.382799
vt 0.839851 0.372451
vt 0.836510 0.375110
vt 0.843248 0.388341
vt 0.865420 0.383745
vt 0.856748 0.379335
vt 0.846530 0.382100
vt 0.829482 0.374556
vt 0.831245 0.377733
vt 0.853795 0.388317
vt 0.884548 0.386174
vt 0.892209 0.388978
vt 0.834107 0.379046
vt 0.828548 0.379867
vt 0.833572 0.389206
vt 0.827144 0.392404
vt 0.831031 0.397682
vt 0.833155 0.400472
vt 0.833283 0.392624
vt 0.840064 0.394854
vt 0.253265 0.481384
vt 0.253048 0.485994
vt 0.250178 0.490565
vt 0.235884 0.485594
vt 0.889470 0.435949
vt 0.894113 0.430607
vt 0.884778 0.436683
vt 0.970765 0.677477
vt 0.971243 0.679427
vt 0.957611 0.676880
vt 0.970228 0.672844
vt 0.972781 0.675973
vt 0.951761 0.675934
vt 0.949544 0.678658
vt 0.946643 0.677352
vt 0.946988 0.673457
vt 0.944107 0.677305
vt 0.941280 0.674753
vt 0.939009 0.675373
vt 0.938240 0.678006
vt 0.937349 0.672583
vt 0.951535 0.670408
vt 0.951757 0.675936
vt 0.954093 0.675452
vt 0.975372 0.674644
vt 0.930549 0.672239
vt 0.932593 0.677458
vt 0.924527 0.676085
vt 0.963183 0.664024
vt 0.954858 0.671479
vt 0.963630 0.668731
vt 0.945572 0.668858
vt 0.940747 0.667770
vt 0.924177 0.668712
vt 0.929644 0.671801
vt 0.920839 0.672580
vt 0.949472 0.667235
vt 0.921680 0.667240
vt 0.921157 0.670314
vt 0.908767 0.662683
vt 0.966974 0.667523
vt 0.973007 0.666089
vt 0.971449 0.670386
vt 0.955529 0.660925
vt 0.918356 0.658766
vt 0.969360 0.664837
vt 0.936690 0.664347
vt 0.939608 0.669080
vt 0.933825 0.667016
vt 0.911640 0.661147
vt 0.926516 0.661911
vt 0.944384 0.661886
vt 0.965046 0.664537
vt 0.925321 0.663184
vt 0.940562 0.661924
vt 0.931719 0.658081
vt 0.934476 0.664185
vt 0.939452 0.663163
vt 0.936504 0.664103
vt 0.935099 0.663975
vt 0.951037 0.662460
vt 0.947450 0.664124
vt 0.945024 0.661482
vt 0.971207 0.662040
vt 0.964508 0.661715
vt 0.983356 0.656798
vt 0.981621 0.669522
vt 0.974490 0.662160
vt 0.961871 0.661199
vt 0.957211 0.659445
vt 0.928756 0.658304
vt 0.914771 0.656969
vt 0.951821 0.656666
vt 0.925925 0.657416
vt 0.927024 0.661321
vt 0.923635 0.656068
vt 0.964834 0.653811
vt 0.950805 0.656427
vt 0.944630 0.659497
vt 0.942887 0.656806
vt 0.939133 0.660712
vt 0.940156 0.652331
vt 0.954636 0.656855
vt 0.932676 0.653169
vt 0.911163 0.658813
vt 0.911937 0.653704
vt 0.907229 0.656420
vt 0.899859 0.659865
vt 0.900105 0.649983
vt 0.927724 0.653740
vt 0.982891 0.644689
vt 0.920410 0.647051
vt 0.911330 0.653338
vt 0.909519 0.650302
vt 0.935776 0.649339
vt 0.927176 0.651858
vt 0.929009 0.649917
vt 0.908350 0.652819
vt 0.906181 0.648898
vt 0.908118 0.646291
vt 0.953799 0.646842
vt 0.954881 0.650119
vt 0.949700 0.646184
vt 0.949823 0.653559
vt 0.908058 0.646166
vt 0.951672 0.645538
vt 0.931591 0.644793
vt 0.924510 0.646349
vt 0.924254 0.643663
vt 0.937142 0.643738
vt 0.967634 0.653479
vt 0.974993 0.639807
vt 0.975249 0.645961
vt 0.907646 0.642741
vt 0.909423 0.644303
vt 0.949714 0.643845
vt 0.911369 0.643938
vt 0.912950 0.640616
vt 0.951733 0.645510
vt 0.954464 0.640928
vt 0.959155 0.652969
vt 0.955845 0.645429
vt 0.955598 0.641150
vt 0.968363 0.648317
vt 0.934321 0.641603
vt 0.970628 0.643135
vt 0.976557 0.641254
vt 0.975904 0.645628
vt 0.943657 0.638757
vt 0.903518 0.640658
vt 0.893602 0.649158
vt 0.897610 0.640078
vt 0.979606 0.639612
vt 0.921226 0.643306
vt 0.919005 0.640175
vt 0.966573 0.634747
vt 0.966735 0.643173
vt 0.892587 0.639748
vt 0.941206 0.638071
vt 0.933515 0.637568
vt 0.965296 0.641280
vt 0.963092 0.637322
vt 0.974415 0.635050
vt 0.926471 0.634461
vt 0.907120 0.635451
vt 0.906385 0.640077
vt 0.905435 0.634040
vt 0.958185 0.633955
vt 0.916015 0.631337
vt 0.909454 0.642016
vt 0.910610 0.633742
vt 0.936041 0.633763
vt 0.955041 0.635311
vt 0.919245 0.634600
vt 0.939978 0.634455
vt 0.951941 0.633470
vt 0.953341 0.636702
vt 0.945482 0.637181
vt 0.960224 0.631692
vt 0.971570 0.632623
vt 0.965396 0.629143
vt 0.954582 0.632353
vt 0.952205 0.633524
vt 0.967911 0.632314
vt 0.981002 0.632251
vt 0.977793 0.638678
vt 0.900952 0.628813
vt 0.899198 0.636298
vt 0.935099 0.633539
vt 0.926279 0.630848
vt 0.934388 0.628551
vt 0.958226 0.633839
vt 0.954953 0.629371
vt 0.958472 0.631193
vt 0.906192 0.632811
vt 0.910823 0.627689
vt 0.921306 0.631167
vt 0.918270 0.628301
vt 0.943029 0.633651
vt 0.940012 0.633842
vt 0.938302 0.631875
vt 0.900396 0.628381
vt 0.943913 0.631747
vt 0.893641 0.634358
vt 0.950771 0.624492
vt 0.953812 0.631519
vt 0.950846 0.632100
vt 0.923380 0.623764
vt 0.922197 0.630847
vt 0.968878 0.628122
vt 0.967976 0.632138
vt 0.966015 0.627590
vt 0.937712 0.628204
vt 0.937011 0.630023
vt 0.945856 0.631579
vt 0.975252 0.627790
vt 0.974047 0.624566
vt 0.919184 0.623441
vt 0.941944 0.618008
vt 0.958425 0.617760
vt 0.965697 0.625806
vt 0.896540 0.621867
vt 0.914735 0.630044
vt 0.912019 0.627079
vt 0.953655 0.622158
vt 0.953985 0.626248
vt 0.968545 0.622688
vt 0.926243 0.618743
vt 0.926511 0.625617
vt 0.925457 0.623465
vt 0.936691 0.621989
vt 0.922773 0.618699
vt 0.948428 0.613492
vt 0.962862 0.617520
vt 0.981619 0.619035
vt 0.974549 0.623932
vt 0.969736 0.617295
vt 0.917637 0.620958
vt 0.977171 0.621720
vt 0.976367 0.619354
vt 0.930029 0.619027
vt 0.908286 0.612922
vt 0.938281 0.610037
vt 0.975465 0.616795
vt 0.940347 0.616315
vt 0.921369 0.614172
vt 0.917032 0.609319
vt 0.956445 0.613067
vt 0.923031 0.614975
vt 0.953036 0.615673
vt 0.926480 0.611304
vt 0.924904 0.615186
vt 0.945249 0.611987
vt 0.964298 0.609979
vt 0.967529 0.615736
vt 0.959078 0.616255
vt 0.976883 0.614294
vt 0.982128 0.616229
vt 0.978656 0.616286
vt 0.970540 0.609370
vt 0.933990 0.612227
vt 0.922327 0.613372
vt 0.920611 0.607655
vt 0.951471 0.610500
vt 0.944986 0.607274
vt 0.971406 0.614253
vt 0.970219 0.610947
vt 0.961009 0.609461
vt 0.941961 0.610311
vt 0.929293 0.609353
vt 0.933216 0.612075
vt 0.928379 0.611334
vt 0.957811 0.609212
vt 0.905422 0.612752
vt 0.897226 0.620173
vt 0.902869 0.607074
vt 0.912932 0.604905
vt 0.908670 0.609752
vt 0.928259 0.609037
vt 0.928386 0.603735
vt 0.938249 0.607218
vt 0.951200 0.604497
vt 0.981465 0.607176
vt 0.979974 0.608890
vt 0.977946 0.605088
vt 0.974634 0.606031
vt 0.908100 0.604987
vt 0.933565 0.605590
vt 0.981629 0.607107
vt 0.982997 0.598982
vt 0.983586 0.607161
vt 0.900971 0.605006
vt 0.937928 0.602235
vt 0.942342 0.606732
vt 0.898440 0.604459
vt 0.897274 0.617071
vt 0.894031 0.600305
vt 0.962022 0.601167
vt 0.959221 0.606242
vt 0.953815 0.605255
vt 0.924792 0.603603
vt 0.931075 0.603256
vt 0.969101 0.600991
vt 0.962888 0.608352
vt 0.981856 0.604554
vt 0.960973 0.608490
vt 0.923275 0.602942
vt 0.920931 0.606314
vt 0.918641 0.600927
vt 0.903395 0.602243
vt 0.934712 0.602805
vt 0.917109 0.597000
vt 0.916471 0.604991
vt 0.911920 0.603243
vt 0.955288 0.600839
vt 0.907790 0.602653
vt 0.912473 0.599524
vt 0.946661 0.603181
vt 0.907735 0.599532
vt 0.953680 0.601307
vt 0.952253 0.598546
vt 0.902881 0.600818
vt 0.975839 0.601631
vt 0.928831 0.600604
vt 0.932248 0.600448
vt 0.945407 0.599350
vt 0.910061 0.597427
vt 0.957545 0.592237
vt 0.939949 0.594417
vt 0.915956 0.591432
vt 0.982659 0.596461
vt 0.976509 0.599190
vt 0.979624 0.592228
vt 0.927965 0.590819
vt 0.902246 0.599061
vt 0.901468 0.593341
vt 0.906248 0.597731
vt 0.918973 0.597883
vt 0.908180 0.592885
vt 0.920746 0.592978
vt 0.945677 0.599254
vt 0.945728 0.595379
vt 0.951520 0.596294
vt 0.936886 0.600483
vt 0.933013 0.591459
vt 0.939157 0.593947
vt 0.970667 0.596191
vt 0.967126 0.597827
vt 0.963216 0.590500
vt 0.950488 0.593118
vt 0.941130 0.593969
vt 0.943421 0.585125
vt 0.925294 0.585882
vt 0.917234 0.589222
vt 0.966163 0.583923
vt 0.972995 0.589695
vt 0.981124 0.582567
vt 0.981806 0.591262
vt 0.976288 0.589398
vt 0.955345 0.589381
vt 0.953317 0.591036
vt 0.950665 0.585706
vt 0.933305 0.585023
vt 0.928717 0.589870
vt 0.959936 0.589247
vt 0.955590 0.588738
vt 0.961019 0.583095
vt 0.957996 0.584949
vt 0.956085 0.583600
vt 0.125107 0.874831
vt 0.134491 0.872018
vt 0.134752 0.876058
vt 0.529967 0.494988
vt 0.531443 0.509277
vt 0.538697 0.497838
vt 0.462841 0.259303
vt 0.427249 0.234794
vt 0.438157 0.273198
vt 0.461223 0.235731
vt 0.466671 0.213977
vt 0.262613 0.259097
vt 0.262211 0.265241
vt 0.262887 0.271839
vt 0.582040 0.987314
vt 0.590889 0.986468
vt 0.601345 0.990621
vt 0.727062 0.101873
vt 0.726404 0.074757
vt 0.736713 0.101150
vt 0.718224 0.053903
vt 0.653365 0.061090
vt 0.683648 0.021769
vt 0.043583 0.679214
vt 0.043974 0.679454
vt 0.048125 0.679321
vt 0.044020 0.683859
vt 0.048832 0.683901
vt 0.436394 0.924264
vt 0.393372 0.928987
vt 0.392790 0.922642
vt 0.866701 0.018374
vt 0.864427 0.022491
vt 0.866002 0.059955
vt 0.466351 0.596680
vt 0.470121 0.587488
vt 0.474199 0.595424
vt 0.441022 0.605169
vt 0.466693 0.598961
vt 0.456313 0.606848
vt 0.719854 0.934512
vt 0.709270 0.923691
vt 0.714791 0.953872
vt 0.431529 0.299804
vt 0.443414 0.322080
vt 0.433603 0.289746
vt 0.455436 0.298716
vt 0.739520 0.938519
vt 0.733085 0.928964
vt 0.743897 0.933200
vt 0.733420 0.960636
vt 0.731075 0.946261
vt 0.739656 0.943579
vt 0.745665 0.950390
vt 0.119528 0.692527
vt 0.114555 0.690897
vt 0.114144 0.692809
vt 0.744802 0.931078
vt 0.752965 0.940557
vt 0.745614 0.934728
vt 0.747316 0.961388
vt 0.745714 0.951558
vt 0.748940 0.952893
vt 0.744200 0.917951
vt 0.747173 0.916106
vt 0.753050 0.914499
vt 0.747426 0.930960
vt 0.748122 0.923808
vt 0.757865 0.927581
vt 0.755348 0.954355
vt 0.759972 0.931808
vt 0.757666 0.957333
vt 0.747556 0.963463
vt 0.757878 0.959447
vt 0.761389 0.966812
vt 0.760883 0.923145
vt 0.755614 0.949918
vt 0.760085 0.953672
vt 0.761728 0.936168
vt 0.758537 0.943277
vt 0.764547 0.942924
vt 0.760606 0.945351
vt 0.760491 0.930178
vt 0.760840 0.923303
vt 0.767441 0.922949
vt 0.762328 0.937291
vt 0.764445 0.951343
vt 0.759710 0.917236
vt 0.764559 0.912980
vt 0.762620 0.918197
vt 0.761210 0.959138
vt 0.763712 0.947462
vt 0.769095 0.930087
vt 0.765167 0.933813
vt 0.762043 0.953484
vt 0.765606 0.952676
vt 0.767394 0.959056
vt 0.770985 0.946829
vt 0.771547 0.950804
vt 0.769854 0.935197
vt 0.768065 0.931418
vt 0.771961 0.931689
vt 0.765159 0.942338
vt 0.764863 0.936727
vt 0.782322 0.940529
vt 0.775107 0.935734
vt 0.783495 0.955477
vt 0.767538 0.962737
vt 0.775377 0.943215
vt 0.771847 0.927498
vt 0.775768 0.925493
vt 0.771905 0.929909
vt 0.776100 0.930211
vt 0.775288 0.948602
vt 0.772769 0.951904
vt 0.776672 0.965117
vt 0.773310 0.970666
vt 0.781525 0.915556
vt 0.775998 0.903720
vt 0.788566 0.916588
vt 0.777660 0.943280
vt 0.781186 0.943593
vt 0.783403 0.949634
vt 0.780890 0.934626
vt 0.781646 0.932189
vt 0.778497 0.933388
vt 0.776204 0.931990
vt 0.776947 0.971218
vt 0.778309 0.964341
vt 0.781460 0.962322
vt 0.782672 0.933321
vt 0.780706 0.961445
vt 0.785018 0.944964
vt 0.788367 0.968995
vt 0.792417 0.923922
vt 0.785755 0.928591
vt 0.784118 0.920657
vt 0.790919 0.944683
vt 0.789789 0.949166
vt 0.787050 0.944448
vt 0.784972 0.962614
vt 0.792901 0.929759
vt 0.785424 0.950311
vt 0.786182 0.947675
vt 0.789566 0.962158
vt 0.785391 0.939106
vt 0.787292 0.934114
vt 0.792173 0.938596
vt 0.797891 0.931561
vt 0.783859 0.955301
vt 0.792394 0.951697
vt 0.788882 0.942580
vt 0.785703 0.941963
vt 0.791548 0.941775
vt 0.784872 0.957338
vt 0.801654 0.960379
vt 0.794227 0.936758
vt 0.794414 0.949937
vt 0.792118 0.941830
vt 0.792496 0.939172
vt 0.798400 0.938696
vt 0.795393 0.954283
vt 0.793598 0.937796
vt 0.797655 0.937814
vt 0.805699 0.944023
vt 0.803153 0.968413
vt 0.797642 0.953989
vt 0.806690 0.948439
vt 0.802150 0.957501
vt 0.797861 0.953867
vt 0.796363 0.953091
vt 0.802500 0.923460
vt 0.800300 0.922404
vt 0.810419 0.923790
vt 0.804563 0.936439
vt 0.799980 0.932532
vt 0.797687 0.926123
vt 0.800502 0.937836
vt 0.804291 0.958060
vt 0.807569 0.959395
vt 0.809731 0.929805
vt 0.811206 0.957223
vt 0.814611 0.938293
vt 0.811404 0.934545
vt 0.813475 0.943385
vt 0.818070 0.931727
vt 0.811904 0.930215
vt 0.817053 0.929553
vt 0.817317 0.938461
vt 0.813992 0.937140
vt 0.812638 0.935323
vt 0.817101 0.936981
vt 0.818852 0.932216
vt 0.361393 0.904454
vt 0.341102 0.903995
vt 0.359540 0.893077
vt 0.722374 0.846694
vt 0.799971 0.803501
vt 0.786126 0.882474
vt 0.759108 0.812221
vt 0.914332 0.271629
vt 0.911420 0.270978
vt 0.902155 0.270351
vt 0.980484 0.439794
vt 0.941592 0.490152
vt 0.958939 0.427370
vt 0.970070 0.496596
vt 0.971879 0.427956
vt 0.975076 0.431649
vt 0.790088 0.007329
vt 0.786345 0.004358
vt 0.803900 0.005246
vt 0.370653 0.881515
vt 0.357559 0.886049
vt 0.362076 0.865636
vt 0.048197 0.841851
vt 0.022365 0.865895
vt 0.051357 0.863930
vt 0.016899 0.829174
vt 0.055666 0.810583
vt 0.033032 0.787122
vt 0.011779 0.823224
vt 0.140995 0.857982
vt 0.102573 0.843347
vt 0.066843 0.861872
vt 0.178667 0.890686
vt 0.068199 0.893005
vt 0.120061 0.908121
vt 0.183241 0.893042
vt 0.275706 0.824431
vt 0.251536 0.836918
vt 0.266409 0.807888
vt 0.208511 0.823138
vt 0.256749 0.801453
vt 0.220587 0.790965
vt 0.268087 0.783512
vt 0.627214 0.798198
vt 0.627893 0.800848
vt 0.628004 0.797016
vt 0.630408 0.795133
vt 0.630331 0.798558
vt 0.631086 0.797429
vt 0.630795 0.811196
vt 0.634396 0.807072
vt 0.637575 0.809595
vt 0.410415 0.666396
vt 0.410168 0.666958
vt 0.405172 0.665844
vt 0.580105 0.054618
vt 0.606896 0.126706
vt 0.619113 0.068411
vt 0.589815 0.160315
vt 0.664347 0.235128
vt 0.666351 0.194790
vt 0.631243 0.238126
vt 0.628949 0.238079
vt 0.252995 0.946693
vt 0.248633 0.942600
vt 0.256609 0.941603
vt 0.226341 0.908797
vt 0.225283 0.903672
vt 0.229485 0.906272
vt 0.235572 0.921484
vt 0.233117 0.914561
vt 0.238544 0.913423
vt 0.247957 0.936730
vt 0.242199 0.931701
vt 0.247409 0.932580
vt 0.228657 0.903824
vt 0.231376 0.893945
vt 0.232339 0.904023
vt 0.252785 0.940034
vt 0.257198 0.937390
vt 0.254302 0.931375
vt 0.246546 0.928892
vt 0.242332 0.921449
vt 0.247380 0.923805
vt 0.260193 0.936719
vt 0.245624 0.911545
vt 0.239499 0.911927
vt 0.241884 0.908028
vt 0.267607 0.944119
vt 0.257940 0.942149
vt 0.261281 0.937338
vt 0.240195 0.899061
vt 0.237472 0.892575
vt 0.265904 0.936055
vt 0.240050 0.905694
vt 0.242981 0.906941
vt 0.257060 0.928084
vt 0.254136 0.928027
vt 0.255318 0.925330
vt 0.261022 0.929893
vt 0.257720 0.928324
vt 0.244260 0.903496
vt 0.245414 0.903424
vt 0.247419 0.910797
vt 0.244388 0.907032
vt 0.258507 0.923177
vt 0.251389 0.917767
vt 0.257515 0.916249
vt 0.240535 0.888298
vt 0.239882 0.893558
vt 0.242941 0.890710
vt 0.254840 0.912041
vt 0.271176 0.938188
vt 0.269553 0.929525
vt 0.272368 0.929280
vt 0.258759 0.925917
vt 0.264742 0.929131
vt 0.278165 0.942431
vt 0.275313 0.943790
vt 0.271965 0.942848
vt 0.264028 0.932564
vt 0.268389 0.922305
vt 0.279561 0.938450
vt 0.243843 0.890769
vt 0.246501 0.895986
vt 0.243799 0.898173
vt 0.261289 0.918154
vt 0.250443 0.891940
vt 0.247241 0.887226
vt 0.248399 0.897890
vt 0.249520 0.892705
vt 0.277842 0.932025
vt 0.263268 0.916760
vt 0.268652 0.917986
vt 0.263841 0.920023
vt 0.262001 0.916067
vt 0.239830 0.885129
vt 0.247316 0.880208
vt 0.263777 0.904682
vt 0.259709 0.911424
vt 0.288913 0.935449
vt 0.296485 0.936125
vt 0.281837 0.942846
vt 0.270173 0.912223
vt 0.261559 0.911236
vt 0.284291 0.935992
vt 0.289704 0.931706
vt 0.280282 0.923483
vt 0.275052 0.929544
vt 0.273664 0.924739
vt 0.265870 0.904661
vt 0.255452 0.898672
vt 0.252813 0.897760
vt 0.258114 0.895831
vt 0.275368 0.921295
vt 0.288371 0.926264
vt 0.268627 0.907239
vt 0.263115 0.903263
vt 0.256883 0.899952
vt 0.264157 0.898802
vt 0.259458 0.897706
vt 0.281143 0.926926
vt 0.262724 0.891927
vt 0.254758 0.879692
vt 0.259388 0.888960
vt 0.265704 0.893380
vt 0.275463 0.911184
vt 0.274336 0.920191
vt 0.270980 0.912448
vt 0.280696 0.918614
vt 0.271381 0.897491
vt 0.266367 0.904155
vt 0.264775 0.900466
vt 0.271318 0.906319
vt 0.279767 0.915872
vt 0.297076 0.935101
vt 0.295514 0.931804
vt 0.402330 0.648324
vt 0.405115 0.652909
vt 0.407989 0.652319
vt 0.260354 0.882230
vt 0.262228 0.886324
vt 0.278498 0.907106
vt 0.272112 0.908664
vt 0.254814 0.875785
vt 0.299543 0.942598
vt 0.302798 0.932088
vt 0.277520 0.896953
vt 0.285207 0.912133
vt 0.282727 0.915796
vt 0.278863 0.905962
vt 0.262743 0.886653
vt 0.264276 0.883176
vt 0.269541 0.889801
vt 0.267402 0.883548
vt 0.291422 0.920948
vt 0.284545 0.922011
vt 0.283819 0.917720
vt 0.302210 0.943062
vt 0.306058 0.933388
vt 0.314555 0.942257
vt 0.288307 0.914342
vt 0.303324 0.923029
vt 0.292109 0.926043
vt 0.295715 0.922360
vt 0.298047 0.927515
vt 0.292944 0.920787
vt 0.281550 0.902467
vt 0.283448 0.909823
vt 0.264749 0.882650
vt 0.263628 0.876993
vt 0.273984 0.879504
vt 0.286872 0.906317
vt 0.268137 0.882067
vt 0.272715 0.885516
vt 0.291022 0.909332
vt 0.287779 0.911075
vt 0.311548 0.929212
vt 0.306251 0.932100
vt 0.304355 0.922153
vt 0.277294 0.886158
vt 0.275620 0.892849
vt 0.272725 0.886081
vt 0.292716 0.914329
vt 0.301470 0.918255
vt 0.296785 0.921981
vt 0.299987 0.925096
vt 0.301628 0.920692
vt 0.312187 0.937046
vt 0.316883 0.931317
vt 0.329848 0.937033
vt 0.277703 0.879517
vt 0.280814 0.886970
vt 0.277269 0.886070
vt 0.286656 0.896479
vt 0.291946 0.909955
vt 0.307958 0.913283
vt 0.301405 0.915402
vt 0.284317 0.889216
vt 0.276583 0.893750
vt 0.290087 0.902601
vt 0.280203 0.889497
vt 0.303439 0.918723
vt 0.306294 0.918018
vt 0.304174 0.921484
vt 0.321252 0.926229
vt 0.288073 0.896299
vt 0.292383 0.894484
vt 0.304697 0.903956
vt 0.289058 0.891963
vt 0.312636 0.927311
vt 0.310139 0.915158
vt 0.317907 0.927100
vt 0.297961 0.897010
vt 0.283896 0.880238
vt 0.287864 0.888332
vt 0.340451 0.931115
vt 0.332492 0.942720
vt 0.284212 0.878222
vt 0.288742 0.876629
vt 0.291345 0.891279
vt 0.299131 0.890307
vt 0.293172 0.893285
vt 0.315692 0.918257
vt 0.435255 0.571538
vt 0.437097 0.568621
vt 0.439263 0.571236
vt 0.299119 0.894396
vt 0.293145 0.886417
vt 0.293673 0.877669
vt 0.316017 0.915511
vt 0.319495 0.908372
vt 0.303315 0.898243
vt 0.304523 0.892467
vt 0.311839 0.905469
vt 0.301589 0.886282
vt 0.299301 0.880755
vt 0.582314 0.017388
vt 0.573749 0.009407
vt 0.589353 0.014592
vt 0.600560 0.781619
vt 0.610296 0.785533
vt 0.611700 0.769729
vt 0.099792 0.353965
vt 0.107623 0.340710
vt 0.103435 0.335475
vt 0.362678 0.649443
vt 0.352306 0.664239
vt 0.369825 0.659521
vt 0.849296 0.798780
vt 0.846322 0.857389
vt 0.851884 0.899240
vt 0.845283 0.825306
vt 0.845148 0.803515
vt 0.668682 0.349448
vt 0.660706 0.345530
vt 0.664116 0.348371
vt 0.495894 0.154890
vt 0.492932 0.154502
vt 0.493539 0.150313
vt 0.433564 0.370363
vt 0.431564 0.370357
vt 0.428898 0.369552
vt 0.429294 0.373087
vt 0.626766 0.723809
vt 0.621474 0.727540
vt 0.619971 0.719407
vt 0.618033 0.727860
vt 0.611744 0.725942
vt 0.616513 0.719634
vt 0.603396 0.727780
vt 0.610521 0.716919
vt 0.611023 0.726501
vt 0.597719 0.728269
vt 0.592301 0.728867
vt 0.589276 0.724055
vt 0.582598 0.726973
vt 0.596267 0.724152
vt 0.564553 0.728440
vt 0.569676 0.727653
vt 0.572794 0.728708
vt 0.621522 0.717081
vt 0.549560 0.728676
vt 0.549099 0.723009
vt 0.561263 0.728943
vt 0.621878 0.709406
vt 0.626413 0.715186
vt 0.621598 0.716674
vt 0.612184 0.711274
vt 0.569615 0.725981
vt 0.575711 0.718284
vt 0.574382 0.723878
vt 0.560498 0.722554
vt 0.610781 0.716712
vt 0.604006 0.715696
vt 0.565248 0.720691
vt 0.579162 0.723581
vt 0.576923 0.717912
vt 0.589140 0.719917
vt 0.597861 0.721688
vt 0.590472 0.719114
vt 0.598233 0.715447
vt 0.571174 0.715119
vt 0.592060 0.716900
vt 0.555550 0.718447
vt 0.545543 0.727578
vt 0.543403 0.722330
vt 0.561821 0.720127
vt 0.518560 0.728031
vt 0.527095 0.721438
vt 0.525084 0.728394
vt 0.540344 0.723616
vt 0.530732 0.724820
vt 0.587741 0.715264
vt 0.502666 0.728679
vt 0.523936 0.720197
vt 0.605039 0.712142
vt 0.610975 0.711298
vt 0.605518 0.715220
vt 0.507635 0.723833
vt 0.619022 0.704106
vt 0.617183 0.708650
vt 0.614681 0.706124
vt 0.603024 0.711351
vt 0.595944 0.713132
vt 0.564203 0.719200
vt 0.562173 0.714278
vt 0.543316 0.722314
vt 0.531452 0.719584
vt 0.547880 0.719642
vt 0.468061 0.727928
vt 0.478567 0.726147
vt 0.484794 0.727418
vt 0.511608 0.721817
vt 0.590927 0.715763
vt 0.586660 0.713172
vt 0.245239 0.871310
vt 0.247057 0.866552
vt 0.245387 0.865953
vt 0.554681 0.715734
vt 0.575822 0.713949
vt 0.560921 0.715563
vt 0.557641 0.717945
vt 0.556814 0.715729
vt 0.627406 0.707239
vt 0.622062 0.703610
vt 0.625741 0.701758
vt 0.577687 0.709323
vt 0.453341 0.727103
vt 0.460047 0.724747
vt 0.462618 0.729317
vt 0.597061 0.701853
vt 0.589373 0.708438
vt 0.571909 0.713963
vt 0.574072 0.708616
vt 0.574802 0.713080
vt 0.545210 0.709553
vt 0.543169 0.715135
vt 0.518548 0.712368
vt 0.496704 0.726954
vt 0.492807 0.726313
vt 0.497570 0.719006
vt 0.480142 0.723156
vt 0.486543 0.724136
vt 0.481908 0.717835
vt 0.485523 0.715598
vt 0.539640 0.715370
vt 0.540244 0.712628
vt 0.525038 0.718358
vt 0.525477 0.710162
vt 0.536807 0.715919
vt 0.538571 0.712723
vt 0.586425 0.702018
vt 0.552885 0.709008
vt 0.556260 0.711393
vt 0.531591 0.711992
vt 0.506010 0.718066
vt 0.506598 0.715694
vt 0.580541 0.706060
vt 0.534207 0.712628
vt 0.577155 0.708896
vt 0.575777 0.705745
vt 0.578974 0.705391
vt 0.620390 0.697588
vt 0.623296 0.692898
vt 0.625227 0.697001
vt 0.581920 0.703986
vt 0.504391 0.719423
vt 0.503901 0.714098
vt 0.541151 0.708266
vt 0.472457 0.723741
vt 0.474619 0.717927
vt 0.480059 0.723288
vt 0.617846 0.700175
vt 0.610315 0.704040
vt 0.611313 0.694851
vt 0.513488 0.713385
vt 0.500553 0.716315
vt 0.566519 0.709815
vt 0.562065 0.704921
vt 0.568371 0.708965
vt 0.539312 0.708196
vt 0.605961 0.697321
vt 0.606984 0.702944
vt 0.573762 0.704106
vt 0.553493 0.707410
vt 0.554591 0.703444
vt 0.550864 0.705603
vt 0.497180 0.715335
vt 0.623075 0.689408
vt 0.588496 0.693859
vt 0.506726 0.710842
vt 0.494992 0.711563
vt 0.548675 0.703994
vt 0.544655 0.703267
vt 0.543387 0.708853
vt 0.532268 0.704272
vt 0.509355 0.708964
vt 0.533135 0.707961
vt 0.516512 0.708589
vt 0.517594 0.712769
vt 0.461056 0.717681
vt 0.472742 0.715860
vt 0.473123 0.718313
vt 0.605544 0.691178
vt 0.606173 0.697157
vt 0.522783 0.705391
vt 0.621171 0.691869
vt 0.616622 0.690331
vt 0.518627 0.708883
vt 0.621127 0.684744
vt 0.595427 0.695846
vt 0.568787 0.702268
vt 0.562726 0.703356
vt 0.524836 0.704937
vt 0.498514 0.710298
vt 0.495934 0.712402
vt 0.468470 0.710007
vt 0.597100 0.695994
vt 0.584515 0.697203
vt 0.483303 0.713025
vt 0.621081 0.689289
vt 0.585222 0.697960
vt 0.505618 0.710889
vt 0.559763 0.700539
vt 0.561967 0.704194
vt 0.557109 0.702309
vt 0.559329 0.699152
vt 0.564197 0.697837
vt 0.475800 0.714721
vt 0.597778 0.691262
vt 0.485942 0.708700
vt 0.578426 0.696004
vt 0.582598 0.693604
vt 0.482411 0.712730
vt 0.479036 0.716004
vt 0.479394 0.711429
vt 0.477730 0.710884
vt 0.489276 0.708056
vt 0.553230 0.697153
vt 0.504381 0.709264
vt 0.503203 0.706305
vt 0.482415 0.709871
vt 0.550897 0.699562
vt 0.547263 0.702980
vt 0.548669 0.698856
vt 0.532626 0.703983
vt 0.535554 0.700966
vt 0.517765 0.700242
vt 0.520907 0.704757
vt 0.515387 0.708114
vt 0.588766 0.693094
vt 0.603665 0.685870
vt 0.602768 0.691755
vt 0.598765 0.688524
vt 0.566514 0.694401
vt 0.560571 0.697446
vt 0.525577 0.700206
vt 0.589498 0.690061
vt 0.593315 0.689964
vt 0.571101 0.693814
vt 0.581197 0.689982
vt 0.475387 0.708704
vt 0.610742 0.690099
vt 0.613426 0.680278
vt 0.588282 0.690135
vt 0.582364 0.692671
vt 0.584462 0.689497
vt 0.548327 0.697203
vt 0.543069 0.699967
vt 0.539092 0.699195
vt 0.495588 0.702961
vt 0.490208 0.702494
vt 0.482437 0.709609
vt 0.478789 0.701788
vt 0.460661 0.714220
vt 0.456152 0.708528
vt 0.450714 0.705097
vt 0.454529 0.709101
vt 0.455171 0.715958
vt 0.550635 0.691719
vt 0.551042 0.699561
vt 0.457772 0.704794
vt 0.573670 0.689561
vt 0.559930 0.692847
vt 0.562187 0.695178
vt 0.531574 0.699467
vt 0.529123 0.702870
vt 0.529346 0.697376
vt 0.472813 0.706474
vt 0.471382 0.709045
vt 0.470134 0.706498
vt 0.472014 0.706498
vt 0.557565 0.693406
vt 0.532923 0.698235
vt 0.530038 0.696995
vt 0.522426 0.698699
vt 0.464211 0.708129
vt 0.593188 0.679510
vt 0.502881 0.700752
vt 0.510973 0.706251
vt 0.505817 0.704079
vt 0.469797 0.708775
vt 0.464362 0.706077
vt 0.469014 0.707583
vt 0.601529 0.681045
vt 0.514535 0.700255
vt 0.580172 0.686843
vt 0.507805 0.697864
vt 0.469954 0.706269
vt 0.559997 0.688987
vt 0.561205 0.692279
vt 0.558333 0.690106
vt 0.572980 0.686739
vt 0.540512 0.689697
vt 0.468671 0.700583
vt 0.626053 0.681374
vt 0.618080 0.669943
vt 0.625418 0.675149
vt 0.604699 0.679923
vt 0.614022 0.677751
vt 0.606707 0.686532
vt 0.524747 0.695568
vt 0.495643 0.699202
vt 0.502559 0.700819
vt 0.485177 0.700021
vt 0.575330 0.686198
vt 0.529346 0.697375
vt 0.522047 0.692905
vt 0.530560 0.691760
vt 0.467143 0.703375
vt 0.595358 0.681733
vt 0.514897 0.696418
vt 0.512482 0.696143
vt 0.490251 0.702371
vt 0.613787 0.669598
vt 0.583187 0.684351
vt 0.515979 0.694358
vt 0.520915 0.697559
vt 0.517999 0.699474
vt 0.462182 0.703645
vt 0.458798 0.703022
vt 0.451257 0.700157
vt 0.617150 0.676674
vt 0.584548 0.684722
vt 0.510590 0.697204
vt 0.603630 0.679657
vt 0.595871 0.680213
vt 0.604749 0.676087
vt 0.498056 0.691795
vt 0.489367 0.698010
vt 0.493046 0.699354
vt 0.565067 0.681925
vt 0.555862 0.686673
vt 0.558320 0.690119
vt 0.544660 0.687682
vt 0.472530 0.696125
vt 0.575902 0.681022
vt 0.511905 0.695221
vt 0.584279 0.678668
vt 0.527539 0.690638
vt 0.593978 0.675218
vt 0.604668 0.674861
vt 0.593372 0.677681
vt 0.478923 0.696010
vt 0.483584 0.695404
vt 0.480317 0.701317
vt 0.582359 0.681509
vt 0.580306 0.680894
vt 0.557564 0.683282
vt 0.559259 0.684250
vt 0.556775 0.685944
vt 0.458999 0.702528
vt 0.457127 0.700480
vt 0.461388 0.700456
vt 0.549645 0.677086
vt 0.554697 0.685847
vt 0.548464 0.687172
vt 0.456722 0.700547
vt 0.530602 0.685720
vt 0.541274 0.687757
vt 0.528111 0.690569
vt 0.509042 0.689251
vt 0.493169 0.695805
vt 0.597726 0.673491
vt 0.586800 0.676834
vt 0.555654 0.677764
vt 0.544718 0.685535
vt 0.456384 0.696914
vt 0.574724 0.680856
vt 0.461427 0.697801
vt 0.463615 0.697404
vt 0.455228 0.698726
vt 0.559374 0.684225
vt 0.516371 0.688199
vt 0.520483 0.688738
vt 0.518873 0.689486
vt 0.496259 0.689840
vt 0.492960 0.695773
vt 0.488793 0.694056
vt 0.578827 0.679243
vt 0.577516 0.674409
vt 0.583904 0.678759
vt 0.463896 0.700258
vt 0.466032 0.696609
vt 0.521173 0.687522
vt 0.526880 0.686872
vt 0.523192 0.688323
vt 0.591644 0.672404
vt 0.569920 0.677129
vt 0.572957 0.676520
vt 0.601492 0.667680
vt 0.610368 0.669324
vt 0.604514 0.672516
vt 0.565645 0.679840
vt 0.568707 0.669047
vt 0.540320 0.677003
vt 0.541677 0.687295
vt 0.460649 0.694248
vt 0.564536 0.677510
vt 0.468819 0.688456
vt 0.470835 0.695994
vt 0.464289 0.697164
vt 0.518535 0.685330
vt 0.583685 0.671552
vt 0.530757 0.676406
vt 0.538439 0.677171
vt 0.536688 0.683837
vt 0.505457 0.686229
vt 0.458280 0.691555
vt 0.561811 0.674712
vt 0.562918 0.678500
vt 0.596288 0.667822
vt 0.521692 0.682663
vt 0.561846 0.671059
vt 0.461260 0.691135
vt 0.452437 0.685405
vt 0.451437 0.695402
vt 0.471553 0.691540
vt 0.475554 0.690326
vt 0.552048 0.676669
vt 0.557207 0.672361
vt 0.555128 0.677164
vt 0.482155 0.686463
vt 0.479889 0.687690
vt 0.482254 0.691900
vt 0.583210 0.669812
vt 0.583184 0.664151
vt 0.588655 0.663488
vt 0.463615 0.688394
vt 0.520161 0.677363
vt 0.526670 0.680929
vt 0.461911 0.688171
vt 0.461046 0.690926
vt 0.457138 0.686107
vt 0.567340 0.666694
vt 0.461337 0.686743
vt 0.325972 0.372872
vt 0.323895 0.376015
vt 0.327174 0.375575
vt 0.536042 0.667062
vt 0.544383 0.667952
vt 0.496047 0.680059
vt 0.177132 0.192709
vt 0.173712 0.194209
vt 0.172821 0.191504
vt 0.177594 0.194236
vt 0.488861 0.680065
vt 0.482613 0.683055
vt 0.561176 0.662890
vt 0.557845 0.664909
vt 0.561024 0.665881
vt 0.551054 0.658750
vt 0.483493 0.678215
vt 0.503763 0.676420
vt 0.463492 0.676455
vt 0.568298 0.661013
vt 0.491706 0.677509
vt 0.557887 0.664560
vt 0.553246 0.661418
vt 0.554419 0.658565
vt 0.546045 0.660007
vt 0.480344 0.680891
vt 0.506137 0.672967
vt 0.511598 0.669827
vt 0.513905 0.678393
vt 0.471250 0.671986
vt 0.478900 0.672415
vt 0.476938 0.682429
vt 0.470716 0.679754
vt 0.473594 0.682127
vt 0.451675 0.676379
vt 0.458732 0.679119
vt 0.451297 0.683121
vt 0.468862 0.673448
vt 0.545426 0.663247
vt 0.528708 0.673295
vt 0.520530 0.675099
vt 0.527582 0.663732
vt 0.483692 0.674882
vt 0.486781 0.675667
vt 0.488514 0.678720
vt 0.458700 0.676885
vt 0.536037 0.657120
vt 0.507670 0.669999
vt 0.500986 0.673970
vt 0.496630 0.673867
vt 0.503295 0.671178
vt 0.513176 0.662293
vt 0.513955 0.668884
vt 0.491284 0.670331
vt 0.490438 0.675491
vt 0.498327 0.668704
vt 0.527567 0.655794
vt 0.511037 0.667721
vt 0.457951 0.673442
vt 0.455369 0.674432
vt 0.488787 0.670217
vt 0.488500 0.672408
vt 0.484264 0.670372
vt 0.148140 0.687419
vt 0.151269 0.684495
vt 0.148312 0.683051
vt 0.152507 0.688444
vt 0.453632 0.673379
vt 0.492675 0.666514
vt 0.487499 0.665341
vt 0.490174 0.666955
vt 0.500461 0.663379
vt 0.490089 0.664103
vt 0.506302 0.661765
vt 0.507293 0.666348
vt 0.503766 0.666511
vt 0.470951 0.668385
vt 0.464752 0.666074
vt 0.476720 0.671358
vt 0.472622 0.667521
vt 0.477196 0.666917
vt 0.499702 0.657204
vt 0.468999 0.665531
vt 0.470835 0.665245
vt 0.473868 0.664324
vt 0.501807 0.658315
vt 0.510926 0.653327
vt 0.483916 0.663434
vt 0.483444 0.669064
vt 0.523013 0.656545
vt 0.516995 0.661661
vt 0.516675 0.652122
vt 0.469653 0.660819
vt 0.505696 0.653850
vt 0.503627 0.650574
vt 0.484825 0.663227
vt 0.480793 0.660189
vt 0.487288 0.660877
vt 0.476552 0.666321
vt 0.476408 0.656617
vt 0.469227 0.658849
vt 0.455693 0.663908
vt 0.463375 0.659538
vt 0.483196 0.645518
vt 0.487582 0.661155
vt 0.491329 0.654105
vt 0.462270 0.655290
vt 0.454058 0.662666
vt 0.452391 0.656150
vt 0.451333 0.665819
vt 0.475064 0.651565
vt 0.492033 0.647039
vt 0.492455 0.652959
vt 0.475698 0.646479
vt 0.475948 0.651412
vt 0.465791 0.647655
vt 0.470538 0.646287
vt 0.474027 0.647743
vt 0.458830 0.648724
vt 0.451123 0.654094
vt 0.450896 0.643842
vt 0.471136 0.638677
vt 0.473120 0.644576
vt 0.459416 0.642576
vt 0.469079 0.644486
vt 0.462008 0.646576
vt 0.479925 0.636012
vt 0.469915 0.641448
vt 0.454433 0.644415
vt 0.451445 0.642312
vt 0.456992 0.640382
vt 0.457429 0.640406
vt 0.460124 0.640462
vt 0.451713 0.636648
vt 0.461324 0.637179
vt 0.463475 0.639112
vt 0.460536 0.639991
vt 0.477178 0.633830
vt 0.473104 0.634213
vt 0.476822 0.627871
vt 0.458193 0.634875
vt 0.463915 0.629326
vt 0.467420 0.632829
vt 0.471826 0.627875
vt 0.455937 0.633213
vt 0.451474 0.631180
vt 0.457010 0.630846
vt 0.457237 0.627360
vt 0.014450 0.993540
vt 0.030170 0.979014
vt 0.015083 0.990142
vt 0.087121 0.940148
vt 0.048658 0.980383
vt 0.105196 0.941920
vt 0.055167 0.917064
vt 0.077948 0.944948
vt 0.085472 0.921851
vt 0.034093 0.911474
vt 0.012005 0.948518
vt 0.010638 0.916741
vt 0.210807 0.164770
vt 0.185494 0.173305
vt 0.185839 0.160942
vt 0.579430 0.971127
vt 0.580194 0.981708
vt 0.560480 0.978317
vt 0.579022 0.978357
vt 0.173455 0.990795
vt 0.209575 0.942448
vt 0.160562 0.934406
vt 0.418335 0.912881
vt 0.521455 0.913401
vt 0.501848 0.913640
vt 0.571769 0.911981
vt 0.916764 0.327081
vt 0.913665 0.328734
vt 0.916895 0.330540
vt 0.906882 0.322449
vt 0.908545 0.327133
vt 0.915529 0.324381
vt 0.920278 0.324245
vt 0.921595 0.332764
vt 0.929499 0.325009
vt 0.928542 0.333591
vt 0.924282 0.335182
vt 0.936239 0.340200
vt 0.914446 0.320090
vt 0.927603 0.332168
vt 0.953486 0.348667
vt 0.960573 0.346892
vt 0.954377 0.346233
vt 0.949636 0.342589
vt 0.946071 0.339861
vt 0.931147 0.326588
vt 0.920393 0.324107
vt 0.922804 0.321057
vt 0.905964 0.318017
vt 0.912673 0.317795
vt 0.920940 0.315788
vt 0.918689 0.317465
vt 0.906291 0.309996
vt 0.952529 0.344441
vt 0.958895 0.345410
vt 0.960434 0.339584
vt 0.945457 0.336205
vt 0.910692 0.309088
vt 0.909278 0.305608
vt 0.906608 0.308484
vt 0.904097 0.305610
vt 0.963711 0.354049
vt 0.976408 0.353759
vt 0.963044 0.344259
vt 0.939406 0.325835
vt 0.949666 0.335956
vt 0.948062 0.339458
vt 0.923354 0.322755
vt 0.926169 0.318395
vt 0.918221 0.308566
vt 0.910702 0.305198
vt 0.941914 0.328164
vt 0.911263 0.298935
vt 0.917206 0.304044
vt 0.902108 0.294661
vt 0.905365 0.300231
vt 0.910976 0.296384
vt 0.965130 0.342047
vt 0.963900 0.334596
vt 0.961958 0.339867
vt 0.976015 0.348416
vt 0.973637 0.338393
vt 0.955507 0.335859
vt 0.959686 0.337727
vt 0.962604 0.332798
vt 0.971435 0.339768
vt 0.971333 0.334221
vt 0.943194 0.322402
vt 0.933750 0.318970
vt 0.932585 0.318637
vt 0.948854 0.331089
vt 0.949934 0.329696
vt 0.924485 0.313147
vt 0.931555 0.308724
vt 0.926707 0.308623
vt 0.979985 0.338050
vt 0.943289 0.323746
vt 0.957204 0.329379
vt 0.951959 0.331897
vt 0.949547 0.330155
vt 0.931537 0.314708
vt 0.914866 0.292320
vt 0.978578 0.350456
vt 0.984035 0.350969
vt 0.980738 0.347840
vt 0.913476 0.289626
vt 0.940718 0.307825
vt 0.920941 0.294465
vt 0.917809 0.292089
vt 0.975600 0.332301
vt 0.973439 0.335325
vt 0.957514 0.324820
vt 0.961213 0.330870
vt 0.960175 0.326424
vt 0.967126 0.331325
vt 0.964725 0.321502
vt 0.976475 0.323832
vt 0.975117 0.331754
vt 0.976064 0.331160
vt 0.930057 0.297203
vt 0.923213 0.299005
vt 0.924443 0.303143
vt 0.921086 0.287180
vt 0.917759 0.287010
vt 0.961269 0.322098
vt 0.954237 0.320805
vt 0.935486 0.309029
vt 0.936574 0.302391
vt 0.931236 0.305548
vt 0.959917 0.316777
vt 0.949829 0.309570
vt 0.932114 0.300844
vt 0.955848 0.311205
vt 0.928157 0.293839
vt 0.933608 0.284559
vt 0.921885 0.291745
vt 0.929486 0.283499
vt 0.950230 0.318654
vt 0.952793 0.312526
vt 0.947586 0.312330
vt 0.951447 0.302421
vt 0.935878 0.297852
vt 0.944020 0.302814
vt 0.944326 0.298572
vt 0.939665 0.302629
vt 0.966897 0.311861
vt 0.964255 0.316285
vt 0.968740 0.320810
vt 0.933923 0.288547
vt 0.963161 0.306909
vt 0.952054 0.307268
vt 0.937547 0.292092
vt 0.977207 0.318667
vt 0.949894 0.296547
vt 0.949180 0.293375
vt 0.944533 0.292597
vt 0.952550 0.293542
vt 0.948580 0.300173
vt 0.949885 0.296548
vt 0.967102 0.302136
vt 0.983922 0.296549
vt 0.945524 0.287247
vt 0.953297 0.288218
vt 0.944108 0.281810
vt 0.950085 0.292503
vt 0.944877 0.291071
vt 0.960836 0.303827
vt 0.963796 0.296965
vt 0.972379 0.298512
vt 0.961748 0.291400
vt 0.957187 0.287974
vt 0.971386 0.296265
vt 0.966737 0.293197
vt 0.958826 0.280673
vt 0.961463 0.286427
vt 0.963530 0.289594
vt 0.966610 0.292536
vt 0.969977 0.287559
vt 0.962143 0.286949
vt 0.964592 0.280135
vt 0.980627 0.289368
vt 0.968898 0.283003
vt 0.978555 0.287718
vt 0.970291 0.287867
vt 0.973412 0.280064
vt 0.985615 0.283500
vt 0.343348 0.411693
vt 0.412018 0.398810
vt 0.419702 0.411507
vt 0.415155 0.416928
vt 0.222326 0.396343
vt 0.352712 0.393308
vt 0.310767 0.412022
vt 0.123429 0.380269
vt 0.169760 0.391474
vt 0.141089 0.411157
vt 0.183278 0.412073
vt 0.088095 0.424634
vt 0.077895 0.432725
vt 0.056916 0.430156
vt 0.321247 0.871764
vt 0.326888 0.782996
vt 0.386377 0.842069
vt 0.402385 0.800113
vt 0.775748 0.032234
vt 0.771803 0.025034
vt 0.770698 0.033488
vt 0.777194 0.034965
vt 0.770632 0.054894
vt 0.794452 0.042861
vt 0.783160 0.237636
vt 0.794854 0.111666
vt 0.788869 0.060429
vt 0.663612 0.657531
vt 0.673695 0.656840
vt 0.674686 0.663684
vt 0.664146 0.663491
vt 0.382379 0.454633
vt 0.341097 0.460526
vt 0.265654 0.452014
vt 0.283850 0.454701
vt 0.223735 0.463974
vt 0.226703 0.435604
vt 0.250246 0.431981
vt 0.115015 0.447707
vt 0.116059 0.437610
vt 0.157227 0.428934
vt 0.326507 0.489785
vt 0.289700 0.486339
vt 0.347524 0.491158
vt 0.358575 0.491809
vt 0.490185 0.488786
vt 0.404924 0.493995
vt 0.481758 0.494924
vt 0.435271 0.485849
vt 0.365211 0.482331
vt 0.481569 0.486407
vt 0.470539 0.486221
vt 0.341624 0.481227
vt 0.452665 0.486229
vt 0.288190 0.480194
vt 0.420954 0.485185
vt 0.290192 0.478826
vt 0.288556 0.479816
vt 0.288058 0.478814
vt 0.304605 0.480162
vt 0.289801 0.479364
vt 0.380977 0.483900
vt 0.303797 0.480117
vt 0.380321 0.483753
vt 0.379387 0.482313
vt 0.386397 0.482926
vt 0.453240 0.485484
vt 0.452744 0.486227
vt 0.443662 0.484842
vt 0.453589 0.485619
vt 0.590838 0.280304
vt 0.595536 0.279714
vt 0.594990 0.278391
vt 0.597748 0.273715
vt 0.597942 0.279955
vt 0.604616 0.268070
vt 0.603831 0.286797
vt 0.603547 0.344481
vt 0.604204 0.317169
vt 0.601412 0.335613
vt 0.601903 0.267526
vt 0.374077 0.780628
vt 0.358972 0.782720
vt 0.369833 0.778488
vt 0.470235 0.021113
vt 0.457722 0.063775
vt 0.422265 0.038258
vt 0.460333 0.075525
vt 0.450765 0.110881
vt 0.452421 0.081001
vt 0.483181 0.090840
vt 0.469362 0.110759
vt 0.502030 0.076801
vt 0.204930 0.203788
vt 0.227649 0.204348
vt 0.229459 0.206007
vt 0.228602 0.224632
vt 0.199411 0.228832
vt 0.229271 0.209374
vt 0.763783 0.055030
vt 0.763524 0.069936
vt 0.763521 0.099695
vt 0.864404 0.149995
vt 0.863968 0.285152
vt 0.866140 0.138554
vt 0.380983 0.055274
vt 0.383782 0.048647
vt 0.392048 0.058255
vt 0.390721 0.069370
vt 0.390383 0.061975
vt 0.400001 0.069047
vt 0.365007 0.068276
vt 0.376937 0.062453
vt 0.379166 0.067084
vt 0.369462 0.060803
vt 0.373290 0.064614
vt 0.360952 0.052105
vt 0.377074 0.048282
vt 0.363023 0.060782
vt 0.356337 0.052153
vt 0.347058 0.047738
vt 0.344407 0.066569
vt 0.338362 0.053637
vt 0.359267 0.060770
vt 0.355851 0.065674
vt 0.361177 0.068274
vt 0.338409 0.069752
vt 0.332931 0.059739
vt 0.341253 0.064469
vt 0.328748 0.065348
vt 0.330083 0.054625
vt 0.330145 0.048682
vt 0.336995 0.052648
vt 0.313497 0.069047
vt 0.324882 0.065357
vt 0.330083 0.070132
vt 0.316179 0.049129
vt 0.331070 0.057828
vt 0.300054 0.059381
vt 0.307572 0.070121
vt 0.291760 0.069116
vt 0.301176 0.056684
vt 0.295651 0.058049
vt 0.299119 0.052353
vt 0.292852 0.067416
vt 0.287931 0.060643
vt 0.294528 0.057659
vt 0.296261 0.063915
vt 0.289897 0.049173
vt 0.302854 0.048310
vt 0.287565 0.068959
vt 0.277987 0.065429
vt 0.283862 0.069123
vt 0.280128 0.055598
vt 0.277933 0.048163
vt 0.288948 0.048516
vt 0.282649 0.070003
vt 0.267437 0.068742
vt 0.278138 0.067096
vt 0.265191 0.053909
vt 0.275811 0.047843
vt 0.274901 0.053435
vt 0.270624 0.062819
vt 0.268519 0.059436
vt 0.265453 0.048693
vt 0.251883 0.065302
vt 0.254930 0.048847
vt 0.249725 0.054957
vt 0.243060 0.058234
vt 0.247010 0.051347
vt 0.235134 0.067645
vt 0.247115 0.066455
vt 0.232126 0.058035
vt 0.237037 0.055319
vt 0.236847 0.054919
vt 0.233248 0.053750
vt 0.235048 0.049140
vt 0.231010 0.052629
vt 0.228545 0.056606
vt 0.230770 0.058631
vt 0.220607 0.063970
vt 0.228151 0.055482
vt 0.226787 0.062422
vt 0.215113 0.050625
vt 0.228372 0.048231
vt 0.211135 0.069657
vt 0.208414 0.065302
vt 0.215129 0.060587
vt 0.209599 0.053487
vt 0.277776 0.493304
vt 0.279589 0.486769
vt 0.279408 0.493151
vt 0.680306 0.313902
vt 0.699269 0.307566
vt 0.673051 0.293912
vt 0.732170 0.294265
vt 0.739652 0.286278
vt 0.732562 0.285001
vt 0.702441 0.304130
vt 0.701873 0.308419
vt 0.705256 0.301507
vt 0.706873 0.306603
vt 0.671025 0.306858
vt 0.662602 0.306323
vt 0.709701 0.302594
vt 0.720596 0.295828
vt 0.713819 0.296047
vt 0.721714 0.301188
vt 0.697987 0.299626
vt 0.702282 0.304126
vt 0.712072 0.297626
vt 0.703255 0.293371
vt 0.715544 0.302848
vt 0.722570 0.291611
vt 0.725142 0.299988
vt 0.729079 0.296392
vt 0.658513 0.294294
vt 0.721086 0.293305
vt 0.724100 0.288241
vt 0.701869 0.293597
vt 0.707863 0.293503
vt 0.714743 0.291102
vt 0.707064 0.288969
vt 0.742425 0.266845
vt 0.737051 0.266835
vt 0.742678 0.273870
vt 0.682951 0.289630
vt 0.736096 0.270504
vt 0.727114 0.285161
vt 0.731214 0.283531
vt 0.731770 0.280287
vt 0.723565 0.285009
vt 0.723246 0.282519
vt 0.718100 0.288820
vt 0.744487 0.263468
vt 0.744194 0.253434
vt 0.741708 0.259724
vt 0.724712 0.281235
vt 0.720942 0.279479
vt 0.730566 0.277549
vt 0.712449 0.283998
vt 0.657963 0.281357
vt 0.661913 0.293338
vt 0.670173 0.291684
vt 0.722081 0.278625
vt 0.697241 0.285195
vt 0.691049 0.289915
vt 0.716819 0.283025
vt 0.728474 0.267939
vt 0.701535 0.287283
vt 0.740790 0.263394
vt 0.733272 0.264686
vt 0.736318 0.266405
vt 0.732889 0.262064
vt 0.970117 0.890849
vt 0.973203 0.891858
vt 0.972920 0.888192
vt 0.730052 0.272348
vt 0.680193 0.288989
vt 0.676982 0.280256
vt 0.676207 0.288649
vt 0.710508 0.284529
vt 0.712010 0.279292
vt 0.703276 0.285061
vt 0.738124 0.260376
vt 0.719173 0.270351
vt 0.734752 0.258036
vt 0.736849 0.259118
vt 0.737411 0.257249
vt 0.684312 0.280378
vt 0.672274 0.282546
vt 0.735391 0.256176
vt 0.742417 0.250897
vt 0.731194 0.248872
vt 0.690836 0.277191
vt 0.705757 0.276114
vt 0.709157 0.276432
vt 0.695626 0.281759
vt 0.713035 0.275547
vt 0.716679 0.278102
vt 0.678448 0.278950
vt 0.683308 0.284866
vt 0.683407 0.279890
vt 0.716459 0.270784
vt 0.699004 0.281864
vt 0.698611 0.278066
vt 0.711536 0.275596
vt 0.710824 0.272293
vt 0.709046 0.276162
vt 0.726556 0.254822
vt 0.726882 0.264138
vt 0.730671 0.264970
vt 0.734917 0.245286
vt 0.673606 0.271883
vt 0.656099 0.269884
vt 0.706425 0.274587
vt 0.725144 0.257992
vt 0.732852 0.254753
vt 0.743027 0.242052
vt 0.745356 0.231030
vt 0.736766 0.231435
vt 0.713920 0.272318
vt 0.714995 0.268092
vt 0.711116 0.267768
vt 0.711723 0.271903
vt 0.723274 0.262504
vt 0.715411 0.267925
vt 0.718963 0.269422
vt 0.675129 0.272364
vt 0.705660 0.274665
vt 0.708011 0.269644
vt 0.698165 0.272746
vt 0.734184 0.242549
vt 0.716881 0.261676
vt 0.714032 0.266181
vt 0.723791 0.258558
vt 0.723419 0.255029
vt 0.722334 0.257696
vt 0.691227 0.272049
vt 0.727152 0.248743
vt 0.720927 0.250500
vt 0.726982 0.253321
vt 0.735849 0.236425
vt 0.684023 0.266519
vt 0.717440 0.259881
vt 0.711685 0.260986
vt 0.726903 0.240016
vt 0.705322 0.262816
vt 0.674557 0.263415
vt 0.662778 0.267606
vt 0.724174 0.241690
vt 0.733058 0.232483
vt 0.690637 0.265020
vt 0.694645 0.268229
vt 0.663457 0.250175
vt 0.652057 0.251795
vt 0.654145 0.264313
vt 0.717830 0.245691
vt 0.717766 0.250870
vt 0.737395 0.212152
vt 0.738178 0.223837
vt 0.744450 0.224691
vt 0.677359 0.258310
vt 0.697559 0.265518
vt 0.697012 0.262205
vt 0.690634 0.263562
vt 0.709365 0.257751
vt 0.717477 0.250557
vt 0.711618 0.254016
vt 0.739760 0.209842
vt 0.715796 0.245535
vt 0.730828 0.221562
vt 0.727312 0.228774
vt 0.733933 0.218470
vt 0.681907 0.265270
vt 0.689677 0.254707
vt 0.678382 0.261276
vt 0.713118 0.247707
vt 0.716677 0.240644
vt 0.724896 0.233571
vt 0.681526 0.257314
vt 0.724972 0.233048
vt 0.724212 0.230054
vt 0.683985 0.255376
vt 0.680744 0.252684
vt 0.710292 0.248751
vt 0.710634 0.241530
vt 0.705809 0.253778
vt 0.720387 0.235140
vt 0.671902 0.244691
vt 0.676731 0.246873
vt 0.676231 0.254639
vt 0.682002 0.244029
vt 0.696768 0.244211
vt 0.691543 0.248040
vt 0.715344 0.236295
vt 0.730788 0.217702
vt 0.731879 0.220870
vt 0.709127 0.236041
vt 0.721526 0.230660
vt 0.710961 0.231825
vt 0.712458 0.238254
vt 0.729760 0.222154
vt 0.724480 0.221990
vt 0.723561 0.228015
vt 0.710746 0.236271
vt 0.690816 0.243034
vt 0.703488 0.238971
vt 0.722037 0.224239
vt 0.703250 0.232071
vt 0.714463 0.222334
vt 0.725672 0.219287
vt 0.722379 0.218128
vt 0.723339 0.221088
vt 0.708970 0.232116
vt 0.691741 0.233871
vt 0.682621 0.231583
vt 0.684995 0.239093
vt 0.694600 0.239752
vt 0.700211 0.236164
vt 0.696825 0.233523
vt 0.745724 0.197754
vt 0.746818 0.181977
vt 0.740858 0.195582
vt 0.735611 0.206182
vt 0.730182 0.197099
vt 0.729384 0.212166
vt 0.736179 0.203111
vt 0.735705 0.197743
vt 0.739491 0.202068
vt 0.742596 0.200217
vt 0.736340 0.190051
vt 0.735436 0.196647
vt 0.690536 0.226378
vt 0.710258 0.229073
vt 0.708709 0.219153
vt 0.704095 0.228538
vt 0.727104 0.201169
vt 0.725965 0.207298
vt 0.696507 0.231218
vt 0.700045 0.220772
vt 0.695978 0.227900
vt 0.741277 0.183222
vt 0.720957 0.213101
vt 0.713482 0.209901
vt 0.714783 0.221563
vt 0.733321 0.194196
vt 0.735560 0.189529
vt 0.740389 0.183764
vt 0.734247 0.190493
vt 0.679637 0.223388
vt 0.689827 0.224056
vt 0.684938 0.216919
vt 0.692398 0.213961
vt 0.792794 0.277734
vt 0.789876 0.278773
vt 0.788351 0.276455
vt 0.739006 0.180167
vt 0.749273 0.159127
vt 0.744735 0.166035
vt 0.748238 0.172794
vt 0.704939 0.215844
vt 0.700792 0.219848
vt 0.680708 0.212194
vt 0.688673 0.219243
vt 0.690010 0.206215
vt 0.686130 0.216026
vt 0.701708 0.215367
vt 0.712979 0.217300
vt 0.710932 0.208626
vt 0.706263 0.213586
vt 0.729798 0.196599
vt 0.726607 0.187169
vt 0.725732 0.195239
vt 0.702406 0.213460
vt 0.700520 0.206990
vt 0.785645 0.276841
vt 0.745767 0.181302
vt 0.740752 0.165844
vt 0.740044 0.178802
vt 0.707445 0.209703
vt 0.704817 0.204572
vt 0.704593 0.210672
vt 0.722581 0.202927
vt 0.717601 0.188264
vt 0.717399 0.206525
vt 0.722717 0.197174
vt 0.730952 0.185406
vt 0.685039 0.207774
vt 0.682616 0.210805
vt 0.712250 0.201169
vt 0.707922 0.200556
vt 0.734851 0.176498
vt 0.728311 0.181308
vt 0.744058 0.161275
vt 0.711794 0.196511
vt 0.712273 0.200169
vt 0.702077 0.197913
vt 0.701597 0.207407
vt 0.711246 0.198928
vt 0.690166 0.204036
vt 0.688369 0.192716
vt 0.684927 0.205409
vt 0.737686 0.169542
vt 0.734184 0.172914
vt 0.678134 0.201899
vt 0.732872 0.171669
vt 0.724550 0.184120
vt 0.727308 0.179751
vt 0.722628 0.181646
vt 0.691012 0.199519
vt 0.714924 0.189388
vt 0.713925 0.187771
vt 0.731581 0.167001
vt 0.742886 0.156958
vt 0.748946 0.156348
vt 0.742877 0.146700
vt 0.738818 0.166253
vt 0.732202 0.165990
vt 0.741231 0.162363
vt 0.674527 0.190321
vt 0.694507 0.199721
vt 0.696770 0.195953
vt 0.688807 0.195189
vt 0.702220 0.186627
vt 0.713876 0.177865
vt 0.713913 0.186876
vt 0.717845 0.179707
vt 0.727615 0.173680
vt 0.722579 0.173405
vt 0.690325 0.190675
vt 0.708744 0.176685
vt 0.682006 0.187977
vt 0.731521 0.155550
vt 0.676684 0.181964
vt 0.672548 0.176259
vt 0.686465 0.188541
vt 0.686979 0.180796
vt 0.682311 0.181171
vt 0.689088 0.188751
vt 0.691672 0.175713
vt 0.713133 0.175385
vt 0.716869 0.168634
vt 0.712683 0.167783
vt 0.693923 0.175565
vt 0.702270 0.177258
vt 0.710433 0.171874
vt 0.708873 0.174806
vt 0.721690 0.164032
vt 0.716462 0.165760
vt 0.722770 0.168685
vt 0.728994 0.159648
vt 0.725232 0.157185
vt 0.728808 0.163787
vt 0.852210 0.570422
vt 0.851260 0.567936
vt 0.846150 0.568014
vt 0.702282 0.175334
vt 0.708816 0.165077
vt 0.696180 0.169646
vt 0.708520 0.173146
vt 0.723313 0.163877
vt 0.725203 0.157183
vt 0.720410 0.155648
vt 0.721737 0.153804
vt 0.727108 0.155654
vt 0.731837 0.149025
vt 0.734017 0.142862
vt 0.728308 0.149775
vt 0.687485 0.170908
vt 0.682474 0.177542
vt 0.716967 0.164726
vt 0.716478 0.157855
vt 0.711315 0.161197
vt 0.702842 0.162075
vt 0.681290 0.167596
vt 0.675497 0.171143
vt 0.728494 0.146928
vt 0.721729 0.145880
vt 0.708130 0.159311
vt 0.730355 0.142419
vt 0.683322 0.166836
vt 0.686191 0.167978
vt 0.683675 0.163179
vt 0.689528 0.166443
vt 0.690506 0.161777
vt 0.711136 0.156885
vt 0.718611 0.156001
vt 0.720034 0.145826
vt 0.713722 0.153584
vt 0.681015 0.162386
vt 0.675841 0.162553
vt 0.712196 0.144937
vt 0.680854 0.380381
vt 0.679506 0.375744
vt 0.678801 0.379068
vt 0.730967 0.134658
vt 0.724449 0.137135
vt 0.693877 0.162936
vt 0.695854 0.158903
vt 0.691922 0.160938
vt 0.710946 0.155274
vt 0.703189 0.156755
vt 0.706190 0.157394
vt 0.712536 0.149815
vt 0.717025 0.140611
vt 0.720890 0.140749
vt 0.684760 0.157667
vt 0.679091 0.158242
vt 0.726911 0.134746
vt 0.728155 0.131880
vt 0.724556 0.135197
vt 0.731082 0.126578
vt 0.723595 0.132056
vt 0.728830 0.131019
vt 0.721913 0.131789
vt 0.692225 0.156756
vt 0.686724 0.150964
vt 0.689731 0.159643
vt 0.716743 0.125682
vt 0.700619 0.148685
vt 0.687652 0.144787
vt 0.703614 0.149262
vt 0.704352 0.147724
vt 0.680888 0.147835
vt 0.679828 0.153210
vt 0.719851 0.130567
vt 0.719428 0.128860
vt 0.716959 0.128803
vt 0.722078 0.119478
vt 0.725077 0.118438
vt 0.730734 0.123799
vt 0.731060 0.113681
vt 0.675071 0.150614
vt 0.675201 0.141950
vt 0.671644 0.145883
vt 0.704669 0.138532
vt 0.708140 0.147536
vt 0.678725 0.146521
vt 0.689641 0.141027
vt 0.702635 0.143211
vt 0.716746 0.128927
vt 0.710680 0.124575
vt 0.717908 0.117176
vt 0.721689 0.117596
vt 0.724367 0.115111
vt 0.717337 0.113567
vt 0.699313 0.141478
vt 0.719724 0.111009
vt 0.691490 0.134434
vt 0.708932 0.133494
vt 0.677908 0.139539
vt 0.666973 0.128821
vt 0.670802 0.139481
vt 0.711820 0.110499
vt 0.671597 0.134762
vt 0.701651 0.137672
vt 0.699387 0.130997
vt 0.692111 0.133612
vt 0.707120 0.132115
vt 0.701966 0.134705
vt 0.711682 0.119187
vt 0.688801 0.135222
vt 0.703205 0.128359
vt 0.675269 0.129500
vt 0.687980 0.128072
vt 0.677328 0.131289
vt 0.691317 0.130169
vt 0.706494 0.124861
vt 0.708937 0.125263
vt 0.678079 0.127470
vt 0.691780 0.127918
vt 0.693527 0.122977
vt 0.688920 0.128022
vt 0.696191 0.125350
vt 0.673992 0.123118
vt 0.669078 0.122861
vt 0.668500 0.128201
vt 0.674670 0.125687
vt 0.679632 0.124822
vt 0.702290 0.127904
vt 0.697540 0.122309
vt 0.700826 0.120831
vt 0.704395 0.123638
vt 0.665386 0.119215
vt 0.666525 0.125571
vt 0.686338 0.125997
vt 0.687704 0.120111
vt 0.693661 0.120995
vt 0.706943 0.123474
vt 0.708198 0.122454
vt 0.705620 0.121880
vt 0.665728 0.118139
vt 0.669645 0.121285
vt 0.677238 0.117989
vt 0.671200 0.111811
vt 0.679777 0.120685
vt 0.683244 0.119571
vt 0.682115 0.116519
vt 0.681899 0.120140
vt 0.699677 0.116820
vt 0.698555 0.110911
vt 0.677370 0.114146
vt 0.684194 0.116034
vt 0.690632 0.115848
vt 0.684866 0.110530
vt 0.696733 0.115235
vt 0.697456 0.119200
vt 0.708935 0.114383
vt 0.683620 0.110364
vt 0.708120 0.109721
vt 0.693060 0.111802
vt 0.695051 0.109313
vt 0.270777 0.734034
vt 0.251419 0.720898
vt 0.253209 0.697621
vt 0.442297 0.771328
vt 0.405343 0.760463
vt 0.441860 0.695118
vt 0.976130 0.832759
vt 0.964561 0.776325
vt 0.952232 0.826172
vt 0.358226 0.021239
vt 0.371862 0.018694
vt 0.387038 0.020369
vt 0.174309 0.157500
vt 0.176924 0.159386
vt 0.176338 0.155384
vt 0.178339 0.155984
vt 0.563552 0.604741
vt 0.570372 0.552511
vt 0.556041 0.595853
vt 0.578371 0.494554
vt 0.578771 0.487610
vt 0.578598 0.481506
vt 0.554579 0.471863
vt 0.570682 0.466309
vt 0.566657 0.385754
vt 0.578155 0.412355
vt 0.575214 0.367899
vt 0.572320 0.353030
vt 0.555246 0.346679
vt 0.574606 0.350603
vt 0.575540 0.328000
vt 0.574927 0.350730
vt 0.575864 0.351037
vt 0.574817 0.306886
vt 0.554344 0.306595
vt 0.554240 0.304765
vt 0.575060 0.294652
vt 0.554186 0.296355
vt 0.560493 0.282230
vt 0.556886 0.294374
vt 0.578648 0.285696
vt 0.901374 0.506995
vt 0.899144 0.536863
vt 0.903471 0.544972
vt 0.877378 0.547772
vt 0.893887 0.542618
vt 0.884104 0.537267
vt 0.877528 0.552161
vt 0.865399 0.549465
vt 0.861313 0.503146
vt 0.865092 0.539693
vt 0.849632 0.534312
vt 0.871970 0.538471
vt 0.866865 0.543121
vt 0.858809 0.524770
vt 0.853408 0.537485
vt 0.843015 0.553286
vt 0.865575 0.553054
vt 0.819302 0.544881
vt 0.880469 0.471983
vt 0.869634 0.461931
vt 0.828777 0.469732
vt 0.840456 0.507720
vt 0.848403 0.515609
vt 0.832614 0.530074
vt 0.828184 0.528987
vt 0.829731 0.472142
vt 0.805397 0.471753
vt 0.828189 0.517865
vt 0.851124 0.535307
vt 0.830213 0.519912
vt 0.836861 0.454742
vt 0.840687 0.510192
vt 0.815290 0.515603
vt 0.812165 0.518234
vt 0.830267 0.535812
vt 0.802093 0.535855
vt 0.818089 0.458548
vt 0.805109 0.512021
vt 0.820686 0.507851
vt 0.928023 0.779788
vt 0.893562 0.760542
vt 0.927853 0.807420
vt 0.927771 0.778542
vt 0.930180 0.772998
vt 0.910954 0.749423
vt 0.928516 0.770382
vt 0.929288 0.760860
vt 0.925924 0.767446
vt 0.090852 0.163264
vt 0.090644 0.158567
vt 0.093254 0.160096
vt 0.086778 0.162883
vt 0.084345 0.153876
vt 0.089342 0.155950
vt 0.098134 0.156665
vt 0.097465 0.164279
vt 0.082265 0.156873
vt 0.076398 0.164001
vt 0.121538 0.159266
vt 0.113417 0.163015
vt 0.080828 0.154234
vt 0.075470 0.161268
vt 0.071950 0.163007
vt 0.066009 0.153073
vt 0.064894 0.162652
vt 0.063455 0.156077
vt 0.055885 0.153357
vt 0.065830 0.152451
vt 0.062949 0.163118
vt 0.059465 0.151712
vt 0.058380 0.150167
vt 0.055856 0.163072
vt 0.053726 0.158707
vt 0.054506 0.165211
vt 0.052359 0.166921
vt 0.054408 0.161920
vt 0.050341 0.159412
vt 0.051073 0.156470
vt 0.049884 0.149465
vt 0.053785 0.153251
vt 0.050857 0.158413
vt 0.051401 0.156814
vt 0.041532 0.147705
vt 0.049237 0.156250
vt 0.040958 0.165602
vt 0.045754 0.156231
vt 0.040651 0.157075
vt 0.327614 0.677576
vt 0.339380 0.671502
vt 0.334729 0.681105
vt 0.494800 0.295540
vt 0.498182 0.286489
vt 0.491821 0.283979
vt 0.325276 0.283145
vt 0.317482 0.289066
vt 0.323130 0.257789
vt 0.394130 0.942269
vt 0.392350 0.949012
vt 0.385207 0.942588
vt 0.406534 0.946263
vt 0.403327 0.946232
vt 0.401061 0.944385
vt 0.412383 0.944200
vt 0.395939 0.942595
vt 0.403393 0.970837
vt 0.408757 0.974425
vt 0.398663 0.975894
vt 0.404907 0.946800
vt 0.408548 0.950953
vt 0.401086 0.948977
vt 0.402087 0.970644
vt 0.397526 0.967386
vt 0.406996 0.968540
vt 0.400754 0.946100
vt 0.396532 0.975415
vt 0.413745 0.970362
vt 0.409854 0.966196
vt 0.415240 0.974693
vt 0.415959 0.952891
vt 0.433165 0.954168
vt 0.418999 0.953531
vt 0.423090 0.950478
vt 0.416060 0.943618
vt 0.422792 0.949031
vt 0.419036 0.953426
vt 0.430328 0.966036
vt 0.417599 0.968833
vt 0.425332 0.947337
vt 0.427044 0.944318
vt 0.433152 0.946410
vt 0.435935 0.973160
vt 0.434917 0.967765
vt 0.416011 0.946110
vt 0.418141 0.965410
vt 0.415893 0.967167
vt 0.412984 0.966400
vt 0.437846 0.951432
vt 0.443221 0.967038
vt 0.438895 0.966503
vt 0.443647 0.963600
vt 0.441952 0.968448
vt 0.446929 0.970146
vt 0.439065 0.969938
vt 0.451033 0.945723
vt 0.447943 0.948483
vt 0.439603 0.945793
vt 0.438836 0.971636
vt 0.445623 0.955899
vt 0.437499 0.956089
vt 0.442069 0.962240
vt 0.449185 0.950246
vt 0.451348 0.951079
vt 0.445023 0.954444
vt 0.448409 0.967701
vt 0.451089 0.968786
vt 0.451168 0.960862
vt 0.448180 0.961609
vt 0.448520 0.958163
vt 0.451567 0.965901
vt 0.450314 0.963646
vt 0.453226 0.948624
vt 0.457956 0.957895
vt 0.455153 0.966203
vt 0.452781 0.968846
vt 0.458099 0.946868
vt 0.993083 0.200817
vt 0.986185 0.230580
vt 0.994976 0.229014
vt 0.121101 0.243626
vt 0.119820 0.248038
vt 0.113510 0.248515
vt 0.123672 0.248014
vt 0.244387 0.283442
vt 0.242319 0.291760
vt 0.239450 0.289948
vt 0.246581 0.285480
vt 0.245519 0.296888
vt 0.243918 0.292813
vt 0.242471 0.301064
vt 0.239372 0.289871
vt 0.239925 0.292955
vt 0.232112 0.285072
vt 0.128223 0.248893
vt 0.229404 0.299690
vt 0.230329 0.297187
vt 0.238037 0.300220
vt 0.233737 0.279635
vt 0.133319 0.249785
vt 0.128674 0.245210
vt 0.136843 0.243579
vt 0.130916 0.249565
vt 0.229381 0.296103
vt 0.229032 0.294329
vt 0.229309 0.296246
vt 0.228730 0.297798
vt 0.225547 0.287796
vt 0.230274 0.284233
vt 0.226157 0.298393
vt 0.130288 0.301674
vt 0.133392 0.307954
vt 0.127535 0.309560
vt 0.222743 0.280004
vt 0.231585 0.278356
vt 0.141667 0.299796
vt 0.222683 0.275729
vt 0.219452 0.294970
vt 0.215907 0.285114
vt 0.221960 0.287640
vt 0.143097 0.306178
vt 0.216510 0.289512
vt 0.192047 0.287298
vt 0.193107 0.290414
vt 0.189449 0.288718
vt 0.193867 0.283743
vt 0.193902 0.287977
vt 0.192451 0.287057
vt 0.199242 0.288260
vt 0.195588 0.288583
vt 0.191985 0.282020
vt 0.195279 0.281014
vt 0.201414 0.276590
vt 0.211719 0.280795
vt 0.199291 0.282590
vt 0.202222 0.287598
vt 0.205480 0.295973
vt 0.197406 0.294540
vt 0.214334 0.288838
vt 0.210688 0.293038
vt 0.212543 0.296716
vt 0.213908 0.291751
vt 0.202999 0.273696
vt 0.210957 0.273255
vt 0.209636 0.278647
vt 0.159588 0.251861
vt 0.154505 0.257254
vt 0.152559 0.248530
vt 0.158163 0.257802
vt 0.145735 0.250256
vt 0.152050 0.252026
vt 0.149703 0.255511
vt 0.195965 0.276214
vt 0.186605 0.274395
vt 0.187034 0.265622
vt 0.199661 0.271638
vt 0.170173 0.256676
vt 0.170955 0.259533
vt 0.165052 0.264172
vt 0.167631 0.293882
vt 0.167598 0.294715
vt 0.165288 0.294356
vt 0.172467 0.261830
vt 0.182634 0.263588
vt 0.171497 0.266617
vt 0.169756 0.265212
vt 0.187912 0.299035
vt 0.186919 0.297039
vt 0.189715 0.294953
vt 0.170721 0.291832
vt 0.172339 0.292085
vt 0.173511 0.295067
vt 0.166216 0.296210
vt 0.177979 0.266350
vt 0.186979 0.271072
vt 0.182996 0.273396
vt 0.154871 0.299915
vt 0.148577 0.302537
vt 0.152974 0.297120
vt 0.161429 0.254666
vt 0.184402 0.297205
vt 0.187678 0.299067
vt 0.180943 0.293111
vt 0.155004 0.304931
vt 0.161271 0.296962
vt 0.167842 0.302811
vt 0.154800 0.297017
vt 0.159007 0.297306
vt 0.156868 0.299149
vt 0.157514 0.258315
vt 0.167273 0.256211
vt 0.178547 0.299955
vt 0.173171 0.268123
vt 0.175367 0.299344
vt 0.199537 0.311981
vt 0.186027 0.310866
vt 0.200966 0.306903
vt 0.204526 0.314086
vt 0.932437 0.986517
vt 0.935063 0.991912
vt 0.926388 0.994605
s 1
usemtl material_0
f 31/1/1 29/2/2 33/3/3
f 32/4/4 23/5/5 24/6/6
f 23/7/7 28/8/8 25/9/9
f 22/10/10 21/11/11 28/12/12
f 18/13/13 21/11/11 22/10/10
f 22/10/10 17/14/14 18/13/13
f 26/15/15 18/13/13 27/16/16
f 19/17/17 27/16/16 18/13/13
f 17/14/14 19/17/17 18/13/13
f 16/18/18 26/19/19 19/17/20
f 17/20/21 11/21/22 16/18/21
f 12/22/23 14/23/24 11/24/25
f 43/25/26 41/26/27 42/27/28
f 43/25/26 44/28/29 41/26/27
f 46/29/30 45/30/31 44/31/32
f 43/25/26 42/27/28 45/32/33
f 44/31/32 45/30/31 40/33/34
f 280/34/35 279/35/36 282/36/37
f 281/37/38 149/38/39 152/39/40
f 281/37/38 152/39/40 279/35/41
f 455/40/42 457/41/43 456/42/44
f 129/43/45 150/44/46 149/45/47
f 456/42/44 457/41/43 458/46/48
f 458/46/48 457/41/43 461/47/49
f 458/46/48 461/47/49 463/48/50
f 129/49/51 146/50/52 145/51/53
f 145/51/53 146/50/52 135/52/54
f 135/52/54 146/50/52 466/53/55
f 145/51/53 135/52/54 134/54/56
f 149/55/57 147/56/58 148/57/59
f 134/58/60 428/59/61 129/60/62
f 134/58/60 307/61/63 428/59/61
f 136/62/64 134/54/65 125/63/66
f 428/59/61 307/61/63 125/64/67
f 129/60/62 133/65/68 148/66/69
f 142/67/70 125/63/66 134/54/65
f 126/68/71 138/69/72 127/70/73
f 126/68/71 127/70/73 125/71/74
f 129/60/62 428/59/61 133/65/68
f 122/72/75 139/73/76 120/74/77
f 122/72/75 120/74/77 127/75/78
f 428/59/61 125/64/67 130/76/79
f 428/59/61 130/76/79 131/77/80
f 119/78/81 116/79/82 120/80/83
f 428/59/61 131/77/80 429/81/84
f 130/76/79 128/82/85 131/77/80
f 125/71/86 120/80/87 124/83/88
f 131/77/80 128/82/85 132/84/89
f 124/83/88 143/85/90 125/71/86
f 120/80/87 123/86/91 124/83/88
f 116/87/92 97/88/93 112/89/94
f 100/90/95 87/91/96 97/92/97
f 111/93/98 97/92/98 99/94/99
f 429/95/100 440/96/101 432/97/102
f 429/98/103 430/99/104 431/100/105
f 120/80/87 117/101/106 123/86/91
f 117/101/107 115/102/108 121/103/109
f 433/104/110 434/105/111 435/106/112
f 450/107/113 451/108/114 449/109/115
f 445/110/116 437/111/117 438/112/118
f 433/104/110 429/113/119 434/105/111
f 450/107/113 446/114/120 451/108/114
f 115/102/108 116/87/92 112/89/94
f 446/115/121 445/110/116 447/116/122
f 115/102/108 118/117/123 121/103/109
f 451/118/124 447/119/125 448/120/126
f 101/121/127 88/122/128 87/123/129
f 447/116/122 445/110/116 438/112/118
f 429/113/119 441/124/130 434/105/111
f 115/102/108 112/89/94 118/117/123
f 436/125/131 441/126/132 432/97/133
f 438/112/118 437/111/117 435/106/134
f 99/127/135 87/128/136 113/129/137
f 112/130/138 99/127/135 113/129/137
f 87/123/129 88/122/128 85/131/139
f 454/132/140 438/112/118 435/106/134
f 452/133/141 453/134/142 447/135/143
f 113/129/137 87/128/136 98/136/144
f 85/131/139 88/122/128 91/137/145
f 94/138/146 96/139/147 86/140/148
f 90/141/149 89/142/150 77/143/151
f 113/129/137 98/136/144 86/144/152
f 94/138/146 87/145/153 96/139/147
f 93/146/154 86/147/155 87/148/155
f 89/149/156 79/150/157 78/151/158
f 91/137/145 84/152/159 85/131/139
f 90/141/149 77/143/151 82/153/160
f 85/131/139 84/152/159 86/154/161
f 90/141/149 82/153/160 91/137/162
f 78/151/158 79/150/157 80/155/163
f 77/156/164 80/155/165 76/157/166
f 74/158/167 73/159/168 80/160/169
f 73/159/168 72/161/170 80/160/169
f 92/162/171 91/137/162 82/153/160
f 82/153/160 77/143/151 81/163/172
f 81/163/172 77/143/151 72/164/173
f 68/165/174 114/166/175 73/167/176
f 83/168/177 76/157/177 72/169/177
f 72/170/178 71/171/179 69/172/180
f 114/166/181 67/173/182 71/171/179
f 104/174/183 67/175/184 102/176/185
f 71/171/179 67/173/182 69/172/180
f 65/177/186 67/175/184 104/174/183
f 67/173/182 70/178/187 69/172/180
f 70/178/187 65/179/188 64/180/189
f 70/178/187 64/180/189 69/172/180
f 103/181/190 107/182/191 108/183/192
f 103/184/193 105/185/194 104/186/195
f 104/187/196 109/188/197 66/189/198
f 414/190/199 420/191/200 380/192/201
f 415/193/202 419/194/203 299/195/204
f 414/190/205 299/195/204 419/194/203
f 108/183/192 107/182/191 104/196/206
f 174/197/207 242/198/208 241/199/209
f 154/200/210 153/201/211 157/202/212
f 299/195/204 414/190/205 372/203/213
f 153/201/214 106/204/215 158/205/216
f 414/190/205 421/206/217 372/203/213
f 415/193/218 416/207/219 418/208/220
f 163/209/221 161/210/222 162/211/223
f 156/212/224 154/200/210 159/213/225
f 154/200/210 157/202/212 159/213/225
f 174/197/207 241/199/209 170/214/226
f 185/215/227 201/216/228 186/217/229
f 210/218/230 174/197/207 175/219/231
f 163/209/221 162/211/223 241/220/232
f 416/207/219 417/221/233 418/208/220
f 161/210/222 160/222/234 162/211/223
f 380/223/235 373/224/236 372/225/237
f 159/213/225 157/202/212 155/226/238
f 161/210/222 156/212/224 160/222/234
f 416/207/219 261/227/239 417/221/233
f 299/195/204 372/203/213 384/228/240
f 185/215/227 210/229/241 190/230/242
f 168/231/243 174/197/207 169/232/244
f 174/197/207 170/214/226 169/232/244
f 185/215/227 190/230/242 202/233/245
f 422/234/246 415/235/247 261/236/248
f 185/215/227 202/233/245 201/216/228
f 174/197/207 168/231/243 175/219/231
f 160/222/234 156/212/224 159/213/225
f 251/237/249 417/238/250 427/239/251
f 417/221/233 261/227/239 425/240/252
f 415/235/247 297/241/253 261/236/248
f 297/241/253 415/235/247 296/242/254
f 252/243/255 251/237/249 427/239/251
f 190/230/256 175/219/257 177/244/258
f 384/228/259 383/245/260 304/246/261
f 160/222/234 159/213/225 228/247/262
f 382/248/263 372/225/264 304/249/265
f 372/225/264 381/250/266 304/249/265
f 168/231/243 169/232/244 166/251/267
f 228/247/262 159/213/225 249/252/268
f 297/253/269 299/254/270 298/255/271
f 384/256/272 305/257/273 298/258/274
f 185/215/227 186/217/229 181/259/275
f 202/260/276 186/217/277 184/261/277
f 169/232/244 162/262/278 166/251/267
f 252/243/255 297/263/279 251/237/249
f 250/264/280 249/265/281 251/237/249
f 177/244/258 175/219/257 176/266/282
f 248/267/283 228/268/283 162/269/283
f 166/251/267 162/262/278 165/270/284
f 297/263/279 250/264/280 251/237/249
f 373/224/236 396/271/285 372/225/237
f 228/247/262 249/252/268 229/272/286
f 381/250/287 396/273/288 305/274/289
f 374/275/290 369/276/291 396/277/292
f 177/244/258 176/266/282 186/278/293
f 166/251/267 164/279/294 167/280/295
f 165/270/284 164/279/294 166/251/267
f 204/281/296 168/282/297 225/283/298
f 374/275/290 370/284/299 369/276/291
f 396/277/292 369/276/291 371/285/300
f 225/283/298 167/286/301 204/281/296
f 249/265/281 250/264/280 234/287/302
f 369/276/291 370/284/299 393/288/303
f 186/217/229 178/289/304 181/259/275
f 164/279/305 228/290/306 232/291/307
f 298/255/271 300/292/308 297/253/269
f 305/293/309 408/294/310 302/295/311
f 275/296/312 297/297/313 277/298/314
f 204/299/315 208/300/316 211/301/317
f 306/302/318 305/303/319 303/304/320
f 275/296/312 273/305/321 234/306/322
f 176/307/323 204/299/315 211/301/317
f 273/305/321 275/296/312 277/298/314
f 300/292/308 298/255/271 301/308/324
f 371/309/325 363/310/326 408/311/327
f 409/312/328 410/313/329 424/314/330
f 204/315/331 164/316/332 171/317/333
f 262/318/334 257/319/335 297/241/336
f 176/307/323 211/301/317 203/320/337
f 171/317/333 164/316/332 173/321/338
f 393/322/339 392/323/340 368/324/341
f 180/325/342 181/259/275 178/289/304
f 407/326/343 386/327/344 403/328/345
f 297/263/346 254/329/347 253/330/348
f 368/324/341 375/331/349 363/310/350
f 255/332/351 273/305/321 277/298/314
f 408/311/327 363/310/326 412/333/352
f 393/322/339 403/334/353 392/323/340
f 176/266/354 179/335/354 178/289/355
f 173/321/338 164/316/332 172/336/356
f 301/308/324 302/337/357 300/292/308
f 368/324/341 392/323/340 375/331/349
f 228/268/358 234/306/322 227/338/359
f 253/330/348 254/329/347 255/332/360
f 301/308/324 303/339/361 302/337/357
f 227/338/359 234/306/322 273/305/321
f 262/318/334 260/340/362 257/319/335
f 392/341/363 386/327/364 364/342/365
f 172/336/356 198/343/366 173/321/338
f 255/332/360 254/329/347 413/344/367
f 302/295/311 408/294/310 318/345/368
f 254/329/347 256/346/369 413/344/367
f 208/347/370 206/348/371 198/349/371
f 364/342/365 386/327/364 397/350/372
f 423/351/373 439/352/374 386/353/375
f 257/319/335 260/340/362 402/354/376
f 302/337/377 311/355/378 262/356/379
f 179/357/380 203/320/337 211/301/317
f 315/358/381 318/359/382 317/360/383
f 302/361/384 315/358/385 316/362/386
f 255/363/387 270/364/388 227/365/389
f 397/350/372 363/366/390 364/342/365
f 198/367/391 228/268/358 227/338/359
f 311/355/378 309/368/392 262/356/379
f 269/369/393 227/365/389 270/364/388
f 363/366/390 397/350/372 360/370/394
f 423/371/395 411/372/396 397/373/397
f 317/360/398 412/374/399 365/375/400
f 361/376/401 363/366/390 360/370/394
f 265/377/402 413/344/367 256/346/369
f 402/378/403 309/368/404 308/379/405
f 316/362/386 315/358/385 314/380/406
f 317/360/398 365/375/400 319/381/407
f 257/319/335 402/354/376 256/346/408
f 316/362/386 314/380/406 309/382/409
f 179/383/410 207/384/410 208/385/410
f 402/386/411 401/387/412 258/388/413
f 394/389/414 363/390/415 366/391/416
f 315/358/385 319/392/417 314/380/406
f 361/376/401 360/370/394 387/393/418
f 366/391/416 363/390/415 390/394/419
f 183/395/420 178/396/421 196/397/422
f 309/368/404 310/398/423 308/379/405
f 363/390/415 362/399/424 390/394/419
f 365/400/425 366/401/426 379/402/427
f 365/400/425 379/402/427 320/403/428
f 198/404/429 200/405/429 212/406/430
f 310/398/423 309/368/404 426/407/431
f 319/392/417 322/408/432 314/380/406
f 258/409/433 272/410/434 265/411/435
f 208/412/436 212/406/437 199/413/438
f 320/414/439 390/415/440 321/416/441
f 390/394/419 362/399/424 387/417/442
f 320/414/439 321/416/441 322/408/443
f 390/394/419 387/417/442 391/418/444
f 227/419/445 272/410/434 283/420/446
f 258/409/433 283/420/446 272/410/434
f 399/421/447 258/422/448 400/423/449
f 313/424/450 314/380/406 322/408/432
f 401/425/451 310/426/452 399/427/453
f 179/428/454 182/429/455 196/430/456
f 322/408/443 323/431/457 355/432/458
f 391/418/444 387/417/442 359/433/459
f 314/380/406 313/424/450 312/434/460
f 322/408/443 321/416/441 323/431/457
f 226/435/461 227/436/462 246/437/463
f 321/416/464 391/418/444 359/433/459
f 321/416/464 359/433/459 358/438/465
f 387/417/442 367/439/466 359/433/459
f 200/405/467 226/440/468 230/441/469
f 199/442/470 200/405/467 230/441/469
f 399/427/453 310/426/452 332/443/471
f 313/424/472 355/444/473 331/445/474
f 358/438/465 359/433/459 398/446/475
f 323/431/457 329/447/476 355/432/458
f 258/422/448 399/421/447 259/448/477
f 182/429/455 179/428/454 187/449/478
f 312/434/460 313/424/450 332/450/479
f 358/451/480 357/452/481 323/453/482
f 233/454/483 267/455/484 268/456/485
f 377/457/486 385/458/487 367/439/488
f 188/459/489 179/460/489 197/461/489
f 284/462/490 227/419/445 283/420/446
f 227/463/491 264/464/492 267/455/484
f 313/424/472 331/445/474 325/465/493
f 187/449/494 188/459/495 191/466/496
f 268/456/485 267/455/484 264/464/492
f 376/467/497 367/468/498 406/469/499
f 226/470/500 268/456/485 264/464/492
f 188/459/495 189/471/501 191/466/496
f 323/431/457 325/472/502 329/447/476
f 398/473/503 404/474/504 406/475/505
f 196/430/456 182/429/455 194/476/506
f 189/471/501 188/459/495 205/477/507
f 231/478/508 226/479/509 235/480/510
f 226/479/509 276/481/511 235/480/510
f 284/482/512 259/483/513 286/484/514
f 226/479/509 240/485/515 276/481/511
f 325/472/516 328/486/517 330/487/518
f 324/488/519 337/489/520 325/490/521
f 324/488/519 357/491/522 326/492/523
f 208/412/524 230/493/525 197/494/526
f 332/443/527 325/472/516 330/487/518
f 264/464/492 227/463/491 266/495/528
f 332/496/529 333/497/530 286/498/531
f 324/488/519 326/492/523 337/489/520
f 333/497/530 332/496/529 335/499/532
f 398/473/503 406/475/505 405/500/533
f 205/501/534 197/494/535 271/502/536
f 335/499/532 332/496/529 334/503/537
f 284/482/512 286/484/514 285/504/538
f 240/485/515 263/505/539 276/481/511
f 286/484/514 294/506/540 293/507/541
f 192/508/542 191/466/496 189/471/501
f 398/509/543 327/510/544 326/511/545
f 197/494/526 230/493/525 220/512/546
f 286/484/514 293/507/541 285/504/538
f 341/513/547 342/514/548 330/487/549
f 328/486/517 325/472/516 340/515/550
f 264/464/492 243/516/551 263/505/552
f 264/464/492 266/495/528 243/516/551
f 191/466/496 192/508/542 193/517/553
f 230/493/525 235/518/554 220/512/546
f 220/519/555 205/520/556 216/521/557
f 294/506/540 335/522/558 293/507/541
f 191/523/559 213/524/560 194/525/559
f 287/526/561 292/527/562 285/504/563
f 342/514/548 341/513/547 340/528/564
f 334/529/565 342/530/566 336/531/567
f 340/528/568 337/532/569 336/531/570
f 285/504/563 289/533/571 288/534/572
f 289/535/573 293/507/574 345/536/575
f 235/480/576 247/537/576 236/538/576
f 337/532/577 356/539/578 338/540/579
f 293/507/574 295/541/580 345/536/575
f 213/524/581 193/517/582 195/542/583
f 192/543/584 215/544/585 195/545/586
f 287/526/561 285/504/563 288/534/572
f 334/529/565 336/531/567 344/546/587
f 351/547/588 352/548/589 292/549/590
f 215/544/585 205/520/591 223/550/592
f 290/551/593 287/526/561 288/534/572
f 326/511/594 389/552/595 356/553/596
f 220/512/597 219/554/598 218/555/599
f 220/512/597 236/538/600 219/554/598
f 339/556/601 335/557/602 344/546/603
f 243/558/604 244/559/605 245/560/606
f 352/548/589 351/547/588 290/561/607
f 288/534/572 349/562/608 290/551/593
f 395/563/609 345/564/610 346/565/611
f 289/533/571 291/566/612 288/534/572
f 291/566/612 289/533/571 395/563/613
f 218/555/614 217/567/615 205/568/616
f 239/569/617 276/570/618 237/571/619
f 195/545/586 215/544/585 223/550/592
f 236/538/600 238/572/620 219/554/598
f 243/558/604 245/560/606 276/570/621
f 345/564/622 335/573/623 343/574/624
f 223/550/592 205/520/591 224/575/625
f 235/576/626 239/569/617 237/571/619
f 288/534/572 291/566/612 353/577/627
f 337/532/577 338/540/579 339/578/628
f 209/579/629 194/525/630 217/580/631
f 235/576/626 237/571/619 238/581/632
f 274/582/633 244/583/634 276/584/635
f 224/575/625 217/585/636 223/550/592
f 213/524/581 195/542/583 217/586/637
f 218/555/614 222/587/638 217/567/615
f 217/588/639 219/554/598 238/572/620
f 348/589/640 352/548/641 349/590/642
f 349/590/642 350/591/643 353/592/644
f 343/593/645 339/594/646 347/595/647
f 217/588/639 238/572/620 221/596/648
f 347/597/649 346/565/611 345/564/610
f 349/590/642 353/592/644 348/589/640
f 346/565/611 347/597/649 353/598/650
f 1137/599/651 1139/600/652 1138/601/653
f 1133/602/654 1135/603/655 1134/604/656
f 1134/604/656 1135/603/655 1151/605/657
f 1151/605/657 1135/603/655 1150/606/658
f 1132/607/659 1133/608/660 1131/609/661
f 1153/610/662 1149/611/663 1156/612/664
f 1147/613/665 1149/614/666 1148/615/667
f 1155/616/668 1153/610/662 1154/617/669
f 1149/611/663 1153/610/662 1155/616/668
f 1191/618/670 1193/619/671 1194/620/672
f 1202/621/673 1206/622/674 1200/623/675
f 1208/624/676 1207/625/677 1202/621/673
f 1206/622/674 1202/621/673 1207/625/677
f 1202/621/673 1212/626/678 1208/624/676
f 1228/627/679 1226/628/680 1227/629/681
f 1224/630/682 1225/631/683 1229/632/684
f 1224/630/682 1229/632/684 1223/633/685
f 1249/634/686 1248/635/687 1242/636/688
f 1244/637/689 1243/638/690 1245/639/691
f 1245/639/691 1243/638/690 1246/640/692
f 1258/641/693 1256/642/694 1255/643/695
f 1255/643/695 1263/644/696 1258/641/693
f 1262/645/697 1263/644/696 1255/643/695
f 1274/646/698 1275/647/699 1272/648/700
f 1289/649/701 1286/650/701 1283/651/702
f 1293/652/703 1294/653/704 1283/654/705
f 1283/654/705 1292/655/706 1293/652/703
f 1283/654/705 1284/656/707 1292/655/706
f 1284/656/707 1291/657/708 1292/655/706
f 1284/658/709 1295/659/710 1296/660/711
f 1375/661/712 1372/662/713 1374/663/714
f 1371/664/715 1373/665/716 1375/666/717
f 1371/664/715 1372/662/718 1373/665/716
f 1372/662/718 1371/664/715 1370/667/719
f 1374/663/714 1369/668/720 1375/661/712
f 1371/664/715 1379/669/721 1370/667/719
f 1375/670/722 1377/671/723 1378/672/724
f 1377/671/725 1369/673/726 1376/674/727
f 1379/669/721 1369/675/728 1370/667/719
f 1907/676/729 1906/677/730 1904/678/731
f 1379/669/721 1367/679/732 1369/675/728
f 1905/680/733 1902/681/734 1904/682/735
f 1908/683/736 1913/684/737 1906/677/730
f 1907/676/729 1908/683/736 1906/677/730
f 1901/685/738 1902/681/734 1905/680/733
f 1857/686/739 1852/687/740 1856/688/741
f 1904/689/742 1903/690/743 1955/691/744
f 1913/684/737 1900/692/745 1906/677/730
f 1859/693/746 1854/694/747 1857/695/748
f 1861/696/749 1854/694/747 1859/693/746
f 1900/692/745 1913/684/737 1896/697/750
f 1857/686/739 1850/698/751 1852/687/740
f 1861/699/752 1862/700/753 1863/701/754
f 1955/691/744 1903/690/743 1706/702/755
f 1897/703/756 1912/704/757 1901/705/758
f 1911/706/759 1919/707/760 1913/708/761
f 1919/709/762 1910/710/763 1909/711/764
f 1909/711/764 1923/712/765 1919/709/762
f 1900/692/745 1897/703/756 1901/705/758
f 1896/697/750 1897/703/756 1900/692/745
f 1728/713/766 1707/714/767 1709/715/768
f 1913/684/737 1895/716/769 1896/697/750
f 1852/687/740 1850/698/751 1851/717/770
f 1866/718/771 1860/719/771 1861/720/772
f 1707/714/767 1708/721/773 1709/715/768
f 1880/722/774 1895/716/769 1913/684/737
f 1709/723/775 1706/702/776 1912/724/777
f 2343/725/778 2345/726/779 2341/727/780
f 1898/728/781 1897/703/756 1896/697/750
f 1898/728/781 1899/729/782 1897/703/756
f 1923/730/783 1880/731/784 1914/732/785
f 1855/733/786 1854/734/787 1860/735/788
f 1861/736/789 1865/737/790 1864/738/791
f 1912/724/777 1704/739/792 1709/723/775
f 1704/739/792 1912/724/777 1875/740/793
f 1898/728/781 1881/741/794 1899/729/782
f 1850/698/751 1853/742/795 1851/717/770
f 1836/743/796 1704/744/797 1707/745/798
f 1854/746/799 1853/747/800 1870/748/801
f 1866/749/802 1864/738/803 1867/750/804
f 1912/724/777 1881/751/805 1880/752/806
f 1855/733/786 1840/753/807 1854/734/787
f 1730/754/808 1867/750/804 1864/738/803
f 1869/755/809 1877/756/810 1865/757/811
f 1869/758/812 1708/759/813 1704/760/814
f 1875/740/793 1912/724/777 1880/752/806
f 1847/761/815 1853/762/816 1848/763/817
f 2214/764/818 2213/765/819 2215/766/820
f 1875/740/793 1880/752/806 1838/767/821
f 1853/762/816 1840/768/822 1848/763/817
f 1867/750/804 1730/754/808 1840/768/823
f 1877/769/824 1948/770/825 1729/771/826
f 1704/772/827 1701/773/828 1948/770/825
f 1878/774/829 1948/770/825 1701/773/828
f 1729/771/826 1948/770/825 1878/774/829
f 1702/775/830 1701/776/831 1880/777/832
f 1848/778/833 1879/779/834 1844/780/835
f 1842/781/836 1841/782/837 1840/783/838
f 1730/784/839 1731/785/840 1733/786/841
f 1705/787/842 1701/788/843 1693/789/844
f 1731/785/840 1730/784/839 1729/790/845
f 1701/791/846 1700/792/847 1695/793/848
f 1842/794/849 1843/795/850 1844/780/851
f 1844/780/851 1843/795/850 1845/796/852
f 1745/797/853 1733/798/854 1842/799/855
f 1685/800/856 1732/801/857 1729/771/858
f 1690/802/859 1729/803/860 1705/804/861
f 1738/805/862 1742/806/863 1842/799/864
f 1733/807/865 1740/808/866 1734/809/867
f 1845/796/852 1843/795/850 1846/810/868
f 1953/811/869 1740/808/866 1733/807/865
f 1953/812/870 1732/801/857 1685/800/856
f 1688/813/871 1687/814/872 1729/815/873
f 1733/807/865 1736/816/874 1738/805/875
f 1734/809/867 1735/817/876 1733/807/865
f 1846/818/877 1930/819/878 1751/820/879
f 1733/807/865 1735/817/876 1736/816/874
f 1953/811/869 1686/821/880 1740/808/866
f 1686/822/881 1894/823/882 1685/800/856
f 1953/812/870 1685/800/856 1894/823/882
f 1703/824/883 1693/825/884 1700/826/885
f 1848/827/886 1846/818/877 1849/828/887
f 1849/828/887 1846/818/877 1751/820/879
f 1742/806/863 1738/805/862 1739/829/888
f 1735/817/876 1737/830/889 1736/816/874
f 1685/800/856 1684/831/890 1686/822/881
f 1688/813/871 1683/832/891 1687/814/872
f 1688/813/871 1689/833/892 1683/832/891
f 1690/834/893 1689/833/892 1688/813/871
f 1684/831/890 1685/800/856 1683/835/894
f 1690/836/895 1693/837/896 1697/838/897
f 1737/839/898 1752/840/899 1753/841/900
f 1752/840/899 1737/839/898 1684/842/901
f 1690/836/902 1691/843/903 1698/844/904
f 1692/845/905 1698/844/904 1691/843/903
f 1703/824/883 1694/846/906 1693/825/884
f 1736/816/907 1753/841/908 1744/847/909
f 1696/848/910 1691/849/911 1697/838/912
f 1752/840/899 1769/850/913 1753/841/900
f 1750/851/914 1746/852/915 1741/853/916
f 1739/854/917 1743/855/918 1746/852/915
f 1736/816/907 1743/855/918 1739/854/917
f 1743/855/918 1736/816/907 1744/847/909
f 1769/850/913 1918/856/919 1753/841/900
f 1782/857/920 1651/858/921 1781/859/922
f 1693/860/923 1834/861/924 1696/862/925
f 1651/858/921 1782/857/920 1683/863/926
f 1682/864/927 1651/858/921 1683/863/926
f 1699/865/928 1691/849/911 1696/848/910
f 1746/852/915 1749/866/929 1741/853/916
f 1699/867/930 1683/835/931 1874/868/932
f 1693/860/923 1726/869/933 1834/861/924
f 1751/870/934 1741/853/916 1749/866/929
f 1743/855/918 1747/871/935 1746/852/915
f 1917/872/936 1765/873/937 1743/855/938
f 1678/874/939 1651/858/921 1682/864/927
f 1683/835/931 1699/867/930 1681/875/940
f 1743/855/918 1748/876/941 1747/871/935
f 1749/866/929 1833/877/942 1751/870/934
f 1743/855/918 1763/878/943 1748/876/941
f 1876/879/944 1743/855/938 1765/873/937
f 1749/866/929 1747/871/935 1761/880/945
f 1746/852/915 1747/871/935 1749/866/929
f 1781/859/922 1765/881/946 1918/882/947
f 1763/878/943 1754/883/948 1748/876/941
f 1763/878/943 1755/884/949 1754/883/948
f 1876/879/950 1762/885/951 1763/878/952
f 1651/858/921 1783/886/953 1781/859/922
f 1699/887/954 1677/888/955 1678/889/956
f 1834/861/924 1726/869/933 1727/890/957
f 1833/877/958 1784/891/959 1823/892/960
f 1765/881/946 1781/859/922 1783/886/953
f 1654/893/961 1651/858/921 1678/874/939
f 1884/894/962 1699/895/963 1883/896/964
f 1784/891/959 1804/897/965 1823/892/960
f 1763/878/952 1762/885/951 1757/898/966
f 1754/883/948 1755/884/949 1756/899/967
f 1755/884/949 1757/898/968 1756/899/967
f 1762/885/951 1764/900/969 1757/898/966
f 1679/901/970 1699/902/970 1680/903/970
f 1784/891/959 1789/904/971 1804/897/965
f 1757/898/968 1758/905/972 1756/899/967
f 1784/891/959 1759/906/973 1789/904/971
f 1754/883/948 1756/899/967 1759/907/974
f 1765/908/975 1780/909/975 1764/910/976
f 2064/911/977 2065/912/978 2066/913/979
f 1779/914/980 1780/915/981 1654/916/982
f 1775/917/983 1780/915/981 1779/914/980
f 1756/899/967 1772/918/984 1759/907/974
f 1679/919/985 1649/920/986 1654/921/987
f 1758/905/988 1764/922/989 1760/923/990
f 1945/924/991 1648/925/992 1654/926/993
f 1764/922/989 1672/927/994 1760/923/990
f 1771/928/995 1786/929/996 1785/930/997
f 1759/931/998 1771/928/995 1785/930/997
f 1756/932/999 1893/933/1000 1839/934/1001
f 1648/925/992 1775/935/1002 1654/926/993
f 1804/897/1003 1785/936/1004 1751/937/1005
f 1893/938/1006 1674/939/1007 1675/940/1008
f 1773/941/1009 1774/942/1010 1764/943/1011
f 1773/941/1009 1775/917/1012 1774/942/1010
f 1785/936/1004 1805/944/1013 1751/937/1005
f 1801/945/1014 1771/928/995 1788/946/1015
f 1771/928/995 1793/947/1016 1788/946/1015
f 1675/940/1008 1674/939/1007 1771/948/1017
f 1764/949/1018 1837/950/1019 1670/951/1020
f 1776/952/1021 1774/942/1010 1775/917/1012
f 1778/953/1022 1776/952/1021 1775/917/1012
f 1778/953/1022 1775/917/1012 1925/954/1023
f 1785/930/997 1786/929/996 1787/955/1024
f 1771/928/995 1792/956/1025 1786/929/996
f 1771/928/995 1801/945/1014 1792/956/1025
f 1893/938/1006 1672/957/1026 1674/939/1007
f 1837/950/1019 1671/958/1027 1670/951/1020
f 1764/943/1011 1774/942/1010 1885/959/1028
f 1679/919/985 1648/960/1029 1649/920/986
f 1794/961/1030 1788/946/1015 1793/947/1016
f 1774/942/1010 1776/952/1021 1652/962/1031
f 1925/954/1023 1652/963/1032 1778/953/1022
f 1792/956/1033 1791/964/1034 1830/965/1035
f 1801/966/1036 1794/967/1037 1798/968/1038
f 1777/969/1039 1652/962/1031 1776/952/1021
f 1669/970/1040 1670/951/1020 1671/958/1027
f 1663/971/1041 1886/972/1042 1655/973/1043
f 1787/955/1024 1786/929/996 1830/974/1044
f 1655/973/1043 1886/972/1042 1652/975/1045
f 1791/964/1034 1790/976/1046 1830/965/1035
f 1791/964/1034 1798/968/1047 1790/976/1046
f 1798/968/1038 1794/967/1037 1797/977/1048
f 1794/967/1037 1795/978/1049 1797/977/1048
f 1670/951/1020 1673/979/1050 1674/980/1051
f 1669/970/1040 1673/979/1050 1670/951/1020
f 1671/958/1027 1665/981/1052 1669/970/1040
f 1663/971/1041 1655/973/1043 1657/982/1053
f 1653/983/1054 1652/984/1055 1648/985/1056
f 1797/977/1048 1795/978/1049 1799/986/1057
f 1794/967/1037 1796/987/1058 1795/978/1049
f 1794/967/1037 1802/988/1059 1796/987/1058
f 1665/981/1060 1663/971/1041 1657/982/1053
f 1652/963/1061 1659/989/1062 1939/990/1063
f 1795/978/1049 1806/991/1064 1799/986/1057
f 1794/967/1037 1807/992/1065 1802/988/1059
f 1807/993/1066 1806/991/1064 1795/978/1049
f 1650/994/1067 1659/989/1062 1652/963/1061
f 1797/995/1068 1832/996/1069 1830/997/1070
f 1800/998/1071 1832/996/1069 1797/995/1068
f 1657/982/1053 1666/999/1072 1665/981/1060
f 1655/973/1073 1656/1000/1074 1659/1001/1075
f 1666/999/1072 1657/982/1053 1664/1002/1076
f 1650/994/1067 1648/1003/1077 1659/989/1062
f 1807/993/1066 1927/1004/1078 1806/991/1064
f 1803/1005/1079 1815/1006/1080 1807/1007/1081
f 1807/1008/1082 1666/999/1072 1667/1009/1083
f 1655/973/1043 1924/1010/1084 1657/982/1053
f 1808/1011/1085 1807/1007/1081 1813/1012/1086
f 1815/1006/1080 1813/1012/1086 1807/1007/1081
f 1664/1002/1076 1667/1009/1083 1666/999/1072
f 1664/1002/1076 1668/1013/1087 1667/1009/1083
f 1924/1010/1088 1662/1014/1089 1668/1013/1087
f 1830/1015/1090 1825/1016/1091 1831/1017/1092
f 1927/1018/1093 1926/1019/1094 1928/1020/1095
f 1926/1019/1094 1927/1018/1093 1941/1021/1096
f 1810/1022/1097 1927/1023/1098 1809/1024/1099
f 1808/1011/1100 1809/1024/1099 1927/1023/1098
f 1668/1013/1087 1662/1014/1089 1676/1025/1101
f 1658/1026/1102 1661/1027/1103 1835/1028/1104
f 1825/1016/1091 1952/1029/1105 1831/1017/1092
f 1926/1019/1094 1820/1030/1106 1928/1020/1095
f 1810/1022/1097 1817/1031/1107 1926/1019/1108
f 1808/1011/1100 1950/1032/1109 1809/1024/1099
f 1655/973/1073 1661/1027/1103 1658/1026/1102
f 1952/1029/1110 1827/1033/1111 1830/1034/1112
f 1825/1016/1091 1956/1035/1113 1952/1029/1105
f 1810/1022/1097 1811/1036/1114 1817/1031/1107
f 1810/1022/1097 1809/1024/1099 1811/1036/1114
f 1809/1024/1099 1950/1032/1109 1813/1037/1115
f 1813/1037/1115 1715/1038/1116 1809/1024/1099
f 1667/1009/1083 1668/1013/1087 1676/1025/1101
f 1822/1039/1117 1829/1040/1118 1952/1029/1119
f 1817/1031/1107 1819/1041/1120 1926/1019/1108
f 1816/1042/1121 1811/1036/1114 1809/1024/1099
f 1659/1001/1075 1661/1027/1103 1655/973/1073
f 1830/1034/1112 1827/1033/1111 1828/1043/1122
f 1822/1039/1117 1821/1044/1123 1829/1040/1118
f 1660/1045/1124 1659/1046/1125 1722/1047/1126
f 1821/1044/1123 1820/1048/1127 1829/1040/1118
f 1818/1049/1128 1819/1041/1120 1817/1031/1107
f 1715/1050/1129 1812/1051/1130 1816/1052/1131
f 1711/1053/1132 1710/1054/1133 1667/1055/1134
f 1934/1056/1135 1873/1057/1136 1667/1055/1134
f 1662/1058/1137 1873/1057/1136 1934/1056/1135
f 1873/1057/1136 1711/1053/1132 1667/1055/1134
f 1892/1059/1138 1829/1040/1118 1820/1048/1127
f 1819/1041/1120 1818/1049/1128 1892/1060/1139
f 1818/1049/1128 1938/1061/1140 1892/1060/1139
f 1715/1062/1141 1922/1063/1142 1921/1064/1143
f 1921/1064/1143 1922/1063/1142 1818/1049/1144
f 1714/1065/1145 1715/1050/1146 1713/1066/1147
f 1714/1065/1145 1713/1066/1147 1873/1057/1148
f 1662/1058/1149 1661/1067/1150 1872/1068/1151
f 1714/1065/1145 1716/1069/1152 1715/1050/1146
f 1873/1057/1148 1712/1070/1153 1714/1065/1145
f 1661/1067/1150 1722/1071/1154 1872/1068/1151
f 1938/1072/1155 1891/1073/1156 1890/1074/1157
f 1922/1063/1142 1891/1075/1158 1818/1049/1144
f 1717/1076/1159 1715/1050/1146 1716/1069/1152
f 1890/1074/1157 1891/1073/1156 1829/1077/1160
f 1723/1078/1161 1712/1079/1162 1718/1080/1163
f 1720/1081/1164 1719/1082/1165 1715/1083/1166
f 1915/1084/1167 1951/1085/1168 1715/1086/1169
f 1951/1087/1170 1947/1088/1171 1946/1089/1172
f 1722/1090/1173 1712/1070/1174 1662/1091/1175
f 1720/1081/1164 1940/1092/1176 1719/1082/1165
f 1714/1093/1177 1946/1089/1172 1947/1088/1171
f 1946/1089/1172 1714/1093/1177 1724/1094/1178
f 1725/1095/1179 1712/1070/1174 1722/1090/1173
f 1932/1096/1180 1949/1097/1181 1951/1098/1182
f 1721/1099/1183 1725/1095/1179 1722/1090/1173
f 1721/1099/1183 1723/1100/1184 1725/1095/1179
f 1933/1101/1185 1932/1096/1180 1724/1102/1186
f 1723/1100/1184 1721/1099/1183 1724/1102/1187
f 1933/1101/1185 1949/1097/1181 1932/1096/1180
f 1935/1103/1188 1916/1104/1189 1715/1105/1190
f 1889/1106/1191 1721/1107/1192 1888/1108/1193
f 1889/1106/1191 1933/1109/1194 1721/1107/1192
f 1936/1110/1195 1715/1111/1196 1933/1112/1197
f 1933/1112/1197 1937/1113/1198 1936/1110/1195
f 1889/1106/1199 1937/1113/1200 1942/1114/1201
f 1388/1115/1202 1389/1116/1203 1387/1117/1204
f 1383/1118/1205 1382/1119/1206 1384/1120/1207
f 1381/1121/1208 1383/1122/1209 1385/1123/1210
f 1389/1124/1211 1384/1125/1212 1386/1126/1213
f 2437/1127/1214 2436/1128/1215 2438/1129/1216
f 2426/1130/1217 2427/1131/1218 2428/1132/1219
f 2459/1133/1220 2458/1134/1221 2457/1135/1222
f 2414/1136/1223 2413/1137/1224 2410/1138/1225
f 2409/1139/1226 2412/1140/1227 2411/1141/1228
f 2455/1142/1229 2454/1143/1230 2453/1144/1231
f 2417/1145/1232 2416/1146/1233 2418/1147/1234
f 2448/1148/1235 2449/1149/1236 2447/1150/1237
f 2462/1151/1238 2421/1152/1239 2420/1153/1240
f 2421/1154/1241 2450/1155/1242 2422/1156/1243
f 2439/1157/1244 2443/1158/1245 2441/1159/1246
f 2440/1160/1247 2439/1161/1248 2423/1162/1249
f 2444/1163/1250 2423/1162/1249 2439/1161/1248
f 2441/1159/1246 2443/1158/1245 2442/1164/1251
f 2497/1165/1252 2499/1166/1253 2495/1167/1254
f 2496/1168/1255 2499/1169/1256 2498/1170/1257
f 2497/1165/1252 2496/1168/1255 2498/1170/1257
f 2501/1171/1258 2496/1168/1255 2497/1165/1252
f 2495/1167/1254 2501/1171/1258 2497/1165/1252
f 2503/1172/1259 2502/1173/1260 2496/1174/1261
f 2502/1175/1262 2501/1171/1263 2490/1176/1264
f 2490/1177/1265 2492/1178/1266 2491/1179/1267
f 2490/1177/1265 2491/1179/1267 2505/1180/1268
f 2500/1181/1269 2492/1178/1270 2505/1182/1271
f 2492/1178/1270 2493/1183/1272 2505/1182/1271
f 2521/1184/1273 2520/1185/1274 2538/1186/1275
f 2521/1184/1273 2538/1186/1275 2535/1187/1276
f 2535/1188/1277 2523/1189/1278 2522/1190/1279
f 2526/1191/1280 2524/1192/1281 2523/1193/1282
f 2525/1194/1283 2524/1192/1281 2526/1191/1280
f 2529/1195/1284 2526/1196/1285 2535/1197/1286
f 2528/1198/1287 2525/1194/1283 2526/1191/1280
f 2526/1196/1285 2529/1195/1284 2530/1199/1288
f 2526/1191/1280 2527/1200/1289 2528/1198/1287
f 2525/1201/1290 2533/1202/1291 2534/1203/1292
f 2533/1202/1291 2525/1201/1290 2531/1204/1293
f 2547/1205/1294 2548/1206/1295 2546/1207/1296
f 2546/1207/1296 2548/1206/1295 2544/1208/1297
f 2574/1209/1298 2698/1210/1299 2573/1211/1300
f 2577/1212/1301 2575/1213/1302 2573/1214/1303
f 2703/1215/1304 2713/1216/1305 2574/1209/1306
f 2704/1217/1307 2703/1215/1304 2574/1209/1306
f 2572/1218/1308 2578/1219/1309 2573/1220/1310
f 2713/1221/1311 2714/1222/1312 2698/1223/1313
f 2580/1224/1314 2575/1213/1302 2577/1212/1301
f 2580/1224/1314 2577/1212/1301 2578/1225/1315
f 2706/1226/1316 2703/1215/1304 2704/1217/1307
f 2581/1227/1317 2580/1224/1314 2578/1225/1315
f 2701/1228/1318 2698/1229/1319 2703/1230/1320
f 2710/1231/1321 2703/1215/1304 2706/1226/1316
f 2578/1225/1315 2698/1232/1322 2581/1227/1317
f 2707/1233/1323 2629/1234/1324 2706/1235/1325
f 2698/1229/1319 2701/1228/1318 2702/1236/1326
f 2698/1237/1327 2700/1238/1328 2584/1239/1329
f 2579/1240/1330 2581/1227/1317 2698/1232/1322
f 2709/1241/1331 2706/1235/1325 2708/1242/1332
f 2711/1243/1333 2706/1235/1325 2629/1234/1324
f 2629/1234/1334 2609/1244/1335 2712/1245/1336
f 2711/1243/1333 2708/1242/1332 2706/1235/1325
f 2584/1246/1337 2582/1247/1338 2581/1248/1339
f 2701/1228/1318 2703/1230/1320 2709/1249/1340
f 2629/1250/1341 2630/1251/1342 2627/1252/1343
f 2631/1253/1344 2627/1254/1345 2609/1244/1335
f 2699/1255/1346 2584/1256/1347 2702/1257/1348
f 2627/1254/1345 2610/1258/1349 2609/1244/1335
f 2609/1244/1335 2610/1258/1349 2712/1245/1336
f 2712/1259/1350 2701/1260/1351 2708/1242/1352
f 2582/1247/1338 2583/1261/1353 2581/1248/1339
f 2583/1262/1354 2723/1263/1355 2584/1264/1356
f 2589/1265/1357 2699/1255/1346 2702/1257/1348
f 2712/1245/1336 2610/1258/1349 2595/1266/1358
f 2611/1267/1359 2712/1245/1336 2595/1266/1358
f 2596/1268/1360 2611/1267/1361 2594/1269/1362
f 2611/1267/1361 2596/1268/1360 2701/1270/1363
f 2750/1271/1364 2589/1272/1365 2588/1273/1366
f 2585/1274/1367 2699/1255/1368 2750/1271/1369
f 2701/1275/1370 2590/1276/1371 2589/1272/1372
f 2627/1277/1373 2597/1278/1374 2598/1279/1375
f 2595/1266/1376 2598/1279/1375 2594/1269/1377
f 2753/1280/1378 2630/1281/1379 2749/1282/1380
f 2581/1248/1339 2583/1261/1353 2693/1283/1381
f 2604/1284/1382 2749/1282/1380 2630/1281/1379
f 2752/1285/1383 2600/1286/1384 2630/1287/1385
f 2630/1287/1385 2600/1286/1384 2599/1288/1386
f 2627/1277/1373 2599/1289/1387 2597/1278/1374
f 2684/1290/1388 2581/1248/1339 2693/1283/1381
f 2598/1279/1375 2597/1278/1374 2594/1269/1377
f 2586/1291/1389 2583/1292/1390 2585/1274/1391
f 2586/1291/1389 2585/1274/1391 2588/1273/1392
f 2594/1269/1377 2593/1293/1393 2590/1276/1371
f 2604/1284/1382 2630/1281/1379 2765/1294/1394
f 2599/1288/1386 2600/1286/1384 2604/1295/1395
f 2599/1288/1396 2602/1296/1397 2754/1297/1398
f 2684/1298/1399 2666/1299/1400 2664/1300/1401
f 2583/1301/1402 2666/1299/1400 2684/1298/1399
f 2591/1302/1403 2589/1272/1372 2590/1276/1371
f 2586/1291/1389 2588/1273/1392 2587/1303/1404
f 2664/1300/1401 2661/1304/1405 2684/1298/1399
f 2591/1302/1403 2590/1276/1371 2668/1305/1406
f 2664/1306/1407 2586/1291/1389 2587/1303/1404
f 2597/1278/1374 2601/1307/1408 2594/1269/1377
f 2594/1269/1377 2601/1307/1408 2593/1293/1393
f 2592/1308/1409 2607/1309/1410 2590/1276/1371
f 2668/1305/1406 2590/1276/1371 2607/1309/1410
f 3078/1310/1411 3077/1311/1412 3079/1312/1413
f 3077/1311/1412 3078/1310/1411 3076/1313/1414
f 2588/1273/1392 2591/1314/1415 2587/1303/1404
f 2593/1293/1393 2592/1308/1409 2590/1276/1371
f 2608/1315/1416 2587/1303/1404 2591/1314/1415
f 2664/1300/1401 2663/1316/1417 2661/1304/1405
f 2635/1317/1418 2592/1308/1419 2606/1318/1420
f 2604/1319/1421 2732/1320/1422 2715/1321/1423
f 2607/1309/1410 2628/1322/1424 2668/1305/1406
f 2684/1298/1399 2661/1304/1405 2665/1323/1425
f 2684/1324/1426 2683/1325/1427 2681/1326/1428
f 2606/1327/1429 2601/1328/1430 2605/1329/1431
f 2637/1330/1432 2635/1317/1418 2606/1318/1420
f 2668/1305/1406 2628/1322/1424 2635/1331/1433
f 2601/1328/1430 2602/1332/1434 2605/1329/1431
f 2734/1333/1435 2733/1334/1436 2735/1335/1437
f 2733/1336/1438 2715/1321/1423 2732/1320/1422
f 2681/1326/1428 2683/1325/1427 2661/1337/1439
f 2663/1316/1417 2608/1338/1440 2661/1304/1405
f 2606/1327/1429 2696/1339/1441 2690/1340/1442
f 2655/1341/1443 2608/1338/1444 2689/1342/1445
f 2604/1295/1446 2617/1343/1447 2602/1344/1448
f 2605/1329/1431 2696/1339/1441 2606/1327/1429
f 2741/1345/1449 2715/1321/1423 2733/1336/1438
f 2617/1343/1447 2604/1295/1446 2618/1346/1450
f 2696/1347/1451 2603/1348/1452 2602/1344/1453
f 2696/1339/1441 2612/1349/1454 2690/1340/1442
f 2715/1350/1455 2739/1351/1456 2618/1346/1457
f 2661/1352/1458 2667/1353/1459 2687/1354/1460
f 2637/1355/1461 2688/1356/1462 2689/1357/1463
f 2657/1358/1464 2678/1359/1465 2687/1354/1466
f 2741/1360/1467 2736/1361/1468 2748/1362/1469
f 2696/1347/1451 2602/1344/1453 2697/1363/1470
f 2678/1359/1465 2657/1358/1464 2660/1364/1471
f 2660/1364/1471 2676/1365/1472 2678/1359/1465
f 2679/1366/1473 2681/1326/1474 2678/1367/1475
f 2617/1343/1447 2618/1346/1450 2625/1368/1476
f 2602/1369/1477 2615/1370/1478 2694/1371/1479
f 2616/1372/1480 2615/1370/1478 2602/1369/1477
f 2657/1358/1464 2659/1373/1481 2660/1364/1471
f 2739/1374/1482 2740/1375/1483 2741/1376/1484
f 2655/1341/1485 2656/1377/1486 2657/1358/1464
f 2656/1377/1486 2659/1373/1481 2657/1358/1464
f 2655/1341/1443 2689/1342/1445 2662/1378/1487
f 2748/1379/1488 2737/1380/1489 2742/1381/1490
f 2625/1368/1476 2618/1346/1450 2745/1382/1491
f 2688/1356/1462 2637/1355/1461 2644/1383/1492
f 2679/1366/1493 2676/1384/1494 2680/1385/1494
f 2649/1386/1495 2655/1341/1443 2662/1378/1487
f 2659/1373/1481 2656/1377/1486 2658/1387/1496
f 2659/1373/1497 2676/1384/1498 2671/1388/1499
f 2616/1372/1480 2625/1389/1500 2619/1390/1501
f 2613/1391/1502 2694/1392/1503 2622/1393/1504
f 2650/1394/1505 2649/1386/1495 2662/1378/1487
f 2648/1395/1506 2656/1396/1507 2649/1397/1508
f 2696/1339/1509 2613/1391/1502 2622/1393/1504
f 2612/1349/1454 2696/1339/1441 2764/1398/1510
f 2619/1390/1501 2615/1370/1478 2616/1372/1480
f 2662/1378/1487 2644/1399/1511 2650/1394/1505
f 2644/1400/1512 2612/1401/1513 2640/1402/1514
f 2659/1373/1481 2658/1387/1496 2669/1403/1515
f 2741/1404/1516 2743/1405/1517 2742/1406/1518
f 2619/1390/1501 2625/1389/1500 2751/1407/1519
f 2746/1408/1520 2747/1409/1521 2745/1410/1522
f 2745/1410/1522 2741/1411/1523 2746/1408/1520
f 2751/1412/1524 2747/1409/1521 2746/1408/1520
f 2638/1413/1525 2612/1414/1526 2695/1415/1527
f 2741/1404/1516 2742/1406/1518 2767/1416/1528
f 2659/1373/1481 2669/1403/1515 2670/1417/1529
f 2680/1418/1530 2659/1373/1481 2670/1417/1529
f 2741/1419/1531 2751/1420/1532 2758/1421/1533
f 2692/1422/1534 2696/1423/1535 2638/1424/1536
f 2650/1394/1505 2644/1399/1511 2647/1425/1537
f 2759/1426/1538 2741/1419/1539 2760/1427/1540
f 2620/1428/1541 2751/1429/1542 2621/1430/1543
f 2696/1423/1535 2619/1431/1544 2638/1424/1536
f 2669/1432/1545 2650/1394/1505 2647/1425/1537
f 2677/1433/1546 2680/1418/1530 2670/1417/1529
f 2642/1434/1547 2640/1402/1548 2638/1435/1549
f 2640/1402/1548 2642/1434/1547 2641/1436/1550
f 2651/1437/1551 2647/1425/1537 2644/1399/1511
f 2651/1438/1552 2641/1436/1550 2642/1434/1547
f 2686/1439/1553 2680/1418/1553 2673/1440/1553
f 2651/1438/1552 2642/1434/1547 2643/1441/1554
f 2672/1442/1555 2669/1443/1556 2643/1444/1557
f 2682/1445/1558 2669/1443/1556 2672/1442/1555
f 2677/1446/1559 2682/1445/1558 2672/1442/1555
f 2643/1441/1554 2642/1434/1547 2645/1447/1560
f 2638/1424/1536 2619/1431/1544 2632/1448/1561
f 2624/1449/1562 2626/1450/1563 2620/1428/1564
f 2619/1451/1565 2626/1450/1563 2624/1449/1562
f 2741/1452/1566 2761/1453/1567 2621/1454/1568
f 2646/1455/1569 2643/1441/1554 2645/1447/1560
f 2673/1456/1570 2677/1446/1559 2672/1442/1555
f 2763/1457/1571 2621/1430/1572 2757/1458/1573
f 2623/1459/1574 2619/1451/1565 2624/1449/1562
f 2633/1460/1575 2632/1448/1561 2619/1431/1544
f 2633/1460/1575 2619/1431/1544 2634/1461/1576
f 2652/1462/1577 2653/1463/1578 2643/1464/1579
f 2729/1465/1580 2621/1454/1568 2761/1453/1567
f 2718/1466/1581 2642/1467/1582 2717/1468/1583
f 2623/1459/1574 2624/1449/1562 2634/1469/1584
f 2673/1456/1570 2672/1442/1555 2675/1470/1585
f 2719/1471/1586 2718/1466/1581 2717/1468/1583
f 2654/1472/1587 2643/1441/1554 2646/1455/1569
f 2633/1460/1575 2634/1461/1576 2720/1473/1588
f 2674/1474/1589 2672/1475/1590 2652/1476/1591
f 2717/1468/1583 2633/1477/1592 2719/1471/1586
f 2652/1462/1577 2643/1464/1579 2691/1478/1593
f 2729/1465/1580 2762/1479/1594 2621/1454/1568
f 2766/1480/1595 2634/1469/1584 2624/1449/1562
f 2763/1481/1596 2762/1479/1594 2729/1465/1580
f 2727/1482/1597 2620/1483/1598 2763/1484/1599
f 2720/1485/1600 2624/1486/1601 2728/1487/1602
f 2721/1488/1603 2720/1485/1600 2728/1487/1602
f 2728/1489/1604 2727/1482/1597 2763/1484/1599
f 2913/1490/1605 2916/1491/1606 2915/1492/1607
f 2721/1493/1608 2726/1494/1609 2724/1495/1610
f 2716/1496/1611 2724/1497/1612 2738/1498/1613
f 2728/1499/1614 2729/1500/1615 2724/1501/1616
f 2724/1501/1616 2729/1500/1615 2731/1502/1617
f 2724/1501/1616 2731/1502/1617 2756/1503/1618
f 3114/1504/1619 3116/1505/1620 3117/1506/1621
f 3118/1507/1622 3117/1506/1621 3120/1508/1623
f 3117/1506/1621 3116/1505/1620 3120/1508/1623
f 3112/1509/1624 3113/1510/1625 3114/1511/1626
f 3300/1512/1627 3200/1513/1628 3236/1514/1629
f 3178/1515/1630 3177/1516/1631 3236/1517/1632
f 3177/1518/1633 3176/1519/1634 3167/1520/1635
f 3299/1521/1636 3300/1522/1637 3187/1523/1638
f 3167/1520/1635 3175/1524/1639 3177/1518/1633
f 3300/1512/1640 3327/1525/1641 3301/1526/1642
f 3305/1527/1643 3187/1523/1644 3185/1528/1645
f 3234/1529/1646 3167/1530/1647 3235/1531/1648
f 3186/1532/1649 3300/1522/1637 3299/1521/1636
f 3300/1533/1650 3177/1534/1651 3181/1535/1652
f 3232/1536/1653 3231/1537/1654 3233/1538/1655
f 3301/1539/1656 3185/1528/1645 3187/1523/1644
f 3186/1540/1657 3305/1527/1643 3185/1528/1645
f 3232/1536/1653 3233/1538/1655 3284/1541/1658
f 3284/1542/1659 3283/1543/1660 3282/1544/1661
f 3177/1534/1651 3301/1539/1656 3181/1535/1652
f 3237/1545/1662 3179/1546/1663 3177/1534/1664
f 3167/1520/1635 3182/1547/1665 3175/1524/1639
f 3281/1548/1666 3234/1549/1667 3231/1550/1668
f 3182/1547/1665 3184/1551/1669 3175/1524/1639
f 3167/1552/1670 3165/1553/1671 3159/1554/1672
f 3301/1539/1656 3174/1555/1673 3185/1528/1645
f 3229/1556/1674 3234/1549/1667 3281/1548/1666
f 3174/1555/1673 3301/1539/1656 3177/1534/1651
f 3184/1551/1669 3182/1547/1665 3159/1554/1675
f 3310/1557/1676 3321/1558/1677 3322/1559/1678
f 3165/1553/1671 3158/1560/1679 3159/1554/1672
f 3281/1548/1666 3284/1542/1680 3229/1556/1674
f 3287/1561/1681 3282/1544/1682 3286/1562/1683
f 3227/1563/1684 3234/1549/1667 3229/1556/1674
f 3234/1549/1667 3227/1563/1684 3228/1564/1685
f 3282/1544/1682 3287/1561/1681 3285/1565/1686
f 3179/1566/1687 3172/1567/1688 3174/1568/1689
f 3183/1569/1690 3184/1551/1669 3159/1554/1675
f 3198/1570/1691 3186/1540/1692 3188/1571/1693
f 3280/1572/1694 3229/1556/1674 3284/1542/1680
f 3309/1573/1695 3286/1574/1696 3310/1575/1697
f 3287/1561/1681 3284/1576/1698 3285/1565/1686
f 3316/1577/1699 3311/1578/1700 3315/1579/1701
f 3201/1580/1702 3198/1570/1691 3188/1571/1693
f 3171/1581/1703 3174/1568/1689 3172/1567/1688
f 3159/1554/1675 3222/1582/1704 3183/1569/1690
f 3287/1561/1681 3289/1583/1705 3284/1576/1698
f 3280/1572/1694 3290/1584/1706 3229/1556/1674
f 3188/1571/1693 3174/1585/1707 3190/1586/1708
f 3191/1587/1709 3201/1580/1702 3188/1571/1693
f 3158/1560/1679 3152/1588/1710 3159/1554/1672
f 3311/1589/1711 3312/1590/1712 3313/1591/1713
f 3287/1561/1681 3288/1592/1714 3289/1583/1705
f 3191/1587/1709 3188/1571/1693 3189/1593/1715
f 3190/1586/1708 3189/1593/1715 3188/1571/1693
f 3319/1594/1716 3310/1595/1717 3311/1596/1718
f 3173/1597/1719 3171/1598/1720 3183/1599/1721
f 3157/1600/1722 3158/1560/1679 3227/1601/1723
f 3222/1582/1704 3154/1602/1724 3183/1569/1690
f 3166/1603/1725 3152/1588/1710 3158/1560/1679
f 3326/1604/1726 3288/1592/1714 3287/1561/1681
f 3323/1605/1727 3324/1606/1728 3309/1573/1695
f 3315/1579/1701 3313/1607/1729 3316/1577/1699
f 3288/1592/1714 3290/1584/1730 3289/1583/1705
f 3189/1608/1731 3325/1609/1732 3174/1568/1733
f 3308/1610/1734 3309/1573/1695 3310/1575/1697
f 3150/1611/1735 3227/1612/1736 3226/1613/1737
f 3308/1610/1734 3323/1605/1727 3309/1573/1695
f 3319/1594/1738 3313/1591/1739 3317/1614/1740
f 3154/1602/1724 3222/1582/1704 3152/1615/1741
f 3158/1560/1679 3157/1600/1722 3156/1616/1742
f 3227/1612/1736 3150/1611/1735 3303/1617/1743
f 3150/1611/1735 3226/1613/1737 3229/1618/1744
f 3288/1592/1714 3291/1619/1745 3290/1584/1730
f 3158/1560/1679 3156/1616/1742 3166/1603/1725
f 3157/1600/1722 3335/1620/1746 3156/1616/1742
f 3291/1619/1745 3288/1592/1714 3292/1621/1747
f 3323/1605/1727 3288/1622/1748 3324/1606/1728
f 3335/1620/1746 3297/1623/1749 3156/1616/1742
f 3224/1624/1750 3150/1611/1735 3229/1618/1744
f 3168/1625/1751 3170/1626/1752 3171/1581/1753
f 3227/1612/1754 3230/1627/1755 3297/1623/1756
f 3297/1623/1749 3155/1628/1757 3156/1616/1742
f 3308/1610/1758 3307/1629/1759 3288/1622/1760
f 3313/1591/1739 3314/1630/1761 3317/1614/1740
f 3303/1617/1743 3150/1611/1735 3225/1631/1762
f 3227/1612/1754 3225/1632/1763 3230/1627/1755
f 3307/1629/1759 3308/1610/1758 3317/1633/1764
f 3171/1634/1765 3154/1602/1724 3169/1635/1766
f 3170/1636/1767 3163/1637/1768 3174/1638/1769
f 3155/1628/1757 3153/1639/1770 3156/1616/1742
f 3292/1621/1747 3288/1592/1714 3332/1640/1771
f 3332/1640/1771 3288/1592/1714 3293/1641/1772
f 3152/1615/1741 3169/1635/1766 3154/1602/1724
f 3294/1642/1773 3293/1641/1772 3288/1592/1714
f 3328/1643/1774 3314/1644/1775 3315/1645/1776
f 3168/1625/1751 3298/1646/1777 3170/1626/1752
f 3150/1611/1735 3224/1624/1750 3292/1647/1778
f 3294/1642/1779 3306/1648/1780 3307/1629/1781
f 3152/1615/1741 3153/1649/1782 3169/1635/1766
f 3292/1647/1778 3223/1650/1783 3150/1611/1735
f 3196/1651/1784 3191/1652/1785 3194/1653/1786
f 3161/1654/1787 3155/1628/1757 3225/1631/1788
f 3332/1655/1789 3295/1656/1790 3223/1650/1791
f 3194/1653/1792 3189/1657/1793 3192/1658/1794
f 3192/1658/1795 3193/1659/1796 3174/1638/1797
f 3153/1639/1770 3155/1628/1757 3161/1654/1787
f 3163/1637/1768 3164/1660/1798 3174/1638/1769
f 3331/1661/1799 3192/1658/1795 3174/1638/1797
f 3148/1662/1800 3164/1660/1798 3163/1637/1768
f 3197/1663/1801 3194/1664/1802 3331/1665/1803
f 3148/1666/1804 3168/1667/1805 3153/1668/1806
f 3195/1669/1807 3331/1661/1808 3202/1670/1809
f 3148/1666/1804 3153/1668/1806 3144/1671/1810
f 3164/1672/1811 3202/1670/1809 3331/1661/1808
f 3180/1673/1812 3202/1670/1809 3164/1672/1811
f 3257/1674/1813 3331/1661/1808 3195/1669/1807
f 3330/1675/1814 3197/1663/1801 3331/1665/1803
f 3153/1676/1815 3162/1677/1816 3139/1678/1817
f 3149/1679/1818 3139/1678/1817 3162/1677/1816
f 3149/1679/1819 3161/1680/1820 3150/1681/1821
f 3255/1682/1822 3197/1663/1801 3330/1675/1814
f 3149/1679/1819 3150/1681/1821 3243/1683/1823
f 3138/1684/1824 3144/1685/1825 3151/1686/1826
f 3180/1687/1827 3148/1688/1828 3203/1689/1829
f 3304/1690/1830 3197/1663/1801 3255/1682/1822
f 3153/1676/1815 3139/1678/1817 3138/1684/1831
f 3257/1691/1832 3252/1692/1833 3255/1682/1834
f 3252/1692/1833 3257/1691/1832 3202/1693/1835
f 3202/1694/1836 3203/1695/1837 3208/1696/1838
f 3144/1685/1825 3138/1684/1824 3160/1697/1839
f 3254/1698/1840 3255/1682/1834 3252/1692/1833
f 3254/1698/1840 3252/1692/1833 3253/1699/1841
f 3256/1700/1842 3208/1696/1838 3203/1695/1837
f 3252/1692/1833 3279/1701/1843 3253/1699/1841
f 3250/1702/1844 3279/1701/1843 3252/1692/1833
f 3145/1703/1845 3204/1704/1846 3203/1705/1847
f 3250/1702/1844 3252/1692/1833 3256/1706/1848
f 3251/1707/1849 3279/1701/1843 3250/1702/1844
f 3205/1708/1850 3145/1709/1851 3144/1685/1852
f 3279/1701/1843 3251/1707/1849 3278/1710/1853
f 3249/1711/1854 3250/1702/1844 3256/1706/1848
f 3279/1701/1843 3278/1710/1853 3274/1712/1855
f 3204/1704/1846 3205/1713/1856 3203/1705/1847
f 3144/1685/1852 3146/1714/1857 3205/1708/1850
f 3274/1712/1855 3278/1710/1853 3276/1715/1858
f 3140/1716/1859 3143/1717/1860 3144/1718/1861
f 3240/1719/1862 3244/1720/1863 3149/1721/1864
f 3249/1711/1854 3248/1722/1865 3250/1702/1844
f 3248/1723/1866 3203/1705/1847 3205/1713/1856
f 3141/1724/1867 3140/1716/1859 3138/1725/1868
f 3272/1726/1869 3274/1712/1855 3276/1715/1858
f 3143/1717/1860 3140/1716/1859 3142/1727/1870
f 3142/1727/1870 3140/1716/1859 3141/1724/1867
f 3259/1728/1871 3250/1702/1844 3248/1722/1865
f 3244/1720/1863 3240/1719/1862 3241/1729/1872
f 3241/1729/1872 3240/1719/1862 3242/1730/1873
f 3205/1713/1874 3143/1731/1875 3206/1732/1876
f 3258/1733/1877 3205/1713/1874 3206/1732/1876
f 3269/1734/1878 3302/1735/1879 3274/1712/1855
f 3141/1736/1880 3244/1720/1863 3241/1729/1872
f 3269/1734/1878 3274/1712/1855 3272/1726/1869
f 3269/1734/1878 3272/1726/1869 3273/1737/1881
f 3246/1738/1882 3248/1722/1883 3245/1739/1884
f 3206/1732/1876 3219/1740/1885 3258/1733/1877
f 3273/1737/1881 3272/1726/1869 3259/1741/1886
f 3207/1742/1887 3221/1743/1888 3258/1733/1877
f 3248/1722/1883 3258/1733/1889 3245/1739/1884
f 3219/1740/1885 3207/1742/1887 3258/1733/1877
f 3247/1744/1890 3246/1738/1882 3245/1739/1884
f 3259/1745/1891 3246/1738/1882 3247/1744/1890
f 3206/1732/1876 3141/1746/1892 3215/1747/1893
f 3268/1748/1894 3259/1745/1891 3247/1744/1890
f 3268/1749/1895 3269/1734/1878 3273/1737/1881
f 3141/1750/1896 3209/1751/1897 3214/1752/1898
f 3209/1751/1899 3241/1753/1900 3211/1754/1901
f 3219/1740/1885 3206/1732/1876 3215/1747/1893
f 3210/1755/1902 3211/1754/1901 3241/1753/1900
f 3269/1734/1878 3268/1749/1895 3271/1756/1903
f 3267/1757/1904 3269/1734/1878 3271/1756/1903
f 3213/1758/1905 3215/1759/1906 3214/1760/1907
f 3265/1761/1908 3264/1762/1909 3245/1763/1910
f 3221/1764/1911 3220/1765/1912 3219/1740/1913
f 3271/1756/1914 3265/1761/1908 3245/1763/1910
f 3266/1766/1915 3267/1757/1904 3271/1756/1903
f 3263/1767/1916 3221/1768/1917 3238/1769/1918
f 3260/1770/1919 3221/1768/1917 3263/1767/1916
f 3211/1754/1901 3212/1771/1920 3209/1751/1899
f 3215/1772/1921 3238/1769/1918 3221/1768/1917
f 3218/1773/1922 3213/1758/1905 3214/1760/1907
f 3218/1773/1922 3214/1760/1907 3212/1771/1923
f 3266/1766/1924 3245/1763/1925 3296/1774/1926
f 3238/1769/1918 3215/1772/1921 3239/1775/1927
f 3217/1776/1928 3215/1747/1929 3216/1777/1930
f 3267/1757/1904 3266/1766/1915 3275/1778/1931
f 3262/1779/1932 3296/1780/1933 3260/1781/1934
f 3238/1782/1935 3217/1776/1928 3216/1777/1930
f 3238/1782/1935 3216/1777/1930 3218/1783/1936
f 3260/1784/1937 3261/1785/1938 3238/1769/1939
f 3262/1786/1940 3275/1778/1931 3266/1766/1915
f 3684/1787/1941 3685/1788/1942 3683/1789/1943
f 3668/1790/1944 3667/1791/1945 3666/1792/1946
f 3686/1793/1947 3687/1794/1948 3690/1795/1949
f 3692/1796/1950 3688/1797/1951 3689/1798/1952
f 3691/1799/1953 3688/1797/1951 3692/1796/1950
f 3694/1800/1954 3693/1801/1955 3695/1802/1956
f 3699/1803/1957 3698/1804/1958 3706/1805/1959
f 3704/1806/1960 3703/1807/1961 3702/1808/1962
f 3656/1809/1963 3657/1810/1964 3658/1811/1965
f 3700/1812/1966 3701/1813/1967 3697/1814/1968
f 3661/1815/1969 3659/1816/1970 3660/1817/1971
f 3661/1815/1969 3660/1817/1971 3662/1818/1972
f 3717/1819/1973 3714/1820/1974 3713/1821/1975
f 3713/1821/1975 3714/1820/1974 3715/1822/1976
f 3819/1823/1977 3816/1824/1978 3817/1825/1979
f 3818/1826/1980 3819/1823/1977 3817/1825/1979
f 3840/1827/1981 3838/1828/1982 3816/1829/1983
f 3840/1827/1981 3816/1829/1983 3831/1830/1984
f 3784/1831/1985 3840/1832/1986 3812/1833/1987
f 3798/1834/1988 3819/1835/1989 3773/1836/1990
f 3845/1837/1991 3840/1832/1986 3784/1831/1985
f 3913/1838/1992 3911/1839/1993 3914/1840/1994
f 3800/1841/1995 3773/1836/1990 3817/1842/1996
f 3798/1843/1997 3812/1844/1998 3820/1845/1999
f 3798/1834/1988 3773/1836/1990 3800/1841/1995
f 3834/1846/2000 3836/1847/2001 3840/1848/2002
f 3763/1849/2003 3784/1850/2004 3798/1834/2005
f 3834/1846/2000 3840/1848/2002 3835/1851/2006
f 3839/1852/2007 3835/1851/2006 3784/1831/2008
f 3762/1853/2009 3763/1849/2003 3798/1834/2005
f 3834/1846/2000 3835/1851/2006 3754/1854/2010
f 3762/1853/2009 3798/1834/2005 3760/1855/2011
f 3839/1852/2007 3754/1854/2010 3835/1851/2006
f 3798/1834/1988 3800/1841/1995 3797/1856/2012
f 3752/1857/2013 3763/1849/2003 3762/1853/2009
f 3752/1858/2014 3750/1859/2015 3843/1860/2016
f 3750/1859/2015 3752/1858/2014 3748/1861/2017
f 3765/1862/2018 3764/1863/2019 3760/1855/2020
f 3765/1862/2018 3752/1864/2021 3764/1863/2019
f 3833/1865/2022 3834/1846/2000 3754/1854/2010
f 3753/1866/2023 3754/1854/2024 3750/1859/2015
f 3790/1867/2025 3836/1868/2026 3849/1869/2027
f 3800/1841/1995 3799/1870/2028 3797/1856/2012
f 3748/1861/2017 3753/1866/2023 3750/1859/2015
f 3796/1871/2029 3754/1854/2024 3753/1866/2023
f 3760/1855/2011 3798/1834/2005 3732/1872/2030
f 3821/1873/2031 3844/1874/2032 3799/1870/2033
f 3802/1875/2034 3822/1876/2035 3801/1877/2036
f 3822/1876/2035 3797/1856/2037 3801/1877/2036
f 3801/1877/2036 3821/1878/2038 3802/1875/2034
f 3753/1866/2023 3755/1879/2039 3796/1871/2029
f 3834/1880/2040 3796/1881/2041 3789/1882/2042
f 3834/1880/2040 3791/1883/2043 3790/1884/2044
f 3732/1885/2045 3822/1886/2046 3779/1887/2047
f 3755/1888/2048 3749/1889/2049 3748/1890/2050
f 3761/1891/2051 3732/1892/2052 3747/1893/2053
f 3792/1894/2054 3791/1883/2043 3834/1880/2040
f 3747/1895/2055 3755/1888/2048 3748/1890/2050
f 3787/1896/2056 3792/1894/2054 3834/1880/2040
f 3821/1897/2057 3779/1887/2047 3822/1886/2046
f 3796/1898/2058 3787/1899/2059 3813/1900/2060
f 3787/1896/2056 3834/1880/2040 3789/1882/2042
f 3780/1901/2061 3755/1888/2048 3747/1895/2055
f 3783/1902/2062 3787/1899/2059 3796/1898/2058
f 3821/1897/2057 3776/1903/2063 3779/1887/2047
f 3732/1892/2052 3842/1904/2064 3747/1893/2053
f 3791/1883/2043 3792/1894/2054 3795/1905/2065
f 3755/1888/2066 3782/1906/2067 3783/1907/2068
f 3781/1908/2069 3755/1888/2048 3780/1901/2061
f 3746/1909/2070 3751/1910/2071 3747/1911/2072
f 3745/1912/2073 3747/1893/2074 3759/1913/2075
f 3733/1914/2076 3751/1910/2071 3746/1909/2070
f 3731/1915/2077 3733/1914/2076 3746/1909/2070
f 3786/1916/2078 3788/1917/2079 3783/1918/2080
f 3759/1919/2081 3733/1914/2076 3731/1915/2077
f 3791/1883/2043 3795/1905/2065 3787/1920/2082
f 3758/1921/2083 3759/1922/2084 3842/1923/2085
f 3787/1920/2082 3804/1924/2086 3791/1883/2043
f 3832/1925/2087 3758/1921/2083 3842/1923/2085
f 3775/1926/2088 3832/1927/2089 3776/1928/2090
f 3767/1929/2091 3768/1930/2092 3755/1931/2093
f 3832/1925/2087 3774/1932/2094 3758/1921/2083
f 3785/1933/2095 3788/1917/2079 3786/1916/2078
f 3804/1924/2096 3788/1934/2097 3803/1935/2098
f 3786/1916/2078 3768/1930/2092 3771/1936/2099
f 3771/1936/2099 3785/1933/2095 3786/1916/2078
f 3793/1937/2100 3804/1924/2096 3803/1935/2098
f 3759/1919/2081 3734/1938/2101 3733/1914/2076
f 3767/1929/2091 3766/1939/2102 3768/1930/2092
f 3774/1932/2094 3743/1940/2103 3758/1921/2083
f 3758/1941/2104 3738/1942/2105 3741/1943/2106
f 3780/1944/2107 3733/1914/2108 3736/1945/2109
f 3807/1946/2110 3806/1947/2111 3788/1948/2112
f 3775/1926/2088 3776/1928/2090 3777/1949/2113
f 3738/1942/2105 3759/1919/2081 3741/1943/2106
f 3759/1919/2081 3738/1942/2105 3734/1938/2101
f 3771/1936/2099 3768/1930/2092 3766/1939/2102
f 3758/1921/2083 3743/1940/2103 3740/1950/2114
f 3757/1951/2115 3736/1945/2109 3733/1914/2108
f 3780/1952/2116 3770/1953/2117 3767/1929/2091
f 3785/1933/2095 3771/1936/2099 3769/1954/2118
f 3785/1933/2095 3769/1954/2118 3806/1955/2119
f 3740/1950/2114 3739/1956/2120 3738/1942/2121
f 3767/1929/2091 3770/1953/2117 3766/1939/2102
f 3734/1938/2101 3738/1942/2105 3735/1957/2122
f 3775/1958/2123 3809/1959/2124 3774/1960/2125
f 3793/1961/2126 3814/1962/2127 3794/1963/2128
f 3775/1964/2129 3778/1965/2130 3847/1966/2131
f 3811/1967/2132 3808/1968/2133 3806/1969/2134
f 3740/1950/2114 3742/1970/2135 3739/1956/2120
f 3743/1940/2103 3742/1970/2135 3740/1950/2114
f 3756/1971/2136 3742/1970/2135 3743/1940/2103
f 3805/1972/2137 3734/1938/2101 3735/1957/2122
f 3848/1973/2138 3791/1974/2139 3794/1975/2140
f 3736/1945/2141 3772/1976/2142 3770/1977/2143
f 3823/1978/2144 3811/1979/2145 3769/1954/2146
f 3803/1980/2147 3808/1968/2148 3828/1981/2149
f 3734/1938/2101 3805/1972/2137 3737/1982/2150
f 3814/1962/2127 3841/1983/2151 3794/1963/2128
f 3737/1982/2152 3742/1970/2135 3756/1971/2136
f 3803/1980/2147 3828/1981/2149 3841/1984/2153
f 3734/1938/2101 3737/1982/2150 3736/1985/2154
f 3811/1979/2155 3829/1986/2156 3828/1987/2157
f 3815/1988/2158 3794/1989/2159 3827/1990/2160
f 3826/1991/2161 3827/1992/2162 3828/1981/2163
f 3825/1993/2164 3771/1994/2165 3770/1953/2166
f 3823/1995/2167 3771/1994/2165 3825/1993/2164
f 3811/1996/2168 3824/1997/2169 3826/1998/2170
f 3825/1999/2171 3824/1997/2169 3811/1996/2168
f 4150/2000/2172 4120/2001/2173 4091/2002/2174
f 4083/2003/2175 4152/2004/2176 4087/2005/2177
f 4134/2006/2178 4135/2007/2179 4191/2008/2180
f 4115/2009/2181 4192/2010/2182 4114/2011/2183
f 4115/2012/2184 4118/2013/2185 4125/2014/2186
f 4093/2015/2187 4134/2006/2178 4191/2008/2180
f 4077/2016/2188 4083/2003/2175 4087/2005/2177
f 4087/2005/2177 4134/2017/2189 4077/2016/2188
f 4090/2018/2190 4134/2006/2178 4093/2015/2187
f 4092/2019/2191 4133/2020/2192 4091/2021/2193
f 4091/2022/2194 4152/2023/2195 4086/2024/2196
f 4084/2025/2197 4120/2001/2173 4150/2000/2172
f 4205/2026/2198 4208/2027/2199 4093/2015/2200
f 4120/2001/2173 4084/2025/2197 4114/2028/2201
f 4092/2019/2191 4091/2021/2193 4083/2029/2202
f 4133/2030/2203 4132/2031/2204 4084/2032/2205
f 4093/2033/2206 4158/2034/2207 4081/2035/2208
f 4118/2013/2209 4114/2036/2210 4117/2037/2211
f 4090/2018/2212 4081/2038/2213 4077/2016/2214
f 4205/2039/2215 4156/2040/2216 4158/2041/2217
f 4081/2035/2208 4158/2034/2207 4095/2042/2218
f 4174/2043/2219 4158/2041/2217 4156/2040/2216
f 4117/2037/2211 4114/2036/2210 4123/2044/2220
f 4124/2045/2221 4117/2037/2211 4123/2044/2220
f 4081/2035/2208 4095/2042/2218 4094/2046/2222
f 4156/2040/2216 4094/2047/2223 4174/2043/2219
f 4114/2011/2224 4113/2048/2225 4116/2049/2226
f 4077/2016/2188 4084/2050/2227 4083/2003/2175
f 4339/2051/2228 4340/2052/2229 4341/2053/2230
f 4081/2035/2208 4096/2054/2231 4097/2055/2232
f 4094/2046/2222 4096/2054/2231 4081/2035/2208
f 4074/2056/2233 4077/2016/2214 4081/2038/2213
f 4209/2057/2234 4077/2016/2188 4075/2058/2235
f 4082/2059/2236 4074/2056/2233 4081/2038/2213
f 4084/2060/2237 4107/2061/2238 4108/2062/2239
f 4077/2016/2188 4085/2063/2240 4084/2050/2227
f 4123/2064/2241 4116/2049/2242 4121/2065/2243
f 4077/2016/2188 4209/2057/2234 4085/2063/2240
f 4156/2066/2244 4159/2067/2245 4157/2068/2246
f 4111/2069/2247 4121/2065/2243 4116/2049/2242
f 4097/2070/2248 4076/2071/2249 4074/2072/2250
f 4107/2061/2238 4084/2060/2237 4109/2073/2251
f 4111/2074/2252 4108/2062/2239 4107/2061/2238
f 4089/2075/2253 4074/2076/2254 4085/2077/2255
f 4157/2078/2256 4202/2079/2257 4096/2080/2258
f 4111/2069/2247 4112/2081/2259 4121/2065/2243
f 4109/2073/2251 4110/2082/2260 4107/2061/2238
f 4107/2061/2238 4106/2083/2261 4111/2074/2252
f 4109/2084/2262 4085/2077/2255 4074/2076/2254
f 4076/2071/2249 4203/2085/2263 4074/2072/2250
f 4112/2086/2264 4106/2083/2265 4122/2087/2266
f 4202/2088/2267 4210/2089/2268 4076/2071/2249
f 4156/2066/2244 4162/2090/2269 4159/2067/2245
f 4074/2076/2254 4104/2091/2270 4109/2084/2262
f 4210/2089/2268 4203/2085/2263 4076/2071/2249
f 4123/2092/2271 4130/2093/2272 4129/2094/2273
f 4156/2095/2274 4206/2096/2275 4193/2097/2276
f 4119/2098/2277 4112/2086/2264 4122/2087/2266
f 4110/2099/2278 4103/2100/2279 4151/2101/2280
f 4198/2102/2281 4157/2103/2282 4160/2104/2283
f 4157/2103/2282 4198/2102/2281 4199/2105/2284
f 4162/2106/2285 4161/2107/2286 4160/2108/2287
f 4103/2100/2279 4110/2099/2278 4079/2109/2288
f 4104/2110/2289 4079/2109/2288 4110/2099/2278
f 4199/2105/2284 4198/2102/2281 4202/2111/2290
f 4130/2093/2272 4112/2112/2291 4129/2094/2273
f 4201/2113/2292 4196/2114/2293 4203/2115/2294
f 4106/2083/2261 4107/2061/2238 4105/2116/2295
f 4160/2104/2283 4176/2117/2296 4198/2102/2281
f 4129/2094/2273 4112/2112/2291 4127/2118/2297
f 4201/2113/2292 4202/2111/2298 4196/2114/2293
f 4128/2119/2299 4126/2120/2300 4119/2121/2301
f 4078/2122/2302 4080/2123/2303 4074/2124/2304
f 4198/2102/2281 4190/2125/2305 4202/2111/2290
f 4129/2094/2273 4127/2118/2297 4126/2126/2306
f 4107/2127/2307 4103/2100/2308 4102/2128/2309
f 4122/2129/2310 4105/2116/2311 4126/2130/2312
f 4202/2111/2290 4190/2125/2305 4184/2131/2313
f 4176/2132/2314 4183/2133/2315 4162/2134/2316
f 4163/2135/2317 4162/2136/2318 4206/2137/2319
f 4078/2122/2302 4079/2138/2320 4080/2123/2303
f 4162/2136/2318 4163/2135/2317 4166/2139/2321
f 4131/2140/2322 4105/2141/2323 4102/2142/2324
f 4194/2143/2325 4079/2138/2320 4078/2122/2302
f 4189/2144/2326 4184/2131/2313 4190/2125/2305
f 4196/2145/2327 4184/2146/2328 4194/2147/2329
f 4190/2125/2305 4187/2148/2330 4189/2144/2326
f 4177/2149/2331 4178/2150/2332 4176/2132/2314
f 4079/2151/2333 4126/2152/2334 4102/2128/2335
f 4179/2153/2336 4176/2132/2314 4162/2134/2316
f 4194/2143/2325 4088/2154/2337 4079/2138/2320
f 4177/2149/2331 4176/2132/2314 4179/2153/2336
f 4179/2155/2338 4166/2156/2339 4165/2157/2340
f 4088/2154/2337 4098/2158/2341 4079/2138/2320
f 4187/2148/2330 4190/2125/2305 4177/2159/2342
f 4194/2143/2325 4204/2160/2343 4088/2154/2337
f 4194/2147/2329 4184/2146/2328 4144/2161/2344
f 4187/2148/2345 4144/2161/2344 4184/2146/2328
f 4088/2154/2337 4099/2162/2346 4098/2158/2341
f 4194/2147/2329 4144/2161/2344 4186/2163/2347
f 4098/2158/2341 4099/2162/2346 4126/2164/2348
f 4171/2165/2349 4177/2166/2350 4164/2167/2351
f 4187/2168/2352 4181/2169/2353 4207/2170/2354
f 4185/2171/2355 4186/2163/2347 4144/2161/2344
f 4088/2154/2356 4182/2172/2357 4185/2173/2358
f 4099/2162/2346 4100/2174/2359 4126/2164/2348
f 4167/2175/2360 4164/2176/2361 4165/2177/2362
f 4180/2178/2363 4207/2170/2354 4181/2169/2353
f 4100/2174/2359 4099/2162/2346 4137/2179/2364
f 4088/2180/2365 4137/2181/2366 4175/2182/2367
f 4168/2183/2368 4181/2184/2369 4171/2165/2370
f 4168/2183/2368 4171/2165/2370 4172/2185/2371
f 4144/2161/2344 4180/2178/2372 4185/2171/2355
f 4147/2186/2373 4180/2178/2363 4181/2169/2353
f 4136/2187/2374 4211/2188/2375 4138/2189/2376
f 4211/2188/2375 4137/2190/2377 4138/2189/2376
f 4185/2171/2355 4180/2178/2372 4140/2191/2378
f 4138/2189/2376 4137/2190/2377 4139/2192/2379
f 4180/2178/2372 4188/2193/2380 4140/2191/2378
f 4137/2190/2377 4140/2194/2381 4139/2192/2379
f 4169/2195/2382 4147/2196/2383 4168/2183/2384
f 4147/2186/2385 4145/2197/2386 4188/2193/2387
f 4142/2198/2388 4188/2193/2387 4145/2197/2386
f 4136/2199/2389 4148/2200/2390 4149/2201/2391
f 4169/2195/2382 4168/2183/2384 4170/2202/2392
f 4168/2183/2384 4173/2203/2393 4170/2202/2392
f 4146/2204/2394 4169/2195/2382 4170/2202/2392
f 4141/2205/2395 4142/2206/2396 4139/2207/2397
f 4167/2208/2398 4173/2209/2399 4172/2185/2400
f 4148/2200/2390 4139/2210/2401 4153/2211/2402
f 4149/2201/2391 4148/2200/2390 4153/2211/2402
f 4139/2207/2397 4142/2206/2396 4143/2212/2403
f 4142/2198/2388 4145/2197/2386 4146/2213/2404
f 4461/2214/2405 4457/2215/2406 4460/2216/2407
f 4461/2214/2405 4459/2217/2408 4457/2215/2406
f 4458/2218/2409 4464/2219/2410 4459/2217/2411
f 4473/2220/2412 4478/2221/2413 4479/2222/2414
f 4476/2223/2415 4474/2224/2416 4472/2225/2417
f 4504/2226/2418 4502/2227/2419 4503/2228/2420
f 4503/2228/2420 4505/2229/2421 4504/2226/2418
f 4506/2230/2422 4507/2231/2423 4503/2228/2424
f 4504/2232/2425 4509/2233/2426 4510/2234/2427
f 4504/2235/2428 4512/2236/2429 4513/2237/2430
f 4512/2236/2429 4504/2235/2428 4511/2238/2431
f 4491/2239/2432 4490/2240/2433 4492/2241/2434
f 4494/2242/2435 4495/2243/2436 4492/2244/2437
f 4494/2242/2435 4496/2245/2438 4495/2243/2436
f 4498/2246/2439 4496/2247/2440 4497/2248/2441
f 4499/2249/2442 4500/2250/2443 4501/2251/2444
f 4578/2252/2445 4574/2253/2446 4577/2254/2447
f 4579/2255/2448 4580/2256/2449 4574/2257/2450
f 4579/2258/2451 4578/2252/2445 4577/2254/2447
f 4585/2259/2452 4580/2256/2449 4579/2255/2448
f 4588/2260/2453 4576/2261/2454 4575/2262/2455
f 4579/2263/2456 4581/2264/2457 4582/2265/2458
f 4582/2265/2458 4581/2264/2457 4577/2266/2459
f 4602/2267/2460 4604/2268/2461 4601/2269/2462
f 4619/2270/2463 4618/2271/2464 4617/2272/2465
f 4704/2273/2466 4705/2274/2467 4709/2275/2468
f 4676/2276/2469 4678/2277/2470 4691/2278/2471
f 4687/2279/2472 4662/2280/2473 4661/2281/2474
f 4687/2279/2472 4652/2282/2475 4662/2280/2473
f 4683/2283/2476 4678/2277/2470 4676/2276/2469
f 4652/2284/2477 4648/2285/2478 4639/2286/2479
f 4640/2287/2480 4636/2288/2481 4641/2289/2482
f 4682/2290/2483 4685/2291/2484 4683/2292/2485
f 4662/2293/2486 4664/2294/2487 4663/2295/2488
f 4661/2281/2489 4655/2296/2490 4686/2297/2491
f 4652/2282/2475 4687/2279/2472 4651/2298/2492
f 4713/2299/2493 4716/2300/2494 4640/2301/2495
f 4704/2273/2466 4709/2275/2468 4706/2302/2496
f 4717/2303/2497 4713/2304/2498 4714/2305/2499
f 4636/2306/2500 4639/2307/2501 4637/2308/2502
f 4662/2293/2486 4663/2295/2488 4670/2309/2503
f 4708/2310/2504 4691/2311/2505 4704/2273/2466
f 4666/2312/2506 4682/2290/2483 4683/2292/2485
f 4663/2295/2507 4682/2290/2483 4666/2312/2506
f 4642/2313/2508 4640/2314/2509 4643/2315/2510
f 4711/2316/2511 4640/2317/2512 4688/2318/2513
f 4704/2273/2466 4706/2302/2496 4708/2310/2504
f 4684/2319/2514 4683/2292/2515 4679/2320/2516
f 4686/2321/2517 4662/2293/2486 4670/2309/2503
f 4651/2298/2518 4661/2281/2489 4686/2297/2491
f 4646/2322/2519 4648/2285/2520 4637/2323/2521
f 4643/2324/2522 4636/2306/2523 4630/2325/2524
f 4711/2316/2511 4712/2326/2525 4640/2317/2512
f 4702/2327/2526 4691/2311/2505 4708/2310/2504
f 4695/2328/2527 4691/2329/2528 4694/2330/2529
f 4713/2304/2498 4712/2331/2530 4714/2305/2499
f 4665/2332/2531 4663/2295/2507 4666/2312/2506
f 4651/2298/2518 4686/2297/2491 4653/2333/2532
f 4637/2323/2521 4648/2285/2520 4647/2334/2533
f 4635/2335/2534 4636/2336/2535 4634/2337/2536
f 4710/2338/2537 4636/2336/2535 4635/2335/2534
f 4677/2339/2538 4691/2340/2539 4692/2341/2540
f 4674/2342/2541 4676/2276/2542 4677/2343/2543
f 4674/2342/2541 4675/2344/2544 4679/2345/2545
f 4651/2298/2518 4653/2333/2532 4647/2334/2546
f 4631/2346/2547 4643/2324/2522 4630/2325/2524
f 4643/2315/2510 4688/2347/2548 4642/2313/2508
f 4708/2310/2504 4707/2348/2549 4702/2327/2526
f 4676/2276/2542 4674/2342/2541 4679/2345/2545
f 4666/2312/2506 4667/2349/2550 4665/2332/2531
f 4665/2350/2551 4668/2351/2552 4686/2352/2553
f 4653/2333/2532 4654/2353/2554 4650/2354/2555
f 4653/2333/2532 4650/2354/2555 4647/2334/2546
f 4658/2355/2556 4637/2323/2521 4647/2334/2533
f 4635/2335/2557 4631/2346/2547 4630/2325/2524
f 4644/2356/2558 4688/2347/2548 4643/2315/2510
f 4703/2357/2559 4694/2330/2560 4702/2327/2561
f 4692/2341/2562 4695/2328/2563 4703/2357/2564
f 4673/2358/2565 4675/2344/2544 4674/2342/2541
f 4667/2349/2550 4666/2312/2506 4673/2359/2566
f 4686/2352/2553 4668/2351/2552 4669/2360/2567
f 4650/2354/2555 4649/2361/2568 4647/2334/2546
f 4660/2362/2569 4647/2334/2546 4649/2361/2568
f 4631/2346/2547 4635/2335/2557 4644/2363/2570
f 4703/2357/2564 4707/2364/2571 4680/2365/2572
f 4703/2357/2564 4680/2365/2572 4692/2341/2562
f 4669/2360/2567 4668/2351/2552 4671/2366/2573
f 4654/2367/2574 4669/2360/2567 4671/2366/2573
f 4644/2363/2570 4635/2335/2557 4638/2368/2575
f 4623/2369/2576 4625/2370/2577 4626/2371/2578
f 4673/2358/2565 4674/2342/2541 4668/2372/2579
f 4693/2373/2580 4680/2365/2572 4707/2364/2571
f 4656/2374/2581 4658/2375/2582 4649/2376/2583
f 4638/2368/2575 4635/2335/2557 4633/2377/2584
f 4638/2368/2575 4633/2377/2584 4632/2378/2585
f 4697/2379/2586 4707/2364/2571 4698/2380/2587
f 4693/2373/2580 4707/2364/2571 4697/2379/2586
f 4668/2372/2579 4680/2381/2588 4681/2382/2589
f 4674/2342/2541 4680/2381/2588 4668/2372/2579
f 4649/2361/2590 4654/2353/2591 4672/2383/2592
f 4658/2375/2582 4656/2374/2581 4659/2384/2593
f 4632/2378/2585 4633/2377/2584 4637/2385/2594
f 4689/2386/2595 4644/2363/2596 4645/2387/2597
f 4690/2388/2598 4644/2363/2596 4689/2386/2595
f 4625/2370/2577 4627/2389/2599 4626/2371/2578
f 4697/2379/2586 4698/2380/2587 4699/2390/2600
f 4632/2378/2585 4637/2385/2594 4659/2391/2601
f 4873/2392/2602 4874/2393/2603 4875/2394/2604
f 4876/2395/2605 4873/2392/2602 4875/2394/2604
f 4899/2396/2606 4897/2397/2607 4901/2398/2608
f 4899/2396/2606 4900/2399/2609 4897/2397/2607
f 4898/2400/2610 4897/2397/2607 4900/2399/2609
f 4896/2401/2611 4898/2400/2610 4900/2399/2609
f 4909/2402/2612 4907/2403/2613 4908/2404/2613
f 4925/2405/2614 4923/2406/2615 4921/2407/2616
f 4922/2408/2617 4923/2406/2615 4925/2405/2614
f 4931/2409/2618 4928/2410/2619 4930/2411/2620
f 4946/2412/2621 4943/2413/2621 4944/2414/2621
f 4974/2415/2622 4972/2416/2623 4976/2417/2624
f 4972/2416/2623 4977/2418/2625 4976/2417/2624
f 4977/2419/2626 4979/2420/2627 4973/2421/2628
f 4979/2420/2627 4977/2419/2626 4978/2422/2629
f 5297/2423/2630 5298/2424/2631 5296/2425/2632
f 5322/2426/2633 5313/2427/2634 5311/2428/2635
f 5311/2428/2635 5313/2427/2634 5312/2429/2636
f 5299/2430/2637 5236/2431/2638 5220/2432/2639
f 5322/2426/2633 5321/2433/2640 5313/2427/2634
f 5322/2426/2633 5316/2434/2641 5321/2433/2640
f 5298/2424/2631 5309/2435/2642 5296/2425/2632
f 5309/2435/2642 5319/2436/2643 5296/2425/2632
f 5296/2425/2632 5319/2436/2643 5236/2437/2644
f 5216/2438/2645 5214/2439/2646 5201/2440/2647
f 5218/2441/2648 5214/2439/2646 5216/2438/2645
f 5218/2441/2648 5213/2442/2649 5214/2439/2646
f 5220/2443/2650 5213/2442/2649 5218/2441/2648
f 5309/2444/2651 5310/2445/2652 5407/2446/2653
f 5311/2447/2654 5307/2448/2655 5309/2449/2656
f 5304/2450/2657 5311/2447/2658 5305/2451/2659
f 5314/2452/2660 5316/2453/2661 5313/2427/2662
f 5219/2454/2663 5211/2455/2664 5220/2443/2650
f 5220/2443/2650 5211/2455/2664 5213/2442/2649
f 5309/2449/2656 5307/2448/2655 5308/2456/2665
f 5310/2445/2666 5308/2456/2667 5319/2457/2668
f 5200/2458/2669 5201/2459/2670 5213/2460/2671
f 5219/2454/2663 5217/2461/2672 5211/2455/2664
f 5305/2451/2659 5346/2462/2673 5304/2450/2657
f 5313/2463/2674 5346/2462/2673 5305/2451/2659
f 5236/2437/2675 5339/2464/2676 5219/2465/2677
f 5201/2459/2670 5200/2458/2669 5197/2466/2678
f 5307/2448/2655 5302/2467/2679 5308/2456/2665
f 5346/2462/2673 5302/2468/2680 5304/2450/2657
f 5319/2457/2668 5320/2469/2681 5339/2464/2682
f 5319/2457/2668 5308/2456/2667 5320/2469/2681
f 5201/2470/2683 5204/2471/2684 5202/2472/2685
f 5073/2473/2686 5201/2474/2687 5193/2475/2688
f 5313/2427/2662 5316/2453/2661 5315/2476/2689
f 5339/2477/2690 5330/2478/2691 5217/2461/2692
f 5201/2474/2687 5194/2479/2693 5193/2475/2688
f 5213/2442/2649 5211/2455/2664 5209/2480/2694
f 5346/2481/2695 5315/2482/2696 5317/2483/2697
f 5204/2471/2684 5203/2484/2698 5202/2472/2685
f 5320/2469/2681 5370/2485/2699 5339/2464/2682
f 5358/2486/2700 5198/2487/2701 5197/2488/2702
f 5211/2455/2664 5210/2489/2703 5209/2480/2694
f 5308/2490/2704 5230/2491/2705 5391/2492/2706
f 5194/2479/2693 5203/2493/2707 5193/2475/2688
f 5203/2494/2708 5197/2488/2702 5205/2495/2709
f 5339/2477/2690 5331/2496/2710 5330/2478/2691
f 5198/2487/2701 5208/2497/2711 5197/2488/2702
f 5197/2488/2702 5195/2498/2712 5205/2495/2709
f 5209/2480/2694 5210/2489/2703 5208/2499/2713
f 5330/2478/2691 5331/2496/2710 5210/2500/2714
f 5210/2489/2703 5212/2501/2715 5208/2499/2713
f 5193/2502/2716 5295/2503/2717 5300/2504/2718
f 5370/2505/2719 5230/2506/2720 5228/2507/2721
f 5315/2482/2722 5306/2508/2723 5302/2509/2724
f 5230/2491/2725 5302/2510/2726 5225/2511/2727
f 5092/2512/2728 5020/2513/2729 5021/2514/2730
f 5208/2497/2711 5195/2498/2712 5197/2488/2702
f 5302/2509/2724 5306/2508/2723 5303/2515/2731
f 5205/2516/2732 5190/2517/2733 5360/2518/2734
f 5212/2501/2715 5207/2519/2735 5208/2499/2713
f 5212/2501/2715 5263/2520/2736 5207/2519/2735
f 5331/2496/2710 5339/2477/2690 5222/2521/2737
f 5073/2522/2738 5048/2523/2739 5020/2524/2740
f 5203/2493/2741 5190/2525/2742 5192/2526/2743
f 5302/2510/2726 5231/2527/2744 5225/2511/2727
f 5091/2528/2745 5092/2529/2746 5390/2530/2747
f 5092/2531/2748 5018/2532/2749 5016/2533/2750
f 5230/2491/2725 5225/2511/2727 5229/2534/2751
f 5295/2503/2717 5345/2535/2752 5300/2504/2718
f 5210/2489/2753 5235/2536/2754 5263/2520/2755
f 5215/2537/2756 5235/2536/2754 5210/2489/2753
f 5370/2505/2719 5228/2507/2721 5222/2538/2757
f 5390/2530/2747 5092/2529/2746 5090/2539/2758
f 5295/2503/2759 5203/2540/2760 5066/2541/2761
f 5231/2527/2744 5232/2542/2762 5225/2511/2727
f 5233/2543/2763 5303/2515/2731 5306/2508/2723
f 5018/2532/2749 5019/2544/2764 5016/2533/2750
f 5228/2545/2765 5229/2546/2766 5224/2547/2767
f 5231/2527/2744 5233/2543/2768 5232/2542/2762
f 5390/2548/2769 5388/2549/2770 5378/2550/2771
f 5390/2530/2747 5090/2539/2758 5374/2551/2772
f 5345/2535/2773 5066/2552/2774 5049/2553/2775
f 5208/2499/2713 5207/2519/2735 5196/2554/2776
f 5196/2555/2777 5195/2556/2778 5199/2557/2779
f 5316/2558/2780 5239/2559/2781 5318/2560/2782
f 5048/2561/2783 5345/2535/2773 5049/2553/2775
f 5192/2526/2784 5191/2562/2785 5066/2563/2786
f 5020/2564/2787 5047/2565/2788 5018/2532/2749
f 5048/2561/2783 5049/2553/2775 5047/2566/2789
f 5233/2543/2768 5351/2567/2790 5232/2542/2762
f 5388/2549/2770 5390/2548/2769 5417/2568/2791
f 5224/2569/2792 5223/2570/2793 5222/2571/2794
f 5195/2556/2778 5196/2555/2777 5189/2572/2795
f 5092/2573/2796 4999/2574/2797 5004/2575/2798
f 5092/2573/2796 5015/2576/2799 4999/2574/2797
f 5018/2532/2749 5047/2565/2788 5019/2544/2764
f 5190/2577/2800 5189/2578/2801 5191/2562/2801
f 5417/2568/2802 5389/2579/2803 5373/2580/2804
f 5306/2508/2805 5318/2581/2806 5351/2567/2807
f 5074/2582/2808 5052/2583/2809 5047/2584/2810
f 5196/2555/2777 5359/2585/2811 5189/2572/2795
f 5206/2586/2812 5263/2587/2813 5196/2555/2777
f 5223/2570/2793 5290/2588/2814 5222/2571/2794
f 5074/2582/2808 5066/2589/2815 5052/2583/2809
f 5222/2590/2816 5261/2591/2817 5263/2587/2818
f 5377/2592/2819 5378/2593/2820 5387/2594/2821
f 5318/2581/2806 5276/2595/2822 5351/2567/2807
f 5272/2596/2823 5239/2597/2824 5280/2598/2825
f 5015/2576/2799 4998/2599/2826 4999/2574/2797
f 5027/2600/2827 5019/2544/2764 5047/2565/2788
f 5066/2552/2828 5189/2578/2829 5050/2601/2830
f 5263/2587/2813 5327/2602/2831 5196/2555/2777
f 5318/2581/2806 5280/2598/2832 5276/2595/2822
f 5377/2592/2819 5387/2594/2821 5375/2603/2833
f 5019/2544/2764 5011/2604/2834 5016/2533/2750
f 5429/2605/2835 5005/2606/2836 5004/2607/2837
f 5276/2595/2838 5239/2608/2839 5232/2609/2840
f 5374/2551/2841 5004/2610/2842 5373/2611/2843
f 5377/2592/2819 5375/2603/2833 5376/2612/2844
f 5027/2600/2845 5022/2613/2846 5026/2614/2846
f 5341/2615/2847 5050/2601/2830 5189/2578/2829
f 5196/2555/2777 5344/2616/2848 5359/2585/2811
f 5232/2617/2849 5270/2618/2850 5227/2619/2851
f 5387/2594/2821 5417/2620/2852 5375/2603/2833
f 5196/2555/2777 5327/2602/2831 5344/2616/2848
f 5373/2611/2843 5004/2610/2842 5003/2621/2853
f 5341/2615/2847 5343/2622/2854 5050/2601/2830
f 5341/2615/2847 5344/2623/2855 5343/2622/2854
f 5234/2624/2856 5227/2619/2857 5224/2625/2858
f 5015/2626/2859 5011/2627/2860 5012/2628/2861
f 5290/2629/2862 5427/2630/2863 5261/2631/2864
f 5261/2631/2864 5427/2630/2863 5259/2632/2865
f 5013/2633/2866 4994/2634/2867 4998/2599/2826
f 5327/2602/2831 5263/2587/2813 5127/2635/2868
f 4998/2599/2826 4994/2634/2867 4999/2574/2797
f 5224/2636/2869 5226/2637/2870 5427/2638/2871
f 5224/2625/2858 5227/2619/2857 5293/2639/2872
f 5050/2601/2830 5051/2640/2873 5066/2552/2828
f 5373/2580/2804 5186/2641/2874 5417/2568/2802
f 5003/2642/2875 5184/2643/2876 5185/2644/2877
f 5128/2645/2878 5127/2646/2879 5344/2647/2880
f 5262/2648/2881 5261/2631/2864 5259/2632/2865
f 5012/2628/2861 5011/2627/2860 5013/2649/2882
f 5050/2601/2830 5071/2650/2883 5051/2640/2873
f 5227/2619/2857 5269/2651/2884 5293/2639/2872
f 4999/2652/2885 4993/2653/2886 5005/2654/2887
f 5344/2647/2880 5127/2646/2879 5059/2655/2888
f 5127/2635/2868 5263/2587/2813 5392/2656/2889
f 5013/2633/2866 4995/2657/2890 4994/2634/2867
f 5022/2658/2891 5052/2659/2892 5023/2660/2893
f 5375/2603/2833 5417/2620/2852 5396/2661/2894
f 5051/2640/2873 5071/2650/2883 5053/2662/2895
f 5344/2647/2880 5059/2655/2888 5058/2663/2896
f 5262/2648/2897 5267/2664/2898 5263/2665/2899
f 5008/2666/2900 5003/2621/2901 5089/2667/2902
f 5013/2649/2882 5011/2627/2860 5014/2668/2903
f 5011/2669/2904 5026/2670/2905 5017/2671/2906
f 5024/2672/2907 5022/2658/2891 5023/2660/2893
f 5052/2673/2908 5051/2674/2909 5060/2675/2910
f 5379/2676/2911 5396/2677/2912 5332/2678/2913
f 5003/2679/2914 5006/2680/2915 5007/2681/2916
f 5003/2682/2917 5005/2606/2918 5010/2683/2919
f 5011/2627/2860 5397/2684/2920 5014/2668/2903
f 5052/2659/2892 5065/2685/2921 5023/2660/2893
f 5392/2656/2889 5267/2686/2922 5127/2635/2868
f 5263/2665/2899 5267/2664/2898 5264/2687/2923
f 5262/2648/2881 5259/2632/2865 5255/2688/2924
f 5383/2689/2925 5424/2690/2926 5376/2691/2927
f 5010/2692/2928 4993/2693/2929 5009/2694/2930
f 5185/2644/2877 5184/2643/2876 5186/2695/2931
f 5058/2663/2896 5059/2655/2888 5071/2696/2932
f 5184/2643/2876 5089/2697/2933 5186/2695/2931
f 5054/2698/2934 5071/2696/2935 5057/2699/2936
f 5186/2695/2937 5187/2700/2938 5396/2701/2939
f 5065/2702/2940 5060/2675/2910 5063/2703/2941
f 5051/2674/2909 5063/2703/2941 5060/2675/2910
f 5009/2694/2942 4994/2704/2943 4997/2705/2944
f 4995/2657/2890 5397/2684/2945 5122/2706/2946
f 5239/2707/2947 5268/2708/2948 5270/2709/2947
f 5186/2695/2937 5088/2710/2949 5187/2700/2938
f 5017/2711/2950 5122/2706/2946 5397/2684/2945
f 5376/2691/2951 5380/2712/2952 5382/2713/2953
f 5380/2712/2952 5376/2691/2951 5379/2714/2954
f 5023/2660/2893 5025/2715/2955 5024/2672/2907
f 5023/2660/2893 5064/2716/2956 5025/2715/2955
f 5379/2714/2954 5381/2717/2957 5380/2712/2952
f 4995/2657/2890 5122/2706/2946 4996/2718/2958
f 5006/2680/2959 5010/2692/2960 4997/2719/2961
f 5063/2703/2941 5051/2674/2909 5064/2720/2962
f 5259/2632/2865 5260/2721/2963 5255/2688/2924
f 5293/2722/2964 5433/2723/2965 5259/2724/2966
f 5271/2725/2967 5269/2726/2968 5270/2709/2969
f 5007/2681/2916 5006/2680/2915 5088/2727/2970
f 4995/2657/2890 4996/2718/2958 4994/2634/2867
f 5267/2728/2971 5255/2688/2972 5258/2729/2973
f 5293/2722/2964 5238/2730/2974 5433/2723/2965
f 5383/2689/2925 5406/2731/2975 5424/2690/2926
f 5088/2732/2976 5087/2733/2977 5325/2734/2978
f 5024/2672/2907 5025/2715/2955 5017/2735/2979
f 4994/2704/2943 5000/2736/2980 4997/2705/2944
f 5238/2730/2974 5269/2651/2981 5433/2723/2965
f 5395/2737/2982 5382/2713/2953 5380/2712/2952
f 5332/2738/2983 5325/2739/2984 5086/2740/2985
f 5158/2741/2986 5159/2742/2987 5071/2743/2988
f 5271/2725/2967 5239/2744/2989 5269/2726/2968
f 5071/2745/2990 5070/2746/2991 5068/2747/2992
f 5158/2741/2986 5127/2748/2993 5159/2742/2987
f 5386/2749/2994 5406/2731/2975 5383/2689/2925
f 5068/2747/2992 5070/2746/2991 5055/2750/2995
f 5332/2738/2983 5333/2751/2996 5380/2752/2997
f 5068/2747/2992 5055/2750/2995 5053/2753/2998
f 5386/2749/2994 5383/2689/2925 5384/2754/2999
f 5332/2738/2983 5086/2740/2985 5333/2751/2996
f 5127/2646/3000 5157/2755/3001 5156/2756/3002
f 5386/2757/3003 5424/2758/3004 5404/2759/3005
f 5064/2720/3006 5329/2760/3007 5124/2761/3008
f 5159/2742/2987 5127/2748/2993 5160/2762/3009
f 5433/2723/2965 5269/2651/2981 5242/2763/3010
f 5395/2764/3011 5385/2765/3012 5383/2689/2925
f 5416/2766/3013 5080/2767/3014 5006/2768/3015
f 5269/2651/2981 5237/2769/3016 5242/2763/3010
f 5064/2770/3017 5061/2771/3018 5062/2772/3019
f 5053/2753/2998 5055/2750/2995 5067/2773/3020
f 5383/2689/2925 5385/2765/3012 5384/2754/2999
f 5086/2740/2985 5335/2774/3021 5333/2751/2996
f 5086/2740/3022 5087/2733/3023 5084/2775/3024
f 5125/2776/3025 5126/2777/3026 5122/2778/3027
f 5025/2715/2955 5126/2777/3026 5017/2735/2979
f 5061/2771/3018 5067/2773/3028 5062/2772/3019
f 5273/2779/3029 5239/2780/3030 5237/2769/3030
f 5416/2766/3013 4997/2781/3031 5080/2767/3014
f 4996/2782/3032 5029/2783/3033 5000/2784/3034
f 5070/2746/2991 5160/2785/3035 5055/2750/2995
f 5257/2786/3036 5256/2787/3037 5156/2788/3038
f 5255/2789/3039 5256/2787/3037 5257/2786/3036
f 5067/2773/3028 5426/2790/3040 5062/2772/3019
f 5433/2723/2965 5294/2791/3041 5254/2792/3042
f 5242/2763/3010 5294/2791/3041 5433/2723/2965
f 5064/2793/3043 5102/2794/3044 5094/2795/3045
f 5087/2733/3023 5083/2796/3046 5084/2775/3024
f 5067/2773/3020 5055/2750/2995 5101/2797/3047
f 5255/2789/3039 5254/2798/3048 5256/2787/3037
f 5133/2799/3049 5160/2800/3050 5156/2801/3051
f 5424/2802/3052 5384/2754/2999 5385/2765/3012
f 5006/2768/3015 5080/2767/3014 5087/2803/3053
f 4997/2705/2944 5000/2736/2980 5001/2804/3054
f 5426/2790/3055 5101/2797/3056 5102/2794/3044
f 5421/2805/3057 5333/2751/2996 5334/2806/3058
f 5335/2774/3021 5334/2806/3058 5333/2751/2996
f 4997/2781/3031 5361/2807/3059 5080/2767/3014
f 5122/2778/3027 5121/2808/3060 5036/2809/3061
f 5126/2777/3026 5121/2808/3060 5122/2778/3027
f 5000/2736/2980 5002/2810/3062 5001/2804/3054
f 5405/2811/3063 5424/2802/3052 5385/2765/3012
f 5025/2715/2955 5123/2812/3064 5126/2777/3026
f 5083/2796/3046 5085/2813/3065 5084/2775/3024
f 5126/2777/3026 5123/2812/3064 5121/2808/3060
f 5102/2794/3044 5093/2814/3066 5094/2795/3045
f 5242/2815/3067 5245/2816/3068 5254/2817/3069
f 5087/2733/3023 5081/2818/3070 5083/2796/3046
f 5036/2819/3071 5039/2820/3072 5029/2783/3073
f 5025/2715/2955 5120/2821/3074 5123/2812/3064
f 5025/2715/2955 5113/2822/3075 5120/2821/3074
f 5156/2823/3076 5135/2824/3077 5132/2825/3078
f 5113/2822/3075 5324/2826/3079 5120/2821/3074
f 5094/2795/3045 5093/2814/3066 5113/2827/3080
f 5055/2750/2995 5138/2828/3081 5101/2797/3047
f 5160/2829/3082 5132/2830/3083 5069/2831/3084
f 5085/2832/3085 5334/2806/3058 5335/2774/3021
f 5102/2794/3044 5095/2833/3086 5093/2814/3066
f 5102/2794/3044 5101/2797/3056 5096/2834/3087
f 5002/2810/3088 5028/2835/3089 5372/2836/3090
f 5102/2794/3044 5096/2834/3087 5095/2833/3086
f 5101/2797/3047 5138/2828/3081 5056/2837/3091
f 5254/2817/3069 5245/2816/3068 5253/2838/3092
f 5029/2839/3093 5030/2840/3094 5028/2841/3095
f 5113/2842/3096 5110/2843/3097 5112/2844/3098
f 5069/2831/3084 5132/2830/3083 5138/2845/3099
f 5240/2846/3100 5242/2847/3101 5239/2848/3102
f 5239/2848/3102 5241/2849/3103 5240/2846/3100
f 5336/2850/3104 5398/2851/3105 5085/2813/3106
f 5121/2808/3060 5123/2812/3064 5177/2852/3107
f 5028/2841/3095 5030/2840/3094 5031/2853/3108
f 5029/2783/3073 5039/2820/3072 5040/2854/3109
f 5274/2855/3110 5239/2856/3111 5282/2857/3112
f 5039/2820/3072 5030/2858/3113 5040/2854/3109
f 5340/2859/3114 5177/2860/3115 5369/2861/3116
f 5112/2844/3098 5110/2843/3097 5435/2862/3117
f 5244/2863/3118 5275/2864/3119 5239/2865/3118
f 5096/2834/3087 5131/2866/3120 5095/2833/3086
f 5399/2867/3121 5405/2868/3122 5398/2851/3105
f 5398/2851/3105 5336/2850/3104 5399/2867/3121
f 5085/2869/3123 5422/2870/3124 5423/2871/3125
f 5340/2859/3114 5324/2872/3126 5177/2860/3115
f 5135/2873/3127 5150/2874/3127 5140/2875/3127
f 5177/2876/3128 5045/2877/3129 5039/2820/3072
f 5131/2866/3120 5097/2878/3130 5095/2833/3086
f 5253/2838/3092 5151/2879/3131 5254/2817/3069
f 5403/2880/3132 5393/2881/3133 5424/2882/3134
f 5422/2870/3124 5081/2818/3135 5423/2871/3125
f 5002/2810/3088 5372/2836/3090 5363/2883/3136
f 5039/2820/3072 5044/2884/3137 5030/2858/3113
f 5324/2872/3126 5435/2862/3138 5109/2885/3139
f 5056/2837/3091 5138/2828/3081 5131/2866/3140
f 5405/2886/3141 5337/2887/3142 5393/2888/3143
f 5324/2872/3126 5434/2889/3144 5177/2860/3115
f 5239/2890/3145 5252/2891/3146 5251/2892/3147
f 5241/2849/3103 5251/2892/3147 5249/2893/3148
f 5361/2807/3149 5001/2804/3150 5428/2894/3151
f 5039/2820/3072 5045/2877/3129 5044/2884/3137
f 5110/2843/3152 5103/2895/3153 5109/2885/3154
f 5001/2804/3150 5362/2896/3155 5428/2894/3151
f 5324/2872/3126 5109/2885/3139 5434/2889/3144
f 5131/2866/3156 5149/2897/3157 5072/2898/3158
f 5241/2849/3103 5249/2893/3148 5240/2846/3100
f 5245/2816/3068 5246/2899/3159 5253/2838/3092
f 5081/2818/3135 5079/2900/3160 5423/2871/3125
f 5362/2896/3155 5001/2804/3150 5363/2901/3161
f 5140/2902/3162 5136/2903/3163 5172/2904/3164
f 5081/2818/3135 5080/2905/3165 5079/2900/3160
f 5097/2878/3166 5072/2906/3167 5098/2907/3168
f 5134/2908/3169 5137/2909/3170 5132/2830/3171
f 5176/2910/3172 5037/2911/3173 5045/2877/3174
f 5176/2912/3175 5434/2889/3144 5109/2885/3139
f 5093/2913/3176 5099/2914/3177 5103/2895/3178
f 5150/2915/3179 5349/2916/3180 5136/2917/3181
f 5251/2892/3147 5252/2891/3146 5249/2893/3148
f 5080/2905/3165 5046/2918/3182 5079/2900/3160
f 5031/2853/3108 5041/2919/3183 5363/2901/3184
f 5176/2912/3175 5109/2885/3139 5175/2920/3185
f 5099/2914/3177 5093/2913/3176 5098/2921/3186
f 5137/2922/3187 5140/2902/3162 5172/2904/3164
f 5244/2923/3188 5282/2857/3189 5252/2891/3146
f 5031/2853/3108 5032/2924/3190 5041/2919/3183
f 5132/2830/3171 5137/2909/3170 5143/2925/3191
f 5150/2874/3192 5151/2926/3193 5366/2927/3194
f 5336/2928/3195 5423/2871/3125 5079/2900/3160
f 5079/2900/3160 5046/2918/3182 5425/2929/3196
f 5030/2840/3094 5401/2930/3197 5031/2853/3108
f 5240/2846/3198 5247/2931/3199 5245/2816/3068
f 5252/2891/3146 5281/2932/3200 5249/2893/3148
f 5031/2853/3108 5401/2930/3197 5032/2924/3190
f 5099/2914/3177 5098/2921/3186 5347/2933/3201
f 5246/2899/3159 5245/2816/3068 5248/2934/3202
f 5245/2816/3068 5247/2931/3199 5248/2934/3202
f 5138/2935/3203 5143/2936/3204 5141/2937/3205
f 5252/2891/3146 5323/2938/3206 5281/2932/3200
f 5076/2939/3207 5075/2940/3208 5425/2929/3209
f 5428/2941/3210 5041/2919/3183 5032/2924/3190
f 5282/2857/3189 5323/2938/3206 5252/2891/3146
f 5337/2887/3142 5338/2942/3211 5393/2888/3143
f 5336/2943/3212 5338/2942/3211 5337/2887/3142
f 5030/2944/3213 5033/2945/3214 5035/2946/3215
f 5104/2947/3216 5103/2895/3178 5099/2914/3177
f 5151/2948/3217 5136/2917/3181 5349/2916/3180
f 5246/2949/3218 5277/2950/3219 5278/2951/3220
f 5032/2924/3221 5035/2952/3222 5183/2953/3223
f 5175/2920/3224 5104/2947/3216 5100/2954/3225
f 5099/2914/3177 5100/2954/3225 5104/2947/3216
f 5171/2955/3226 5170/2956/3227 5137/2957/3228
f 5152/2958/3229 5356/2959/3230 5151/2926/3231
f 5137/2909/3232 5168/2960/3233 5139/2961/3234
f 5336/2928/3195 5079/2900/3160 5078/2962/3235
f 5030/2944/3213 5037/2963/3236 5033/2945/3214
f 5099/2914/3177 5347/2933/3201 5348/2964/3237
f 5152/2958/3229 5278/2965/3238 5356/2959/3230
f 5283/2966/3239 5284/2967/3240 5281/2932/3241
f 5079/2900/3160 5077/2968/3242 5078/2962/3235
f 5099/2914/3177 5117/2969/3243 5100/2954/3225
f 5347/2933/3201 5149/2970/3244 5348/2964/3237
f 5283/2966/3239 5282/2971/3245 5285/2972/3246
f 5393/2973/3247 5420/2974/3248 5078/2962/3235
f 5046/2918/3249 5428/2894/3250 5082/2975/3251
f 5117/2969/3243 5119/2976/3252 5100/2954/3225
f 5075/2940/3208 5076/2939/3207 5077/2968/3253
f 5171/2955/3226 5350/2977/3254 5170/2956/3227
f 5278/2965/3238 5279/2978/3255 5356/2959/3230
f 5136/2979/3256 5350/2977/3254 5171/2955/3226
f 5277/2950/3257 5247/2980/3258 5279/2981/3259
f 5283/2966/3239 5285/2972/3246 5284/2967/3240
f 5336/2928/3195 5078/2962/3235 5420/2974/3248
f 5032/2924/3221 5183/2953/3223 5043/2982/3260
f 5115/2983/3261 5105/2984/3261 5100/2954/3262
f 5151/2926/3231 5356/2959/3230 5153/2985/3263
f 5284/2967/3264 5247/2980/3258 5249/2893/3265
f 5342/2986/3266 5348/2964/3267 5117/2987/3268
f 5141/2937/3205 5143/2936/3204 5142/2988/3269
f 5291/2989/3270 5042/2990/3271 5183/2991/3272
f 5082/2975/3251 5076/2939/3273 5046/2918/3249
f 5183/2991/3272 5042/2990/3271 5182/2992/3274
f 5169/2993/3275 5143/2994/3276 5168/2995/3277
f 5153/2985/3263 5356/2959/3230 5154/2996/3278
f 5033/2945/3214 5034/2997/3279 5038/2998/3280
f 5037/2963/3236 5034/2997/3279 5033/2945/3214
f 5119/2999/3281 5118/3000/3282 5115/3001/3283
f 5348/2964/3267 5146/3002/3284 5117/2987/3268
f 5170/2956/3227 5350/2977/3254 5154/3003/3285
f 5032/2924/3221 5043/2982/3260 5082/3004/3286
f 5037/2963/3236 5174/3005/3287 5034/2997/3279
f 5146/3002/3284 5115/3006/3288 5117/2987/3268
f 5142/2988/3269 5146/3007/3289 5149/3008/3290
f 5279/2981/3259 5247/2980/3258 5365/3009/3291
f 5143/2936/3204 5144/3010/3292 5142/2988/3269
f 5282/2971/3245 5287/3011/3293 5285/2972/3246
f 5291/2989/3270 5034/3012/3294 5042/2990/3271
f 5284/2967/3264 5265/3013/3295 5247/2980/3258
f 5356/2959/3230 5155/3014/3296 5154/2996/3278
f 5042/2990/3297 5082/3004/3286 5043/2982/3260
f 5037/3015/3298 5100/3016/3299 5106/3017/3300
f 5115/3006/3288 5146/3002/3284 5116/3018/3301
f 5142/2988/3269 5144/3010/3292 5146/3007/3289
f 5365/3009/3291 5247/2980/3258 5328/3019/3302
f 5076/2939/3273 5082/2975/3251 5078/3020/3303
f 5265/3013/3295 5430/3021/3304 5247/2980/3258
f 5328/3019/3302 5247/2980/3258 5430/3021/3304
f 5034/3012/3294 5371/3022/3305 5042/2990/3271
f 5265/3013/3295 5266/3023/3306 5430/3021/3304
f 5163/3024/3307 5173/3025/3308 5168/3026/3309
f 5154/2996/3278 5155/3014/3296 5168/3027/3310
f 5328/3028/3311 5357/3029/3312 5356/3030/3313
f 5037/3015/3298 5106/3017/3300 5371/3031/3314
f 5352/3032/3315 5355/3033/3316 5356/3030/3313
f 5144/3034/3317 5168/3035/3318 5188/3036/3319
f 5394/3037/3320 5431/3038/3321 5352/3032/3322
f 5431/3038/3321 5415/3039/3323 5352/3032/3322
f 5147/3040/3324 5146/3007/3289 5144/3010/3292
f 5356/3030/3313 5357/3029/3312 5352/3032/3315
f 5265/3013/3295 5415/3041/3325 5266/3023/3306
f 5107/3042/3326 5106/3043/3327 5114/3044/3328
f 5173/3025/3329 5326/3045/3330 5188/3046/3331
f 5173/3025/3329 5181/3047/3332 5326/3045/3330
f 5285/2972/3246 5287/3011/3293 5286/3048/3333
f 5146/3049/3334 5301/3050/3335 5129/3051/3336
f 5155/3014/3296 5181/3052/3337 5168/3027/3310
f 5115/3053/3338 5129/3054/3339 5130/3055/3340
f 5114/3044/3328 5115/3001/3341 5107/3042/3326
f 5286/3056/3342 5413/3057/3343 5265/3013/3344
f 5287/3011/3293 5436/3058/3345 5286/3048/3333
f 5287/3011/3293 5289/3059/3346 5436/3058/3345
f 5371/3031/3314 5106/3017/3300 5111/3060/3347
f 5146/3049/3334 5164/3061/3348 5301/3050/3335
f 5181/3062/3349 5179/3063/3350 5178/3064/3351
f 5155/3014/3296 5166/3065/3352 5181/3052/3337
f 5436/3058/3353 5410/3066/3354 5413/3067/3355
f 5355/3033/3316 5352/3032/3315 5166/3065/3356
f 5352/3032/3322 5408/3068/3357 5353/3069/3358
f 5352/3032/3322 5415/3039/3323 5408/3068/3357
f 5413/3067/3359 5414/3070/3360 5415/3071/3361
f 5107/3042/3326 5108/3072/3362 5106/3043/3327
f 5166/3065/3352 5180/3073/3363 5181/3052/3337
f 5410/3066/3354 5287/3074/3364 5411/3075/3365
f 5165/3076/3366 5107/3077/3367 5130/3055/3368
f 5147/3040/3369 5188/3078/3370 5148/3079/3371
f 5179/3063/3350 5161/3080/3372 5178/3064/3351
f 5166/3065/3352 5167/3081/3373 5180/3073/3363
f 5413/3067/3355 5410/3066/3354 5408/3068/3357
f 5164/3082/3374 5107/3077/3367 5165/3076/3366
f 5148/3079/3371 5188/3078/3370 5145/3083/3375
f 5410/3066/3354 5411/3075/3365 5408/3068/3357
f 5188/3078/3370 5178/3064/3351 5161/3080/3372
f 5161/3080/3372 5145/3083/3375 5188/3078/3370
f 5411/3075/3365 5412/3084/3376 5408/3068/3357
f 5354/3085/3377 5409/3086/3378 5352/3087/3379
f 5408/3068/3357 5409/3088/3380 5353/3069/3358
f 5408/3068/3357 5412/3084/3376 5409/3088/3380
f 5352/3087/3379 5409/3086/3378 5167/3089/3381
f 6344/3090/3382 6345/3091/3383 6343/3092/3384
f 6243/3093/3385 6238/3094/3386 6244/3095/3387
f 6247/3096/3388 6236/3097/3389 6237/3098/3390
f 6243/3093/3385 6237/3098/3391 6238/3094/3386
f 6237/3098/3391 6231/3099/3392 6238/3094/3386
f 6237/3098/3391 6242/3100/3393 6231/3099/3392
f 6237/3098/3391 6233/3101/3394 6242/3100/3393
f 6257/3102/3395 6260/3103/3396 6261/3104/3397
f 6230/3105/3398 6235/3106/3399 6231/3107/3400
f 6231/3107/3401 6234/3108/3402 6233/3109/3403
f 6221/3110/3404 6235/3111/3405 6222/3112/3406
f 6221/3110/3404 6222/3112/3406 6216/3113/3407
f 6232/3114/3408 6230/3105/3398 6231/3107/3400
f 6232/3114/3409 6233/3115/3410 6227/3116/3411
f 6256/3117/3412 6259/3118/3413 6255/3119/3414
f 6213/3120/3415 6221/3110/3404 6216/3113/3407
f 6216/3113/3416 6239/3121/3417 6229/3122/3418
f 6255/3119/3414 6259/3118/3413 6213/3123/3419
f 6229/3124/3420 6230/3105/3398 6232/3114/3408
f 6214/3125/3421 6213/3126/3422 6215/3127/3423
f 6251/3128/3424 6255/3119/3414 6213/3123/3419
f 6217/3129/3425 6251/3128/3424 6213/3123/3419
f 6251/3128/3424 6217/3129/3425 6248/3130/3426
f 6263/3131/3427 6251/3128/3428 6252/3132/3429
f 6232/3133/3430 6241/3134/3431 6223/3135/3432
f 6218/3136/3433 6217/3129/3425 6213/3123/3419
f 6215/3137/3434 6229/3124/3435 6223/3138/3436
f 6241/3134/3437 6227/3139/3438 6240/3140/3439
f 6219/3141/3440 6218/3136/3433 6213/3123/3419
f 6249/3142/3441 6252/3132/3429 6251/3128/3428
f 6253/3143/3442 6252/3132/3429 6249/3142/3441
f 6223/3135/3432 6241/3134/3431 6246/3144/3443
f 6227/3145/3444 6223/3135/3432 6246/3144/3443
f 6223/3135/3432 6227/3145/3444 6224/3146/3445
f 6227/3145/3444 6226/3147/3446 6224/3146/3445
f 6226/3148/3447 6245/3149/3448 6225/3150/3449
f 6223/3151/3450 6225/3150/3449 6245/3149/3448
f 6204/3152/3451 6207/3153/3452 6205/3154/3453
f 6204/3152/3451 6205/3154/3453 6206/3155/3454
f 6274/3156/3455 6275/3157/3456 6276/3158/3457
f 6592/3159/3458 6593/3160/3459 6585/3161/3460
f 6592/3159/3458 6585/3161/3460 6587/3162/3461
f 6589/3163/3462 6593/3160/3459 6592/3159/3458
f 6595/3164/3463 6586/3165/3464 6577/3166/3465
f 6575/3167/3466 6577/3168/3467 6576/3169/3468
f 6579/3170/3469 6577/3171/3469 6580/3172/3469
f 6473/3173/3470 6595/3174/3471 6575/3167/3472
f 6595/3174/3471 6473/3173/3470 6585/3175/3473
f 6596/3176/3474 6589/3163/3475 6587/3162/3476
f 6581/3177/3477 6577/3178/3478 6582/3179/3479
f 6594/3180/3480 6585/3161/3460 6631/3181/3481
f 6588/3182/3482 6587/3162/3461 6585/3161/3460
f 6485/3183/3483 6575/3167/3466 6580/3184/3484
f 6588/3182/3482 6585/3161/3460 6594/3180/3480
f 6584/3185/3485 6581/3186/3486 6583/3187/3487
f 6580/3184/3484 6575/3167/3466 6576/3169/3468
f 6594/3180/3480 6631/3181/3481 6473/3188/3488
f 6625/3189/3489 6583/3190/3490 6602/3191/3491
f 6590/3192/3492 6544/3193/3493 6587/3194/3494
f 6470/3195/3495 6594/3180/3480 6473/3188/3488
f 6625/3189/3489 6602/3191/3491 6437/3196/3496
f 6544/3193/3493 6590/3192/3492 6591/3197/3497
f 6611/3198/3498 6580/3199/3499 6598/3200/3500
f 6601/3201/3501 6437/3196/3496 6602/3191/3491
f 6584/3185/3485 6436/3202/3502 6581/3186/3486
f 6485/3183/3483 6580/3184/3484 6471/3203/3503
f 6591/3197/3497 6590/3192/3492 6594/3204/3504
f 6436/3205/3505 6625/3189/3489 6437/3196/3496
f 6471/3203/3503 6580/3184/3484 6572/3206/3506
f 6614/3207/3507 6598/3208/3508 6581/3186/3486
f 6572/3209/3509 6611/3210/3510 6610/3211/3511
f 6469/3212/3512 6473/3213/3513 6471/3214/3514
f 6474/3215/3515 6594/3204/3516 6475/3216/3517
f 6614/3207/3507 6581/3186/3486 6436/3202/3502
f 6470/3195/3518 6469/3212/3512 6471/3214/3514
f 6545/3217/3519 6596/3218/3520 6544/3219/3521
f 6475/3216/3517 6617/3220/3522 6470/3221/3523
f 6599/3222/3524 6614/3207/3507 6436/3202/3502
f 6437/3196/3496 6601/3201/3501 6605/3223/3525
f 6472/3224/3526 6470/3195/3518 6471/3214/3514
f 6435/3225/3527 6436/3226/3528 6434/3227/3529
f 6467/3228/3530 6475/3216/3517 6470/3221/3523
f 6472/3229/3531 6573/3230/3532 6608/3231/3533
f 6544/3219/3521 6474/3215/3515 6475/3216/3517
f 6573/3230/3532 6572/3232/3534 6525/3233/3535
f 6468/3234/3536 6470/3195/3518 6472/3224/3526
f 6544/3219/3521 6475/3216/3517 6467/3228/3530
f 6614/3207/3537 6571/3235/3538 6572/3232/3534
f 6572/3232/3534 6571/3235/3538 6525/3233/3535
f 6608/3231/3533 6573/3230/3532 6525/3233/3535
f 6605/3223/3539 6604/3236/3540 6626/3237/3541
f 6626/3237/3541 6604/3236/3540 6602/3238/3542
f 6602/3191/3543 6603/3239/3544 6620/3240/3545
f 6571/3235/3538 6614/3207/3537 6634/3241/3546
f 6546/3242/3547 6545/3217/3519 6544/3219/3521
f 6634/3241/3548 6435/3225/3527 6434/3227/3529
f 6437/3196/3549 6409/3243/3550 6434/3227/3551
f 6626/3244/3552 6409/3243/3550 6437/3196/3549
f 6467/3228/3530 6546/3242/3547 6544/3219/3521
f 6626/3244/3552 6618/3245/3553 6409/3243/3550
f 6431/3246/3554 6525/3233/3535 6571/3235/3538
f 6433/3247/3555 6434/3227/3551 6432/3248/3556
f 6623/3249/3557 6602/3191/3543 6620/3240/3545
f 6624/3250/3558 6623/3249/3557 6620/3240/3545
f 6432/3248/3556 6434/3227/3551 6409/3243/3550
f 6618/3245/3559 6623/3249/3557 6624/3250/3558
f 6411/3251/3560 6409/3243/3550 6618/3245/3553
f 6553/3252/3561 6467/3253/3562 6523/3254/3563
f 6523/3254/3563 6467/3253/3562 6472/3255/3564
f 6411/3256/3565 6624/3250/3558 6620/3240/3545
f 6553/3252/3561 6523/3254/3563 6635/3257/3566
f 6431/3258/3567 6409/3259/3568 6612/3260/3569
f 6472/3255/3570 6525/3233/3571 6438/3261/3572
f 6467/3262/3573 6539/3263/3574 6547/3264/3575
f 6414/3265/3576 6411/3256/3565 6620/3240/3545
f 6409/3243/3550 6411/3251/3560 6427/3266/3577
f 6530/3267/3578 6472/3255/3570 6438/3261/3572
f 6409/3243/3550 6427/3266/3577 6410/3268/3579
f 6414/3269/3580 6409/3243/3550 6410/3268/3579
f 6635/3270/3581 6530/3267/3578 6529/3271/3582
f 6467/3272/3583 6637/3273/3584 6529/3274/3585
f 6539/3263/3574 6467/3262/3573 6542/3275/3586
f 6629/3276/3587 6431/3258/3567 6612/3260/3569
f 6540/3277/3588 6539/3263/3574 6542/3275/3586
f 6548/3278/3589 6546/3242/3590 6547/3279/3591
f 6524/3280/3592 6530/3267/3578 6438/3261/3572
f 6630/3281/3593 6620/3282/3594 6622/3283/3595
f 6529/3271/3582 6530/3267/3578 6524/3280/3592
f 6549/3284/3596 6546/3242/3590 6548/3278/3589
f 6408/3285/3597 6409/3243/3550 6613/3286/3598
f 6613/3286/3598 6409/3243/3550 6414/3269/3580
f 6612/3260/3569 6613/3286/3599 6629/3276/3587
f 6538/3287/3600 6540/3277/3588 6543/3288/3601
f 6539/3263/3574 6540/3277/3588 6538/3287/3600
f 6620/3282/3594 6416/3289/3602 6622/3283/3595
f 6524/3290/3603 6629/3276/3587 6532/3291/3604
f 6543/3292/3605 6467/3272/3583 6466/3293/3606
f 6537/3294/3607 6539/3263/3574 6538/3287/3600
f 6532/3291/3604 6629/3276/3587 6404/3295/3608
f 6627/3296/3609 6630/3297/3610 6426/3298/3611
f 6464/3299/3612 6467/3272/3583 6529/3274/3585
f 6466/3293/3606 6467/3272/3583 6464/3299/3612
f 6406/3300/3613 6414/3301/3614 6407/3302/3615
f 6531/3303/3616 6524/3290/3603 6532/3291/3604
f 6551/3304/3617 6464/3299/3612 6529/3274/3585
f 6629/3276/3587 6613/3286/3599 6406/3305/3618
f 6404/3295/3608 6629/3276/3587 6406/3305/3618
f 6480/3306/3619 6524/3290/3603 6531/3303/3616
f 6463/3307/3620 6527/3308/3621 6524/3309/3622
f 6465/3310/3623 6466/3293/3606 6464/3299/3612
f 6536/3311/3624 6537/3294/3607 6538/3287/3600
f 6460/3312/3625 6466/3293/3606 6465/3310/3623
f 6451/3313/3626 6551/3304/3627 6463/3314/3628
f 6536/3311/3624 6538/3287/3600 6476/3315/3629
f 6541/3316/3630 6549/3317/3631 6537/3294/3632
f 6429/3318/3633 6426/3298/3634 6430/3319/3635
f 6531/3320/3636 6404/3321/3637 6402/3322/3638
f 6464/3323/3639 6451/3324/3640 6487/3325/3641
f 6407/3302/3615 6426/3326/3642 6418/3327/3643
f 6406/3300/3613 6407/3302/3615 6418/3327/3643
f 6413/3328/3644 6406/3300/3645 6412/3329/3646
f 6526/3330/3647 6480/3331/3648 6479/3332/3649
f 6426/3326/3642 6417/3333/3650 6418/3327/3643
f 6477/3334/3651 6526/3330/3647 6479/3332/3649
f 6429/3318/3633 6430/3319/3635 6416/3335/3652
f 6478/3336/3653 6451/3337/3654 6524/3338/3655
f 6403/3339/3656 6404/3321/3657 6413/3340/3658
f 6486/3341/3659 6476/3342/3660 6460/3343/3661
f 6483/3344/3662 6479/3332/3649 6402/3345/3663
f 6478/3336/3653 6524/3338/3655 6528/3346/3664
f 6541/3347/3665 6536/3311/3666 6482/3348/3667
f 6403/3339/3656 6413/3340/3658 6405/3349/3668
f 6448/3350/3669 6477/3334/3651 6479/3332/3649
f 6528/3346/3664 6477/3334/3651 6448/3350/3669
f 6450/3351/3670 6460/3352/3671 6487/3325/3641
f 6482/3348/3667 6536/3311/3666 6486/3341/3672
f 6450/3351/3670 6487/3325/3641 6451/3324/3640
f 6416/3353/3673 6406/3354/3674 6428/3355/3675
f 6416/3353/3673 6428/3355/3675 6418/3327/3643
f 6568/3356/3676 6459/3357/3677 6478/3336/3678
f 6454/3358/3679 6482/3348/3667 6486/3341/3672
f 6441/3359/3680 6404/3360/3681 6446/3361/3682
f 6479/3332/3649 6483/3344/3662 6440/3362/3683
f 6403/3339/3656 6405/3349/3668 6441/3363/3684
f 6449/3364/3685 6528/3346/3664 6448/3350/3669
f 6478/3336/3653 6528/3346/3664 6449/3364/3685
f 6448/3350/3669 6479/3332/3649 6440/3362/3683
f 6453/3365/3686 6460/3352/3671 6450/3351/3670
f 6454/3358/3687 6460/3352/3671 6453/3365/3686
f 6567/3366/3688 6541/3316/3689 6550/3367/3690
f 6461/3368/3691 6482/3348/3667 6454/3358/3679
f 6418/3327/3643 6417/3333/3650 6416/3353/3673
f 6405/3369/3692 6406/3354/3674 6416/3353/3673
f 6567/3370/3693 6482/3348/3667 6462/3371/3694
f 6462/3371/3694 6482/3348/3667 6461/3368/3691
f 6441/3372/3695 6440/3362/3696 6402/3322/3697
f 6423/3373/3698 6405/3369/3692 6416/3353/3673
f 6450/3351/3670 6451/3324/3640 6568/3356/3699
f 6444/3374/3700 6440/3362/3696 6441/3372/3695
f 6533/3375/3701 6462/3371/3694 6461/3368/3691
f 6445/3376/3702 6440/3362/3696 6444/3374/3700
f 6415/3377/3703 6405/3369/3692 6439/3378/3704
f 6450/3351/3670 6568/3356/3699 6481/3379/3705
f 6439/3378/3704 6405/3369/3692 6423/3373/3698
f 6425/3380/3706 6441/3363/3707 6415/3377/3708
f 6481/3379/3705 6568/3356/3699 6449/3381/3709
f 6443/3382/3710 6441/3359/3711 6442/3383/3712
f 6449/3384/3713 6445/3376/3702 6444/3374/3700
f 6455/3385/3714 6453/3386/3715 6456/3387/3716
f 6533/3388/3717 6567/3389/3718 6534/3390/3719
f 6457/3391/3720 6453/3386/3715 6455/3385/3714
f 6444/3374/3700 6441/3372/3695 6513/3392/3721
f 6443/3382/3722 6415/3393/3723 6447/3394/3724
f 6535/3395/3725 6449/3364/3726 6452/3396/3727
f 6533/3388/3728 6453/3397/3729 6516/3398/3730
f 6455/3385/3714 6456/3387/3716 6518/3399/3731
f 6449/3384/3713 6444/3374/3700 6458/3400/3732
f 6512/3401/3733 6513/3402/3734 6443/3403/3735
f 6518/3399/3731 6456/3387/3716 6481/3404/3736
f 6419/3405/3737 6416/3406/3738 6424/3407/3739
f 6421/3408/3740 6423/3373/3698 6422/3409/3741
f 6421/3408/3740 6439/3378/3704 6423/3373/3698
f 6606/3410/3742 6443/3382/3722 6447/3394/3724
f 6500/3411/3743 6606/3410/3742 6447/3394/3724
f 6514/3412/3744 6513/3402/3734 6512/3401/3733
f 6565/3413/3745 6535/3395/3725 6452/3396/3727
f 6421/3408/3740 6422/3409/3741 6419/3405/3737
f 6636/3414/3746 6533/3415/3747 6520/3416/3748
f 6563/3417/3749 6533/3388/3728 6516/3398/3730
f 6420/3418/3750 6419/3405/3737 6424/3407/3739
f 6515/3419/3751 6514/3412/3744 6512/3401/3733
f 6421/3408/3740 6419/3405/3737 6420/3418/3750
f 6636/3420/3752 6521/3421/3753 6567/3422/3754
f 6424/3407/3739 6600/3423/3755 6420/3418/3750
f 6515/3419/3751 6512/3401/3733 6500/3411/3756
f 6493/3424/3757 6494/3425/3758 6514/3412/3744
f 6600/3426/3759 6416/3427/3760 6616/3428/3761
f 6563/3429/3762 6481/3430/3763 6565/3431/3764
f 6500/3411/3743 6447/3394/3724 6638/3432/3765
f 6511/3433/3766 6515/3419/3751 6500/3411/3756
f 6563/3434/3767 6455/3385/3714 6517/3435/3768
f 6457/3391/3720 6455/3385/3714 6563/3434/3767
f 6636/3420/3752 6574/3436/3769 6521/3421/3753
f 6563/3434/3767 6517/3435/3768 6518/3437/3770
f 6521/3421/3753 6574/3436/3769 6520/3416/3771
f 6501/3438/3772 6447/3439/3773 6507/3440/3774
f 6493/3424/3757 6514/3412/3744 6515/3419/3751
f 6420/3418/3750 6600/3423/3755 6510/3441/3775
f 6496/3442/3776 6493/3424/3757 6515/3419/3751
f 6502/3443/3777 6439/3444/3778 6633/3445/3779
f 6563/3429/3762 6565/3431/3764 6564/3446/3780
f 6505/3447/3781 6503/3448/3782 6633/3445/3779
f 6493/3424/3757 6565/3449/3783 6494/3425/3758
f 6633/3445/3779 6503/3448/3782 6502/3443/3777
f 6503/3448/3782 6505/3447/3781 6504/3450/3784
f 6484/3451/3785 6565/3413/3786 6555/3452/3787
f 6504/3450/3784 6505/3447/3781 6510/3453/3788
f 6507/3440/3789 6439/3444/3778 6502/3443/3777
f 6520/3416/3771 6563/3454/3790 6521/3421/3753
f 6500/3455/3791 6501/3438/3772 6496/3456/3792
f 6565/3449/3783 6493/3424/3757 6488/3457/3793
f 6496/3456/3792 6501/3438/3772 6507/3440/3774
f 6506/3458/3794 6503/3448/3782 6504/3450/3784
f 6555/3459/3795 6563/3429/3762 6564/3446/3780
f 6488/3457/3793 6493/3424/3757 6490/3460/3796
f 6569/3461/3797 6502/3443/3777 6503/3448/3782
f 6519/3462/3798 6563/3463/3799 6522/3464/3800
f 6496/3456/3792 6507/3440/3774 6497/3465/3801
f 6510/3466/3802 6616/3467/3803 6508/3468/3804
f 6497/3465/3801 6507/3440/3774 6615/3469/3805
f 6506/3470/3806 6508/3468/3804 6616/3467/3803
f 6497/3465/3801 6615/3469/3805 6498/3471/3807
f 6488/3472/3808 6491/3473/3809 6555/3474/3810
f 6492/3475/3811 6496/3456/3792 6495/3476/3812
f 6490/3477/3813 6492/3475/3811 6495/3476/3812
f 6522/3478/3814 6558/3479/3815 6555/3480/3816
f 6497/3465/3801 6495/3476/3812 6496/3456/3792
f 6555/3481/3817 6490/3482/3818 6489/3483/3817
f 6489/3484/3819 6498/3471/3807 6569/3485/3820
f 6557/3486/3821 6554/3487/3822 6555/3480/3823
f 6489/3484/3819 6497/3465/3801 6498/3471/3807
f 6566/3488/3824 6522/3489/3825 6556/3490/3826
f 6560/3491/3827 6499/3492/3828 6489/3493/3829
f 6489/3494/3830 6495/3476/3831 6632/3495/3832
f 6555/3496/3833 6560/3497/3834 6559/3498/3835
f 6561/3499/3836 6559/3498/3835 6560/3497/3834
f 6566/3488/3837 6554/3487/3822 6557/3486/3821
f 6562/3500/3838 6560/3491/3827 6489/3493/3829
f 7038/3501/3839 7041/3502/3840 7040/3503/3841
f 7054/3504/3842 7055/3505/3843 7053/3506/3844
f 7105/3507/3845 7102/3508/3846 7109/3509/3847
f 7104/3510/3848 7102/3508/3846 7105/3507/3845
f 7100/3511/3849 7102/3508/3846 7104/3510/3848
f 7113/3512/3850 7114/3513/3851 7115/3514/3852
f 7120/3515/3853 7118/3516/3854 7119/3517/3855
f 7145/3518/3856 7146/3519/3856 7152/3520/3856
f 7146/3521/3857 7149/3522/3857 7148/3523/3857
f 7170/3524/3858 7168/3525/3859 7169/3526/3860
f 7166/3527/3861 7169/3526/3860 7168/3525/3859
f 7166/3527/3861 7167/3528/3862 7169/3526/3860
f 7194/3529/3863 7195/3530/3864 7196/3531/3865
f 7213/3532/3866 7214/3533/3867 7212/3534/3868
f 7221/3535/3869 7217/3536/3870 7218/3537/3871
f 7225/3538/3872 7221/3539/3873 7222/3540/3874
f 7240/3541/3875 7243/3542/3876 7242/3543/3877
f 7250/3544/3878 7252/3545/3879 7249/3546/3880
f 7249/3546/3880 7252/3545/3879 7248/3547/3881
f 7321/3548/3882 7313/3549/3883 7309/3550/3884
f 7347/3551/3885 7313/3552/3886 7322/3553/3887
f 7347/3551/3885 7322/3553/3887 7312/3554/3888
f 7483/3555/3889 7485/3556/3890 7484/3557/3891
f 7309/3550/3884 7313/3549/3883 7310/3558/3892
f 7322/3553/3887 7341/3559/3893 7312/3554/3888
f 7322/3553/3887 7309/3560/3894 7341/3559/3893
f 7345/3561/3895 7312/3562/3896 7305/3563/3897
f 7369/3564/3898 7368/3565/3899 7367/3566/3900
f 7308/3567/3901 7313/3568/3902 7320/3569/3903
f 7342/3570/3904 7345/3561/3895 7305/3563/3897
f 7309/3560/3894 7308/3567/3901 7307/3571/3905
f 7307/3571/3905 7308/3567/3901 7320/3569/3903
f 7309/3560/3894 7307/3571/3905 7341/3559/3893
f 7342/3570/3904 7344/3572/3906 7345/3561/3895
f 7345/3573/3907 7346/3574/3908 7319/3575/3909
f 7320/3569/3903 7313/3568/3902 7333/3576/3910
f 7342/3570/3911 7341/3577/3912 7306/3578/3913
f 7326/3579/3914 7341/3559/3893 7307/3571/3905
f 7327/3580/3915 7328/3581/3916 7302/3582/3917
f 7307/3583/3918 7333/3584/3919 7340/3585/3920
f 7327/3580/3915 7326/3586/3921 7328/3581/3916
f 7306/3578/3913 7341/3577/3912 7317/3587/3922
f 7313/3588/3923 7331/3589/3924 7332/3590/3925
f 7343/3591/3926 7319/3575/3909 7346/3574/3908
f 7317/3587/3922 7341/3577/3912 7302/3592/3927
f 7314/3593/3928 7311/3594/3929 7307/3583/3918
f 7343/3591/3930 7306/3595/3931 7300/3596/3932
f 7307/3583/3918 7340/3585/3920 7314/3593/3928
f 7300/3596/3932 7297/3597/3933 7343/3591/3930
f 7300/3596/3932 7302/3598/3934 7301/3599/3935
f 7326/3600/3936 7314/3601/3937 7356/3602/3938
f 7300/3596/3932 7301/3599/3935 7297/3597/3933
f 7303/3603/3939 7326/3604/3940 7315/3605/3941
f 7315/3605/3941 7326/3604/3940 7316/3606/3942
f 7297/3597/3943 7296/3607/3944 7319/3608/3945
f 7303/3603/3939 7315/3605/3941 7304/3609/3946
f 7302/3598/3947 7303/3603/3939 7304/3609/3946
f 7314/3610/3948 7338/3611/3949 7339/3612/3950
f 7339/3612/3950 7338/3611/3949 7316/3613/3951
f 7302/3614/3952 7297/3597/3943 7298/3615/3953
f 7296/3607/3944 7297/3597/3943 7302/3614/3952
f 7318/3616/3954 7295/3617/3955 7319/3608/3956
f 7270/3618/3957 7364/3619/3958 7267/3620/3959
f 7302/3614/3960 7337/3621/3961 7315/3622/3962
f 7299/3623/3963 7302/3614/3960 7315/3622/3962
f 7315/3605/3941 7316/3606/3942 7324/3624/3964
f 7323/3625/3965 7329/3626/3966 7316/3627/3967
f 7295/3628/3968 7294/3629/3969 7293/3630/3970
f 7315/3605/3941 7324/3624/3964 7323/3631/3971
f 7293/3632/3972 7319/3608/3945 7296/3607/3944
f 7299/3623/3963 7315/3622/3962 7330/3633/3973
f 7335/3634/3974 7295/3628/3968 7293/3630/3970
f 7277/3635/3975 7323/3636/3976 7271/3637/3977
f 7284/3638/3978 7289/3639/3979 7315/3640/3980
f 7335/3634/3974 7293/3630/3970 7292/3641/3981
f 7323/3636/3976 7277/3635/3975 7274/3642/3982
f 7289/3639/3983 7299/3643/3984 7290/3644/3985
f 7291/3645/3986 7335/3634/3974 7292/3641/3981
f 7315/3646/3987 7325/3647/3988 7275/3648/3989
f 7272/3649/3990 7325/3647/3988 7274/3642/3991
f 7296/3650/3992 7299/3643/3993 7285/3651/3994
f 7276/3652/3995 7315/3653/3996 7286/3654/3997
f 7275/3648/3989 7325/3647/3988 7272/3649/3990
f 7291/3645/3998 7296/3655/3999 7334/3656/4000
f 7275/3648/3989 7272/3649/3990 7273/3657/4001
f 7285/3658/4002 7289/3639/3979 7284/3638/3978
f 7286/3659/4003 7275/3660/4004 7282/3661/4005
f 7296/3655/3999 7354/3662/4006 7334/3656/4000
f 7275/3660/4004 7349/3663/4007 7282/3661/4005
f 7272/3649/3990 7282/3664/4008 7273/3657/4001
f 7286/3659/4003 7282/3661/4005 7281/3665/4009
f 7284/3638/3978 7286/3659/4003 7281/3665/4009
f 7334/3656/4000 7336/3666/4010 7291/3645/3998
f 7334/3656/4000 7354/3662/4006 7361/3667/4011
f 7288/3668/4012 7284/3638/3978 7281/3665/4009
f 7285/3658/4002 7284/3638/3978 7288/3668/4012
f 7288/3668/4012 7351/3669/4013 7361/3670/4014
f 7361/3670/4014 7353/3671/4015 7288/3668/4012
f 7353/3671/4015 7285/3658/4002 7288/3668/4012
f 7263/3672/4016 7264/3673/4017 7265/3674/4018
f 7281/3665/4009 7282/3661/4005 7278/3675/4019
f 7272/3676/4020 7277/3677/4021 7278/3675/4022
f 7272/3676/4020 7278/3675/4022 7279/3678/4023
f 7334/3656/4000 7352/3679/4024 7348/3680/4025
f 7278/3675/4022 7277/3677/4021 7287/3681/4026
f 7351/3669/4013 7288/3668/4012 7348/3682/4027
f 7281/3665/4009 7278/3675/4019 7283/3683/4028
f 7283/3683/4028 7278/3675/4019 7280/3684/4029
f 7336/3666/4010 7334/3656/4000 7348/3680/4025
f 7281/3665/4009 7283/3683/4028 7358/3685/4030
f 7360/3686/4031 7287/3687/4032 7362/3688/4033
f 7358/3685/4030 7283/3683/4028 7359/3689/4034
f 7350/3690/4035 7280/3691/4036 7359/3692/4037
f 7359/3692/4037 7280/3691/4036 7360/3693/4038
f 7560/3694/4039 7559/3695/4040 7558/3696/4041
f 7568/3697/4042 7571/3698/4043 7572/3699/4044
f 7568/3697/4042 7570/3700/4045 7571/3698/4043
f 7605/3701/4046 7604/3702/4047 7603/3703/4048
f 7624/3704/4049 7621/3705/4050 7623/3706/4051
f 7625/3707/4052 7621/3705/4050 7624/3704/4049
f 7624/3704/4049 7623/3706/4051 7622/3708/4053
f 7624/3704/4049 7622/3708/4053 7629/3709/4054
f 7645/3710/4055 7646/3711/4056 7644/3712/4057
f 7653/3713/4058 7651/3714/4059 7650/3715/4060
f 7661/3716/4061 7662/3717/4062 7663/3718/4063
f 7661/3716/4061 7666/3719/4064 7662/3717/4062
f 7660/3720/4065 7666/3719/4064 7661/3716/4061
f 7666/3719/4064 7668/3721/4066 7664/3722/4067
f 7660/3720/4065 7668/3721/4066 7666/3719/4064
f 7714/3723/4068 7713/3724/4068 7712/3725/4068
f 7708/3726/4069 7711/3727/4070 7707/3728/4071
f 7709/3729/4072 7708/3726/4069 7707/3728/4071
f 7758/3730/4073 7751/3731/4074 7754/3732/4075
f 7754/3732/4075 7751/3731/4074 7753/3733/4076
f 7754/3734/4077 7750/3735/4078 7756/3736/4079
f 7803/3737/4080 7804/3738/4081 7802/3739/4082
f 7815/3740/4083 7813/3741/4084 7814/3742/4085
f 7804/3738/4081 7806/3743/4086 7802/3739/4082
f 7802/3739/4082 7806/3743/4086 7807/3744/4087
f 7806/3743/4086 7808/3745/4088 7807/3744/4087
f 7829/3746/4089 7830/3747/4090 7827/3748/4091
f 7870/3749/4092 7872/3750/4093 7871/3751/4094
f 7872/3752/4095 7877/3753/4096 7876/3754/4097
f 7880/3755/4098 7877/3753/4096 7873/3756/4099
f 7872/3752/4095 7873/3756/4099 7877/3753/4096
f 7988/3757/4100 8041/3758/4101 7962/3759/4102
f 8020/3760/4103 8040/3761/4104 8006/3762/4105
f 8023/3763/4106 8020/3764/4107 8019/3765/4108
f 7989/3766/4109 8023/3767/4110 8026/3768/4111
f 8032/3769/4112 8004/3770/4113 8006/3771/4114
f 7962/3772/4115 7989/3766/4109 7990/3773/4116
f 7990/3773/4116 7989/3766/4109 8030/3774/4117
f 7989/3766/4109 8026/3768/4111 8030/3774/4117
f 8025/3775/4118 8024/3776/4119 7970/3777/4120
f 8030/3774/4117 8014/3778/4121 7990/3773/4116
f 8027/3779/4122 8019/3780/4123 8021/3781/4124
f 7961/3782/4125 7962/3783/4126 8014/3784/4127
f 8005/3785/4128 8006/3771/4114 8004/3770/4113
f 8002/3786/4129 8005/3785/4128 8004/3770/4113
f 7961/3782/4125 8014/3784/4127 7960/3787/4130
f 8022/3788/4131 8042/3789/4132 8021/3781/4133
f 8018/3790/4134 7970/3791/4135 7965/3792/4136
f 8014/3778/4121 8030/3774/4117 8017/3793/4137
f 8030/3774/4117 8018/3794/4138 8017/3793/4137
f 8042/3789/4132 8022/3788/4131 7910/3795/4139
f 7910/3796/4140 8027/3797/4141 8028/3798/4142
f 7965/3799/4143 7969/3800/4144 7966/3801/4145
f 8000/3802/4146 8007/3803/4147 8002/3786/4148
f 8003/3804/4149 8007/3803/4147 8000/3802/4146
f 7966/3805/4150 8027/3797/4141 7910/3796/4140
f 7961/3806/4151 8017/3807/4152 7958/3808/4153
f 7968/3809/4154 7965/3799/4155 8017/3810/4156
f 7957/3811/4157 8036/3812/4158 7961/3813/4159
f 7960/3787/4160 8015/3814/4161 8017/3810/4162
f 8017/3810/4156 7965/3799/4155 7994/3815/4163
f 7956/3816/4164 7961/3806/4151 7958/3808/4153
f 8003/3817/4165 7996/3818/4166 8005/3819/4167
f 7967/3820/4168 7965/3799/4143 7966/3801/4145
f 8010/3821/4169 8003/3817/4170 7998/3822/4171
f 7910/3823/4172 7996/3818/4173 8010/3824/4174
f 7956/3816/4164 7958/3808/4153 7959/3825/4175
f 7906/3826/4176 7942/3827/4177 7965/3828/4178
f 7966/3829/4179 7942/3827/4177 7906/3826/4176
f 8000/3830/4180 8013/3831/4181 7998/3822/4182
f 7909/3832/4183 7913/3833/4184 7966/3805/4185
f 7964/3834/4186 7963/3835/4187 7957/3836/4188
f 7905/3837/4189 7966/3829/4179 7907/3838/4190
f 7905/3837/4189 7942/3827/4177 7966/3829/4179
f 7957/3839/4191 7959/3825/4192 7952/3840/4193
f 7943/3841/4194 7959/3842/4195 7994/3843/4196
f 7905/3837/4189 7907/3838/4190 7909/3844/4197
f 7966/3845/4198 7995/3846/4199 8011/3847/4200
f 7900/3848/4201 7943/3841/4194 7994/3843/4196
f 7995/3846/4199 8010/3821/4202 8011/3847/4200
f 7951/3849/4203 7952/3840/4193 7959/3825/4192
f 7908/3850/4204 7905/3837/4189 7909/3844/4197
f 7912/3851/4205 7966/3852/4206 7941/3853/4207
f 7911/3854/4208 7941/3853/4207 7966/3852/4206
f 7951/3849/4203 7959/3825/4192 7955/3855/4209
f 8011/3847/4200 8010/3821/4202 8009/3856/4210
f 7998/3822/4182 8013/3831/4181 8001/3857/4211
f 7997/3858/4212 8009/3856/4210 8010/3821/4202
f 8009/3859/4213 7941/3853/4207 7911/3854/4208
f 8001/3857/4211 7997/3858/4214 7998/3822/4182
f 7901/3860/4215 7900/3861/4216 7905/3862/4217
f 7900/3848/4201 7950/3863/4218 7943/3841/4194
f 7937/3864/4219 7909/3865/4220 7941/3866/4221
f 7936/3867/4222 7909/3865/4220 7937/3864/4219
f 7901/3860/4215 7899/3868/4223 7900/3861/4216
f 7963/3869/4224 7952/3840/4193 7986/3870/4225
f 8083/3871/4226 8081/3872/4227 8080/3873/4228
f 7997/3858/4214 7999/3874/4229 8008/3875/4230
f 7997/3858/4214 8001/3857/4211 7999/3874/4229
f 7952/3840/4193 7951/3849/4203 7986/3870/4225
f 7903/3876/4231 7901/3860/4232 7908/3877/4233
f 8033/3878/4234 7999/3874/4229 8001/3857/4211
f 7980/3879/4235 7963/3835/4236 8035/3880/4237
f 7937/3864/4219 7915/3881/4238 7936/3867/4222
f 7944/3882/4239 7899/3868/4223 7901/3860/4215
f 7899/3868/4223 7944/3882/4239 7902/3883/4240
f 7903/3884/4241 7936/3867/4222 7915/3881/4238
f 8008/3885/4242 7992/3886/4243 8009/3887/4244
f 8009/3887/4244 7992/3886/4243 7934/3888/4245
f 7947/3889/4246 7949/3890/4247 7948/3891/4248
f 7980/3892/4249 7981/3893/4250 7979/3894/4251
f 7944/3895/4252 7947/3889/4246 7948/3891/4248
f 8035/3880/4253 7986/3870/4254 7985/3896/4255
f 7951/3897/4256 7940/3898/4257 7985/3899/4258
f 7947/3900/4259 7940/3898/4257 7951/3897/4256
f 7904/3901/4260 7944/3902/4261 7903/3876/4262
f 7992/3903/4263 7993/3904/4264 7922/3905/4265
f 7904/3901/4260 7914/3906/4266 7944/3902/4261
f 7992/3903/4263 7922/3905/4265 7991/3907/4267
f 8009/3908/4268 7991/3907/4267 7922/3905/4265
f 7932/3909/4269 7944/3895/4270 7945/3910/4271
f 7983/3911/4272 7981/3912/4273 7985/3913/4274
f 7935/3914/4275 7915/3915/4276 8009/3916/4277
f 7944/3917/4278 7939/3918/4279 7940/3919/4280
f 7985/3896/4281 7984/3920/4282 7939/3921/4283
f 7979/3922/4284 7978/3923/4285 7982/3924/4286
f 7922/3925/4287 7921/3926/4288 7935/3927/4289
f 7971/3928/4290 7914/3906/4266 7904/3901/4260
f 7932/3929/4291 7977/3930/4292 7939/3931/4293
f 7917/3932/4294 7971/3928/4295 7915/3933/4296
f 7931/3934/4297 7977/3930/4292 7932/3929/4291
f 7916/3935/4298 7917/3932/4294 7915/3933/4296
f 7938/3936/4299 7977/3937/4300 7985/3938/4301
f 7982/3924/4286 7978/3923/4285 7975/3939/4302
f 7971/3940/4303 7929/3941/4304 7931/3934/4297
f 7933/3942/4305 7977/3930/4292 7931/3934/4297
f 7971/3940/4303 7918/3943/4306 7929/3941/4304
f 7983/3944/4307 7977/3945/4308 7972/3946/4309
f 7929/3941/4304 7974/3947/4310 7931/3934/4297
f 7921/3926/4288 7922/3925/4287 7920/3948/4311
f 7921/3926/4288 7920/3948/4311 7917/3949/4312
f 7974/3947/4310 7933/3942/4305 7931/3934/4297
f 7982/3924/4286 7976/3950/4313 8034/3951/4314
f 7975/3939/4302 7976/3950/4313 7982/3924/4286
f 7920/3948/4311 7923/3952/4315 7917/3949/4312
f 7923/3952/4315 7919/3953/4316 7917/3949/4312
f 7918/3954/4317 7953/3955/4318 7927/3956/4319
f 7976/3950/4313 7975/3939/4302 7977/3957/4320
f 8208/3958/4321 8207/3959/4322 8209/3960/4323
f 7953/3955/4318 7974/3961/4324 7927/3956/4319
f 7917/3962/4325 7924/3963/4326 7953/3955/4327
f 7977/3957/4320 7987/3964/4328 7976/3950/4313
f 7976/3950/4313 7987/3964/4328 7933/3965/4329
f 7930/3966/4330 7953/3967/4331 7933/3968/4332
f 7926/3969/4333 7953/3955/4327 7924/3963/4326
f 7924/3963/4326 7925/3970/4334 7926/3969/4333
f 8300/3971/4335 8297/3972/4336 8298/3973/4337
f 8305/3974/4338 8304/3975/4339 8301/3976/4340
f 8310/3977/4341 8311/3978/4342 8312/3979/4343
f 8315/3980/4344 8316/3981/4345 8314/3982/4346
f 8341/3983/4347 8346/3984/4348 8345/3985/4349
f 8341/3983/4347 8344/3986/4350 8346/3984/4348
f 8343/3987/4351 8344/3986/4350 8341/3983/4347
f 8357/3988/4352 8358/3989/4353 8359/3990/4354
f 8368/3991/4355 8369/3992/4356 8370/3993/4357
f 8397/3994/4358 8395/3995/4359 8396/3996/4360
f 8395/3995/4359 8394/3997/4361 8396/3996/4360
f 8752/3998/4362 8659/3999/4363 8660/4000/4364
f 8658/4001/4365 8657/4002/4366 8660/4003/4367
f 8532/4004/4368 8656/4005/4369 8657/4006/4370
f 8706/4007/4371 8666/4008/4372 8665/4009/4373
f 8666/4008/4372 8664/4010/4374 8665/4009/4373
f 8706/4007/4371 8665/4009/4373 8532/4011/4375
f 8522/4012/4376 8523/4013/4377 8560/4014/4378
f 8793/4015/4379 8752/3998/4362 8660/4000/4364
f 8711/4016/4380 8482/4017/4381 8522/4018/4382
f 8782/4019/4383 8752/4020/4384 8753/4021/4385
f 8753/4021/4385 8660/4003/4386 8661/4022/4387
f 8482/4017/4381 8509/4023/4388 8522/4018/4382
f 8509/4023/4388 8530/4024/4389 8560/4025/4390
f 8509/4023/4388 8482/4017/4381 8521/4026/4391
f 8660/4003/4386 8656/4027/4392 8661/4022/4387
f 8656/4005/4369 8532/4004/4368 8668/4028/4393
f 8520/4029/4394 8509/4023/4388 8521/4026/4391
f 8753/4021/4385 8661/4022/4387 8782/4019/4383
f 8664/4030/4395 8530/4031/4396 8529/4032/4397
f 8532/4033/4398 8529/4034/4399 8533/4035/4400
f 8509/4023/4388 8486/4036/4401 8530/4024/4389
f 8520/4029/4394 8486/4036/4401 8509/4023/4388
f 8529/4034/4399 8496/4037/4402 8533/4035/4400
f 8521/4026/4391 8482/4017/4381 8480/4038/4403
f 8444/4039/4404 8449/4040/4405 8482/4017/4406
f 8477/4041/4407 8520/4029/4394 8521/4026/4391
f 8457/4042/4408 8443/4043/4409 8765/4044/4410
f 8444/4039/4404 8445/4045/4411 8449/4040/4405
f 8444/4039/4404 8443/4046/4412 8445/4045/4411
f 8529/4032/4397 8530/4031/4396 8531/4047/4413
f 8457/4042/4408 8567/4048/4414 8448/4049/4415
f 8457/4042/4408 8448/4049/4415 8443/4043/4409
f 8497/4050/4416 8661/4051/4417 8668/4052/4418
f 8448/4049/4415 8567/4048/4414 8458/4053/4419
f 8782/4054/4420 8751/4055/4421 8785/4056/4422
f 8497/4057/4423 8533/4035/4424 8495/4058/4425
f 8487/4059/4426 8477/4060/4427 8486/4036/4428
f 8449/4061/4429 8443/4062/4430 8473/4063/4431
f 8714/4064/4432 8713/4065/4433 8712/4066/4434
f 8448/4049/4415 8458/4053/4419 8459/4067/4435
f 8496/4068/4436 8527/4069/4437 8495/4058/4438
f 9116/4070/4439 9117/4071/4440 9118/4072/4441
f 8480/4038/4442 8473/4063/4431 8481/4073/4443
f 8530/4031/4444 8528/4074/4445 8527/4069/4437
f 8477/4075/4446 8480/4076/4447 8535/4077/4448
f 8752/4078/4449 8786/4079/4450 8769/4080/4451
f 8528/4074/4445 8485/4081/4452 8527/4069/4437
f 8781/4082/4453 8716/4083/4454 8714/4084/4455
f 8494/4085/4456 8495/4058/4438 8527/4069/4437
f 8492/4086/4457 8494/4085/4456 8527/4069/4437
f 8486/4087/4458 8485/4088/4459 8501/4089/4458
f 8481/4073/4443 8473/4063/4431 8474/4090/4460
f 8443/4062/4430 8479/4091/4461 8473/4063/4431
f 8448/4049/4415 8459/4067/4435 8447/4092/4462
f 8567/4093/4463 8566/4094/4464 8461/4095/4465
f 8713/4065/4433 8708/4096/4466 8712/4066/4434
f 8485/4081/4452 8492/4086/4457 8527/4069/4437
f 8479/4091/4461 8474/4090/4460 8473/4063/4431
f 8566/4094/4464 8565/4097/4467 8461/4095/4465
f 8565/4097/4467 8569/4098/4468 8556/4099/4469
f 8441/4100/4470 8475/4101/4471 8479/4091/4461
f 8446/4102/4472 8456/4103/4473 8443/4062/4474
f 8448/4049/4415 8447/4092/4462 8446/4102/4472
f 8479/4091/4461 8475/4101/4471 8474/4090/4460
f 8441/4100/4475 8443/4104/4476 8440/4105/4477
f 8712/4066/4434 8708/4096/4466 8569/4098/4478
f 8491/4106/4479 8494/4085/4456 8492/4086/4457
f 8481/4073/4443 8476/4107/4480 8477/4108/4481
f 8476/4107/4480 8481/4073/4443 8474/4090/4460
f 8443/4062/4474 8456/4103/4473 8662/4109/4482
f 8459/4067/4435 8460/4110/4483 8450/4111/4484
f 8492/4086/4457 8485/4081/4452 8776/4112/4485
f 8688/4113/4486 8440/4105/4477 8443/4104/4476
f 8447/4092/4462 8456/4103/4473 8446/4102/4472
f 8485/4114/4487 8489/4115/4488 8490/4116/4489
f 8459/4067/4435 8450/4111/4484 8447/4092/4462
f 8782/4117/4490 8771/4118/4491 8769/4119/4492
f 8572/4120/4493 8492/4086/4457 8776/4112/4485
f 8460/4121/4494 8461/4095/4495 8463/4122/4496
f 8478/4123/4497 8474/4090/4460 8475/4101/4471
f 8565/4097/4467 8556/4099/4469 8461/4095/4465
f 8714/4124/4498 8740/4125/4499 8708/4126/4500
f 8782/4127/4501 8783/4128/4502 8774/4129/4503
f 8450/4111/4484 8451/4130/4504 8447/4092/4462
f 8463/4122/4496 8461/4095/4495 8462/4131/4505
f 8477/4132/4506 8582/4133/4507 8485/4134/4508
f 8688/4113/4486 8478/4135/4509 8440/4105/4477
f 8766/4136/4510 8783/4128/4511 8497/4137/4512
f 8490/4116/4489 8489/4115/4488 8488/4138/4513
f 8477/4060/4514 8483/4139/4515 8484/4140/4516
f 8476/4107/4480 8474/4090/4460 8484/4141/4517
f 8461/4095/4465 8556/4099/4469 8464/4142/4518
f 8488/4138/4513 8572/4120/4519 8490/4116/4489
f 8769/4119/4492 8771/4118/4491 8770/4143/4520
f 8494/4085/4456 8491/4106/4479 8493/4144/4521
f 8572/4120/4519 8488/4138/4513 8491/4106/4522
f 8450/4111/4484 8465/4145/4523 8451/4130/4504
f 8462/4131/4505 8464/4142/4524 8463/4122/4496
f 8556/4099/4469 8468/4146/4525 8464/4142/4518
f 8484/4141/4517 8474/4090/4460 8435/4147/4526
f 8478/4135/4527 8435/4148/4528 8667/4149/4529
f 8456/4103/4473 8536/4150/4530 8662/4109/4482
f 8452/4151/4531 8451/4130/4504 8465/4145/4523
f 8662/4109/4482 8536/4150/4530 8478/4152/4532
f 8451/4130/4533 8453/4153/4534 8472/4154/4535
f 8742/4155/4536 8718/4156/4537 8740/4157/4538
f 8767/4158/4539 8766/4159/4540 8494/4085/4541
f 8456/4103/4473 8447/4092/4462 8455/4160/4542
f 8778/4161/4543 8782/4127/4501 8768/4162/4544
f 8782/4127/4501 8774/4129/4503 8768/4162/4544
f 8447/4092/4462 8453/4163/4545 8455/4160/4542
f 8770/4143/4520 8768/4164/4546 8769/4119/4492
f 8493/4144/4521 8564/4165/4547 8494/4085/4456
f 8488/4166/4548 8485/4088/4549 8791/4167/4550
f 8455/4160/4542 8454/4168/4551 8456/4103/4473
f 8464/4142/4524 8467/4169/4552 8463/4122/4496
f 8464/4142/4524 8747/4170/4553 8467/4169/4552
f 8742/4155/4536 8743/4171/4554 8718/4156/4537
f 8777/4172/4555 8767/4158/4539 8494/4085/4541
f 8491/4106/4522 8488/4138/4513 8524/4173/4556
f 8556/4099/4469 8710/4174/4557 8468/4146/4525
f 8778/4161/4543 8768/4162/4544 8779/4175/4558
f 8745/4176/4559 8493/4144/4521 8491/4106/4479
f 8463/4122/4496 8467/4169/4552 8465/4177/4560
f 8791/4167/4550 8432/4178/4561 8488/4166/4548
f 8582/4179/4562 8484/4180/4563 8432/4181/4564
f 8767/4158/4539 8774/4129/4565 8766/4159/4540
f 8432/4178/4561 8498/4182/4566 8488/4166/4548
f 8718/4156/4537 8743/4171/4554 8569/4183/4567
f 8750/4184/4568 8767/4158/4539 8777/4172/4555
f 8468/4146/4525 8710/4174/4557 8549/4185/4569
f 8510/4186/4570 8525/4187/4571 8524/4173/4556
f 8510/4186/4570 8524/4173/4556 8488/4138/4513
f 8710/4188/4572 8569/4189/4573 8748/4190/4574
f 8743/4171/4554 8734/4191/4575 8569/4183/4567
f 8549/4185/4569 8547/4192/4576 8468/4146/4525
f 8750/4184/4577 8564/4165/4547 8493/4144/4521
f 8432/4181/4564 8484/4180/4563 8429/4193/4578
f 8466/4194/4579 8467/4195/4580 8452/4151/4581
f 8710/4188/4572 8748/4190/4574 8749/4196/4582
f 8557/4197/4583 8435/4198/4584 8439/4199/4585
f 8435/4148/4586 8536/4200/4587 8442/4201/4588
f 8725/4202/4589 8558/4203/4590 8453/4204/4591
f 8525/4187/4571 8493/4205/4592 8524/4173/4556
f 8755/4206/4593 8767/4207/4594 8754/4208/4595
f 8499/4209/4596 8498/4182/4597 8500/4210/4598
f 8558/4203/4590 8725/4202/4589 8536/4211/4599
f 8526/4212/4600 8739/4213/4601 8750/4184/4577
f 8499/4214/4602 8511/4215/4603 8510/4186/4604
f 8743/4171/4554 8733/4216/4605 8734/4191/4575
f 8526/4212/4600 8750/4184/4577 8493/4144/4521
f 8767/4217/4606 8790/4218/4607 8768/4164/4608
f 8526/4219/4609 8525/4220/4610 8511/4221/4611
f 8430/4222/4612 8435/4223/4613 8438/4224/4614
f 8468/4146/4525 8538/4225/4615 8467/4195/4616
f 8548/4226/4617 8468/4146/4525 8547/4192/4576
f 8549/4185/4618 8749/4227/4619 8731/4228/4620
f 8734/4191/4575 8731/4228/4620 8749/4227/4619
f 8743/4171/4621 8720/4229/4622 8721/4230/4623
f 8722/4231/4624 8723/4232/4625 8720/4233/4626
f 8734/4191/4575 8733/4216/4605 8731/4228/4620
f 8429/4234/4627 8557/4235/4628 8430/4222/4612
f 8743/4171/4621 8721/4230/4623 8724/4236/4629
f 8511/4215/4603 8499/4214/4602 8512/4237/4630
f 8434/4238/4631 8499/4239/4632 8432/4181/4564
f 8570/4240/4633 8536/4241/4634 8436/4242/4635
f 8733/4216/4605 8732/4243/4636 8731/4228/4620
f 8743/4244/4637 8735/4245/4638 8732/4246/4639
f 8432/4181/4564 8433/4247/4640 8434/4238/4631
f 8432/4181/4564 8429/4193/4578 8433/4247/4640
f 8438/4224/4614 8437/4248/4641 8436/4249/4642
f 8725/4202/4589 8561/4250/4643 8536/4211/4599
f 8548/4226/4617 8538/4225/4615 8468/4146/4525
f 8729/4251/4644 8743/4171/4621 8724/4236/4629
f 8760/4252/4645 8754/4208/4595 8739/4213/4646
f 8540/4253/4647 8453/4254/4648 8467/4255/4649
f 8743/4256/4650 8728/4257/4651 8719/4258/4652
f 8755/4206/4593 8754/4208/4595 8787/4259/4653
f 8430/4222/4612 8438/4224/4614 8436/4249/4642
f 8470/4260/4654 8453/4254/4648 8540/4253/4647
f 8760/4252/4645 8739/4213/4646 8511/4221/4655
f 8512/4237/4630 8513/4261/4656 8511/4215/4603
f 8469/4262/4657 8470/4260/4654 8540/4253/4647
f 8728/4257/4651 8735/4263/4658 8719/4258/4652
f 8760/4252/4645 8787/4259/4653 8754/4208/4595
f 8502/4264/4659 8499/4209/4660 8505/4265/4661
f 8434/4238/4631 8433/4247/4640 8502/4266/4662
f 8503/4267/4663 8499/4209/4660 8502/4264/4659
f 8436/4249/4642 8428/4268/4664 8430/4222/4612
f 8727/4269/4665 8731/4228/4620 8732/4243/4636
f 8768/4270/4666 8775/4271/4667 8772/4272/4668
f 8787/4273/4669 8790/4274/4670 8780/4275/4671
f 8561/4250/4643 8546/4276/4672 8536/4211/4599
f 8538/4225/4673 8539/4277/4674 8540/4278/4675
f 8731/4228/4620 8577/4279/4676 8549/4185/4618
f 8514/4280/4677 8513/4261/4656 8512/4237/4630
f 8436/4281/4678 8546/4282/4679 8552/4283/4680
f 8728/4257/4651 8727/4284/4681 8735/4263/4658
f 8756/4285/4682 8787/4259/4653 8760/4252/4645
f 8471/4286/4683 8470/4260/4654 8544/4287/4684
f 8577/4279/4676 8548/4288/4685 8549/4185/4618
f 8787/4273/4669 8775/4289/4686 8790/4274/4670
f 8513/4261/4656 8514/4280/4677 8515/4290/4687
f 8428/4268/4664 8429/4234/4627 8430/4222/4612
f 8543/4291/4688 8546/4282/4689 8726/4292/4690
f 8543/4291/4688 8726/4292/4690 8725/4293/4691
f 8728/4257/4651 8738/4294/4692 8727/4284/4681
f 8724/4236/4693 8741/4295/4694 8728/4257/4651
f 8721/4230/4623 8722/4296/4695 8724/4236/4629
f 8789/4297/4696 8775/4271/4667 8768/4270/4666
f 8511/4221/4655 8515/4298/4697 8760/4252/4645
f 8583/4299/4698 8544/4287/4684 8470/4260/4654
f 8469/4262/4657 8583/4299/4698 8470/4260/4654
f 8787/4300/4699 8763/4301/4700 8762/4302/4701
f 8469/4262/4702 8539/4277/4703 8686/4303/4704
f 8581/4304/4705 8539/4305/4706 8548/4288/4707
f 8502/4264/4659 8506/4306/4708 8503/4267/4663
f 8728/4257/4651 8741/4295/4694 8738/4294/4692
f 8431/4307/4709 8502/4308/4710 8429/4234/4711
f 8428/4268/4664 8758/4309/4712 8429/4234/4627
f 8727/4269/4665 8579/4310/4713 8731/4228/4620
f 8515/4290/4687 8514/4280/4677 8504/4311/4714
f 8544/4312/4715 8469/4262/4702 8686/4303/4704
f 8515/4298/4697 8519/4313/4716 8760/4252/4645
f 8546/4282/4679 8551/4314/4717 8552/4283/4680
f 8761/4315/4718 8762/4316/4719 8760/4317/4720
f 8578/4318/4721 8577/4319/4722 8736/4320/4723
f 8516/4321/4724 8515/4290/4725 8518/4322/4726
f 8759/4323/4727 8757/4324/4728 8431/4325/4729
f 8731/4228/4620 8579/4310/4713 8578/4318/4730
f 8741/4326/4731 8792/4327/4732 8616/4328/4733
f 8420/4329/4734 8423/4330/4735 8429/4331/4736
f 8724/4236/4629 8722/4296/4695 8792/4332/4737
f 8573/4333/4738 8428/4334/4739 8551/4335/4740
f 8542/4336/4741 8543/4291/4688 8544/4312/4715
f 8630/4337/4742 8686/4303/4704 8539/4277/4703
f 8761/4315/4718 8764/4338/4743 8762/4316/4719
f 8519/4313/4716 8693/4339/4744 8760/4252/4645
f 8422/4340/4745 8759/4323/4746 8423/4330/4735
f 8423/4330/4735 8420/4329/4734 8422/4340/4745
f 8421/4341/4747 8420/4329/4734 8429/4331/4736
f 8686/4303/4704 8542/4336/4741 8544/4312/4715
f 8616/4328/4733 8792/4327/4732 8612/4342/4748
f 8504/4343/4749 8503/4267/4663 8506/4306/4708
f 8616/4328/4733 8615/4344/4750 8687/4345/4751
f 8722/4296/4695 8795/4346/4752 8792/4332/4737
f 8422/4340/4753 8506/4306/4754 8757/4347/4755
f 8555/4348/4756 8689/4349/4757 8546/4350/4758
f 8546/4282/4689 8543/4291/4688 8542/4336/4741
f 8588/4351/4759 8630/4352/4760 8581/4353/4761
f 8518/4354/4762 8517/4355/4763 8519/4356/4764
f 8730/4357/4765 8687/4358/4766 8727/4269/4767
f 8615/4344/4750 8616/4328/4733 8612/4342/4748
f 8574/4359/4768 8573/4360/4769 8546/4361/4770
f 8692/4362/4771 8760/4252/4645 8693/4339/4744
f 8504/4343/4772 8663/4363/4773 8517/4364/4774
f 8709/4365/4775 8775/4366/4776 8762/4367/4777
f 8663/4363/4778 8506/4368/4779 8640/4369/4780
f 8419/4370/4781 8420/4329/4734 8421/4341/4747
f 8428/4371/4782 8419/4370/4781 8421/4341/4747
f 8677/4372/4783 8615/4344/4750 8612/4342/4748
f 8640/4369/4780 8506/4368/4779 8641/4373/4784
f 8603/4374/4785 8579/4375/4786 8687/4376/4787
f 8555/4377/4788 8573/4360/4769 8574/4359/4768
f 8693/4339/4744 8517/4378/4789 8692/4362/4771
f 8418/4379/4790 8419/4380/4791 8573/4381/4792
f 8686/4303/4704 8541/4382/4793 8542/4336/4741
f 8612/4342/4748 8613/4383/4794 8677/4372/4783
f 8508/4384/4795 8507/4385/4796 8506/4306/4754
f 8687/4376/4787 8677/4372/4797 8603/4374/4785
f 8764/4338/4798 8692/4362/4771 8709/4386/4799
f 8575/4387/4800 8573/4360/4769 8555/4377/4788
f 8517/4378/4789 8709/4386/4799 8692/4362/4771
f 8641/4373/4784 8508/4388/4801 8640/4369/4780
f 8611/4389/4802 8603/4374/4785 8677/4372/4797
f 8717/4390/4803 8612/4342/4748 8722/4391/4804
f 8506/4306/4754 8422/4340/4753 8508/4384/4795
f 8579/4310/4805 8580/4392/4806 8628/4393/4807
f 8672/4394/4808 8671/4395/4809 8422/4396/4810
f 8581/4353/4811 8577/4319/4812 8587/4397/4813
f 8628/4393/4807 8592/4398/4814 8577/4399/4815
f 8628/4393/4807 8577/4399/4815 8579/4310/4805
f 8717/4390/4803 8613/4383/4794 8612/4342/4748
f 8517/4400/4816 8585/4401/4817 8746/4402/4818
f 8603/4374/4785 8611/4389/4802 8605/4403/4819
f 8420/4329/4820 8671/4395/4809 8672/4394/4808
f 8575/4387/4821 8550/4404/4822 8576/4405/4823
f 8605/4403/4819 8611/4389/4802 8606/4406/4824
f 8611/4407/4825 8613/4383/4826 8607/4408/4827
f 8640/4369/4780 8508/4388/4801 8584/4409/4828
f 8611/4407/4825 8607/4408/4827 8610/4410/4829
f 8937/4411/4830 8938/4412/4831 8935/4413/4832
f 8424/4414/4833 8425/4415/4834 8419/4370/4835
f 8425/4415/4836 8671/4395/4809 8420/4329/4820
f 8589/4416/4837 8541/4382/4838 8588/4351/4759
f 8813/4417/4839 8814/4418/4840 8815/4419/4841
f 8589/4416/4837 8588/4351/4759 8581/4353/4761
f 8813/4417/4839 8816/4420/4842 8814/4418/4840
f 8605/4403/4819 8610/4410/4829 8603/4374/4785
f 8589/4416/4837 8581/4353/4761 8590/4421/4843
f 8581/4353/4761 8591/4422/4844 8590/4421/4843
f 8584/4409/4828 8508/4388/4801 8690/4423/4845
f 8671/4395/4809 8788/4424/4846 8508/4425/4847
f 8671/4395/4809 8670/4426/4848 8788/4424/4846
f 8591/4422/4844 8595/4427/4849 8590/4421/4843
f 8589/4416/4837 8550/4428/4850 8541/4382/4838
f 8603/4374/4785 8610/4410/4829 8598/4429/4851
f 8584/4409/4828 8690/4423/4845 8585/4430/4852
f 8590/4421/4843 8604/4431/4853 8589/4416/4837
f 8691/4432/4854 8670/4433/4855 8690/4434/4856
f 8671/4395/4809 8669/4435/4857 8670/4426/4848
f 8592/4436/4858 8595/4427/4849 8591/4422/4844
f 8598/4429/4851 8610/4410/4829 8607/4408/4827
f 8669/4435/4857 8671/4395/4809 8425/4415/4836
f 8553/4437/4859 8554/4438/4860 8550/4439/4861
f 8593/4440/4862 8594/4441/4863 8592/4442/4864
f 8599/4443/4865 8592/4444/4866 8603/4374/4785
f 8609/4445/4867 8598/4446/4868 8717/4447/4869
f 8598/4448/4870 8593/4440/4862 8592/4442/4864
f 8424/4414/4833 8426/4449/4871 8425/4415/4834
f 8418/4450/4872 8550/4451/4873 8427/4452/4874
f 8595/4453/4875 8596/4454/4876 8597/4455/4877
f 8598/4429/4851 8599/4443/4865 8603/4374/4785
f 8608/4456/4878 8598/4446/4868 8609/4445/4867
f 8426/4449/4871 8424/4414/4833 8675/4457/4879
f 8553/4437/4859 8637/4458/4880 8554/4438/4860
f 8550/4459/4881 8655/4460/4882 8638/4461/4883
f 8674/4462/4884 8550/4451/4885 8784/4463/4886
f 8618/4464/4887 8655/4460/4882 8604/4465/4888
f 8635/4466/4889 8638/4461/4883 8655/4460/4882
f 8550/4451/4873 8675/4467/4890 8427/4452/4874
f 8674/4462/4884 8784/4463/4886 8707/4468/4891
f 8635/4466/4889 8655/4460/4882 8618/4464/4887
f 8608/4456/4878 8609/4445/4867 8619/4469/4892
f 8609/4445/4867 8744/4470/4893 8619/4469/4892
f 8601/4471/4894 8604/4472/4895 8595/4473/4896
f 8852/4474/4897 8855/4475/4898 8856/4476/4899
f 8854/4477/4900 8855/4475/4898 8852/4474/4897
f 8609/4445/4867 8629/4478/4901 8744/4470/4893
f 8618/4464/4887 8636/4479/4902 8635/4466/4889
f 8600/4480/4903 8601/4471/4894 8595/4473/4896
f 8600/4480/4903 8602/4481/4904 8601/4471/4894
f 8635/4466/4889 8636/4479/4902 8637/4482/4905
f 8600/4483/4906 8637/4482/4905 8636/4479/4902
f 8674/4484/4907 8645/4485/4908 8637/4486/4909
f 8679/4487/4910 8593/4440/4911 8619/4488/4912
f 8594/4489/4913 8794/4490/4914 8614/4491/4915
f 8600/4483/4906 8644/4492/4916 8637/4482/4905
f 8619/4488/4912 8796/4493/4917 8679/4487/4910
f 8794/4490/4918 8625/4494/4919 8624/4495/4920
f 8674/4484/4921 8644/4496/4922 8642/4497/4923
f 8614/4491/4924 8685/4498/4925 8595/4499/4926
f 8675/4500/4927 8674/4501/4928 8676/4502/4929
f 8619/4488/4912 8620/4503/4930 8796/4493/4917
f 8642/4497/4923 8643/4504/4931 8639/4505/4932
f 8685/4506/4933 8682/4507/4934 8684/4508/4935
f 8614/4509/4936 8624/4495/4920 8621/4510/4937
f 8643/4504/4931 8642/4497/4923 8644/4496/4922
f 8624/4495/4920 8620/4511/4938 8621/4510/4937
f 8620/4511/4938 8624/4495/4920 8625/4494/4919
f 8619/4488/4939 8678/4512/4940 8654/4513/4941
f 8684/4508/4935 8682/4507/4934 8649/4514/4942
f 8684/4515/4943 8683/4516/4944 8600/4483/4906
f 8644/4492/4916 8600/4483/4906 8683/4516/4944
f 8654/4517/4945 8653/4518/4946 8651/4519/4947
f 8651/4519/4947 8653/4518/4946 8629/4520/4948
f 8623/4521/4949 8621/4510/4937 8620/4511/4938
f 8649/4514/4950 8639/4522/4951 8683/4523/4952
f 8681/4524/4953 8682/4507/4934 8623/4525/4954
f 8681/4524/4953 8649/4514/4942 8682/4507/4934
f 8626/4526/4955 8623/4521/4949 8620/4511/4938
f 8623/4521/4949 8622/4527/4956 8627/4528/4957
f 8622/4527/4956 8623/4521/4949 8626/4526/4955
f 8626/4529/4958 8651/4519/4959 8650/4530/4960
f 8634/4531/4961 8626/4529/4958 8650/4530/4960
f 8647/4532/4962 8649/4514/4942 8681/4524/4953
f 8627/4528/4957 8622/4527/4956 8647/4533/4963
f 8632/4534/4964 8633/4535/4965 8626/4536/4966
f 8647/4532/4962 8648/4537/4967 8649/4514/4942
f 8633/4535/4965 8632/4534/4964 8647/4538/4968
f 8626/4539/4969 8702/4540/4970 8700/4541/4971
f 8632/4534/4972 8700/4542/4973 8705/4543/4974
f 8700/4541/4971 8702/4540/4970 8701/4544/4975
f 8699/4545/4976 8647/4546/4977 8705/4547/4978
f 8695/4548/4979 8647/4549/4980 8694/4550/4981
f 8700/4541/4971 8701/4544/4975 8699/4551/4982
f 8698/4552/4983 8697/4553/4984 8699/4551/4985
f 8647/4549/4980 8698/4554/4986 8694/4550/4981
f 8699/4555/4987 8704/4556/4988 8703/4557/4989
f 8703/4557/4989 8704/4556/4988 8698/4558/4990
f 9433/4559/4991 9430/4560/4992 9431/4561/4993
f 9435/4562/4994 9430/4563/4995 9436/4564/4996
f 9434/4565/4997 9435/4566/4998 9440/4567/4999
f 9437/4568/5000 9430/4569/5001 9434/4565/5002
f 9437/4568/5000 9438/4570/5003 9430/4569/5001
f 9454/4571/5004 9456/4572/5005 9455/4573/5006
f 9464/4574/5007 9463/4575/5008 9462/4576/5009
f 9462/4576/5009 9463/4575/5008 9465/4577/5010
f 9486/4578/5011 9485/4579/5012 9487/4580/5013
f 9499/4581/5014 9501/4582/5015 9500/4583/5016
f 9501/4582/5015 9499/4581/5014 9502/4584/5017
f 9549/4585/5018 9529/4586/5019 9530/4587/5020
f 9542/4588/5021 9528/4589/5022 9547/4590/5023
f 9531/4591/5024 9549/4585/5018 9530/4587/5020
f 9530/4587/5020 9632/4592/5025 9532/4593/5026
f 9531/4591/5024 9530/4587/5020 9532/4593/5026
f 9537/4594/5027 9632/4595/5028 9538/4596/5029
f 9542/4588/5021 9547/4590/5023 9548/4597/5030
f 9532/4593/5026 9632/4592/5025 9533/4598/5031
f 9634/4599/5032 9601/4600/5033 9611/4601/5034
f 9538/4596/5035 9611/4602/5036 9582/4603/5037
f 9532/4604/5038 9537/4594/5027 9538/4596/5029
f 9547/4590/5023 9531/4605/5039 9540/4606/5040
f 9542/4607/5041 9550/4608/5042 9546/4609/5043
f 9547/4590/5023 9546/4610/5044 9548/4597/5030
f 9546/4609/5043 9543/4611/5045 9542/4607/5041
f 9611/4612/5046 9619/4613/5047 9612/4614/5048
f 9538/4596/5035 9582/4603/5037 9609/4615/5049
f 9547/4590/5023 9540/4606/5040 9546/4610/5044
f 9543/4611/5045 9546/4609/5043 9544/4616/5050
f 9561/4617/5051 9558/4618/5052 9544/4616/5053
f 9558/4618/5052 9561/4617/5051 9557/4619/5054
f 9635/4620/5055 9636/4621/5056 9601/4622/5057
f 9532/4604/5038 9538/4596/5029 9534/4623/5058
f 9611/4612/5046 9612/4614/5048 9609/4624/5059
f 9610/4625/5060 9611/4612/5046 9609/4624/5059
f 9540/4626/5061 9532/4593/5062 9539/4627/5063
f 9544/4616/5050 9546/4609/5043 9545/4628/5064
f 9545/4628/5064 9551/4629/5065 9544/4616/5050
f 9593/4630/5066 9538/4596/5035 9609/4615/5049
f 9552/4631/5067 9551/4629/5065 9545/4628/5064
f 9553/4632/5068 9552/4631/5067 9545/4628/5064
f 9556/4633/5069 9557/4634/5070 9552/4635/5071
f 9601/4636/5072 9606/4637/5073 9612/4638/5074
f 9603/4639/5075 9604/4640/5076 9601/4622/5057
f 9609/4641/5077 9607/4642/5078 9606/4643/5079
f 9601/4636/5072 9602/4644/5080 9600/4645/5081
f 9532/4604/5038 9534/4623/5058 9579/4646/5082
f 9579/4646/5082 9535/4647/5083 9532/4604/5038
f 9539/4627/5063 9532/4593/5062 9578/4648/5084
f 9601/4622/5057 9636/4621/5056 9603/4639/5075
f 9639/4649/5085 9596/4650/5086 9609/4615/5049
f 9546/4651/5087 9536/4652/5088 9562/4653/5089
f 9604/4640/5076 9603/4639/5075 9605/4654/5090
f 9596/4650/5086 9579/4655/5091 9593/4630/5066
f 9596/4650/5086 9593/4630/5066 9609/4615/5049
f 9609/4624/5092 9613/4656/5093 9608/4657/5094
f 9613/4656/5093 9596/4658/5095 9608/4657/5094
f 9539/4627/5063 9578/4648/5084 9536/4659/5096
f 9556/4633/5069 9552/4635/5071 9560/4660/5097
f 9643/4661/5098 9636/4662/5099 9605/4663/5100
f 9606/4637/5073 9601/4636/5072 9600/4645/5081
f 9571/4664/5101 9556/4633/5069 9560/4660/5097
f 9535/4647/5083 9579/4646/5082 9536/4665/5102
f 9553/4632/5068 9555/4666/5103 9568/4667/5104
f 9552/4631/5067 9553/4632/5068 9568/4667/5104
f 9605/4654/5090 9614/4668/5105 9604/4640/5076
f 9604/4640/5076 9614/4668/5105 9600/4669/5106
f 9617/4670/5107 9579/4655/5091 9596/4650/5086
f 9606/4671/5108 9617/4672/5109 9613/4656/5110
f 9606/4643/5111 9598/4673/5112 9615/4674/5113
f 9616/4675/5114 9600/4645/5115 9599/4676/5116
f 9605/4677/5117 9616/4675/5114 9599/4676/5116
f 9616/4675/5114 9598/4673/5118 9600/4645/5115
f 9567/4678/5119 9572/4679/5120 9562/4680/5121
f 9568/4667/5104 9570/4681/5122 9569/4682/5123
f 9615/4683/5124 9592/4684/5125 9617/4672/5126
f 9536/4685/5127 9564/4686/5128 9563/4687/5129
f 9568/4667/5104 9555/4666/5103 9570/4681/5122
f 9615/4683/5124 9597/4688/5130 9592/4684/5125
f 9536/4665/5102 9579/4646/5082 9580/4689/5131
f 9563/4687/5129 9564/4686/5128 9567/4690/5132
f 9597/4688/5130 9591/4691/5133 9592/4684/5125
f 9567/4692/5134 9565/4693/5135 9555/4694/5136
f 9570/4681/5122 9565/4695/5137 9569/4682/5123
f 9592/4696/5138 9583/4697/5139 9580/4698/5140
f 9536/4665/5102 9580/4689/5131 9581/4699/5141
f 9567/4690/5132 9564/4686/5128 9573/4700/5142
f 9581/4701/5143 9575/4702/5144 9574/4703/5145
f 9630/4704/5146 9631/4705/5147 9615/4706/5148
f 9567/4692/5134 9566/4707/5149 9565/4693/5135
f 9591/4691/5133 9630/4708/5150 9580/4709/5151
f 9573/4700/5152 9574/4703/5145 9589/4710/5153
f 9616/4711/5154 9630/4704/5146 9615/4706/5148
f 9591/4691/5133 9597/4688/5130 9630/4708/5150
f 9575/4702/5144 9589/4710/5153 9574/4703/5145
f 9575/4702/5144 9577/4712/5155 9588/4713/5156
f 9575/4702/5144 9576/4714/5157 9589/4710/5153
f 9575/4702/5144 9588/4713/5156 9576/4714/5157
f 9581/4699/5158 9585/4715/5159 9584/4716/5160
f 9577/4717/5161 9584/4716/5160 9585/4715/5159
f 9621/4718/5162 9630/4708/5163 9620/4719/5164
f 9590/4720/5165 9587/4721/5166 9565/4722/5167
f 9588/4723/5168 9587/4721/5169 9589/4724/5170
f 9630/4725/5171 9622/4726/5172 9581/4699/5158
f 9623/4727/5173 9621/4718/5162 9620/4719/5164
f 9586/4728/5174 9581/4699/5158 9622/4726/5172
f 9585/4715/5159 9581/4699/5158 9586/4728/5174
f 9587/4729/5175 9585/4715/5159 9586/4728/5174
f 9622/4726/5176 9623/4730/5177 9624/4731/5178
f 9594/4732/5179 9587/4721/5166 9633/4733/5180
f 9586/4734/5181 9624/4735/5182 9625/4736/5183
f 9594/4732/5179 9565/4722/5167 9587/4721/5166
f 9633/4737/5184 9586/4734/5185 9641/4738/5186
f 9626/4739/5187 9623/4727/5173 9620/4719/5164
f 9586/4734/5185 9645/4740/5188 9641/4738/5186
f 9627/4741/5189 9625/4742/5190 9623/4730/5191
f 9625/4742/5190 9628/4743/5192 9645/4740/5193
f 9628/4743/5192 9627/4741/5189 9629/4744/5194
f 9627/4741/5189 9628/4743/5192 9625/4742/5190
f 9898/4745/5195 9897/4746/5196 9896/4747/5197
f 9898/4745/5195 9896/4747/5197 9895/4748/5198
f 9892/4749/5199 9894/4750/5200 9898/4751/5199
f 9884/4752/5201 9892/4753/5202 9887/4754/5203
f 9892/4753/5202 9891/4755/5204 9887/4754/5203
f 9889/4756/5205 9890/4757/5206 9900/4758/5207
f 9925/4759/5208 9927/4760/5209 9926/4761/5210
f 9927/4760/5209 9928/4762/5211 9926/4761/5210
f 9950/4763/5212 9951/4764/5213 9948/4765/5214
f 9947/4766/5215 9950/4763/5212 9948/4765/5214
f 9947/4766/5215 9948/4765/5214 9946/4767/5216
f 9947/4766/5215 9946/4767/5216 9944/4768/5217
f 9943/4769/5218 9949/4770/5218 9944/4771/5218
f 9993/4772/5219 9992/4773/5220 9991/4774/5221
f 9993/4772/5219 9991/4774/5221 9994/4775/5222
f 10028/4776/5223 10030/4777/5224 10029/4778/5225
f 10030/4777/5224 10035/4779/5226 10029/4778/5225
f 10029/4778/5227 10046/4780/5228 10034/4781/5229
f 10029/4778/5227 10034/4781/5229 10031/4782/5230
f 10040/4783/5231 10038/4784/5232 10037/4785/5233
f 10088/4786/5234 10082/4787/5235 10087/4788/5236
f 10082/4787/5235 10085/4789/5237 10087/4788/5236
f 10097/4790/5238 10090/4791/5239 10085/4789/5237
f 10097/4790/5238 10091/4792/5240 10090/4791/5239
f 10097/4790/5238 10085/4789/5237 10075/4793/5241
f 10069/4794/5242 10085/4789/5237 10082/4787/5235
f 10080/4795/5243 10097/4790/5238 10079/4796/5244
f 10075/4793/5241 10085/4789/5237 10069/4794/5242
f 10069/4794/5242 10082/4787/5235 10068/4797/5245
f 10077/4798/5246 10097/4790/5238 10075/4793/5241
f 10097/4790/5238 10077/4798/5246 10079/4796/5244
f 10068/4797/5245 10082/4787/5235 10066/4799/5247
f 10075/4793/5241 10069/4794/5242 10081/4800/5248
f 10083/4801/5249 10066/4802/5250 10084/4803/5251
f 10065/4804/5252 10066/4799/5247 10067/4805/5253
f 10068/4797/5245 10066/4799/5247 10065/4804/5252
f 10069/4794/5242 10071/4806/5254 10081/4800/5248
f 10083/4801/5249 10084/4803/5251 10065/4807/5255
f 10071/4808/5256 10070/4809/5257 10072/4810/5258
f 10076/4811/5259 10077/4812/5260 10074/4813/5261
f 10080/4795/5243 10079/4796/5244 10076/4814/5262
f 10113/4815/5263 10125/4816/5264 10124/4817/5265
f 10112/4818/5266 10124/4817/5267 10116/4819/5268
f 10116/4819/5268 10114/4820/5269 10112/4818/5266
f 10116/4819/5268 10117/4821/5270 10114/4820/5269
f 10121/4822/5271 10118/4823/5272 10120/4824/5273
f 10112/4818/5266 10114/4820/5269 10115/4825/5274
f 10107/4826/5275 10106/4827/5276 10108/4828/5277
f 10149/4829/5278 10148/4830/5278 10151/4831/5278
f 10154/4832/5279 10141/4833/5280 10145/4834/5281
f 10141/4833/5280 10144/4835/5282 10143/4836/5283
f 10154/4832/5279 10144/4835/5282 10141/4833/5280
f 10146/4837/5284 10144/4835/5282 10154/4832/5279
f 10182/4838/5285 10181/4839/5286 10180/4840/5287
f 10178/4841/5288 10177/4842/5289 10176/4843/5290
f 10201/4844/5291 10202/4845/5292 10203/4846/5293
f 10194/4847/5294 10198/4848/5295 10199/4849/5296
f 10259/4850/5297 10260/4851/5297 10264/4852/5297
f 10261/4853/5298 10259/4850/5299 10265/4854/5300
f 10269/4855/5301 10263/4856/5302 10261/4853/5298
f 10261/4853/5298 10258/4857/5303 10259/4850/5299
f 10266/4858/5304 10261/4853/5298 10263/4856/5302
f 10266/4858/5304 10258/4857/5303 10261/4853/5298
f 10258/4857/5303 10256/4859/5305 10259/4850/5299
f 10262/4860/5306 10266/4858/5304 10263/4856/5302
f 10257/4861/5307 10260/4862/5308 10256/4863/5309
f 10252/4864/5310 10260/4862/5308 10257/4861/5307
f 10252/4864/5310 10209/4865/5311 10260/4862/5308
f 10255/4866/5312 10216/4867/5313 10256/4868/5314
f 10255/4866/5312 10256/4868/5314 10253/4869/5315
f 10263/4870/5316 10255/4866/5312 10253/4869/5315
f 10254/4871/5317 10255/4866/5312 10263/4870/5316
f 10256/4868/5314 10216/4867/5313 10252/4864/5318
f 10213/4872/5319 10216/4867/5320 10215/4873/5321
f 10254/4871/5322 10213/4872/5319 10215/4873/5321
f 10214/4874/5323 10213/4872/5319 10254/4871/5322
f 10217/4875/5324 10209/4876/5325 10216/4877/5326
f 10210/4878/5327 10211/4879/5328 10212/4880/5329
f 10209/4881/5330 10213/4882/5331 10211/4879/5328
f 10210/4878/5327 10209/4881/5330 10211/4879/5328
f 10210/4878/5327 10220/4883/5332 10209/4881/5330
f 10220/4883/5332 10210/4878/5327 10229/4884/5333
f 10228/4885/5334 10220/4883/5332 10229/4884/5333
f 10220/4886/5335 10221/4887/5336 10218/4888/5337
f 10228/4885/5334 10222/4889/5338 10220/4883/5332
f 10222/4890/5339 10221/4891/5339 10219/4892/5339
f 10268/4893/5340 10209/4894/5341 10218/4888/5342
f 10227/4895/5343 10223/4896/5344 10222/4890/5345
f 10251/4897/5346 10223/4896/5344 10227/4895/5343
f 10222/4898/5347 10250/4899/5348 10268/4900/5349
f 10249/4901/5350 10232/4902/5351 10223/4903/5352
f 10226/4904/5353 10224/4905/5354 10222/4906/5355
f 10233/4907/5356 10247/4908/5356 10222/4898/5356
f 10226/4904/5353 10225/4909/5357 10224/4905/5354
f 10247/4910/5358 10231/4911/5359 10226/4904/5360
f 10230/4912/5361 10231/4911/5359 10247/4910/5358
f 10237/4913/5362 10234/4914/5362 10230/4912/5362
f 10239/4915/5363 10237/4913/5364 10247/4916/5365
f 10238/4917/5366 10237/4913/5364 10239/4915/5363
f 10238/4917/5366 10235/4918/5367 10237/4913/5364
f 10235/4919/5368 10236/4920/5369 10234/4921/5370
f 10248/4922/5371 10234/4921/5370 10236/4920/5369
f 10241/4923/5372 10248/4922/5373 10238/4924/5374
f 10240/4925/5375 10241/4926/5376 10239/4927/5377
f 10241/4926/5376 10242/4928/5378 10234/4929/5379
f 10240/4925/5375 10242/4928/5378 10241/4926/5376
f 10245/4930/5380 10246/4931/5381 10240/4932/5382
f 10246/4931/5381 10243/4933/5383 10240/4932/5382
f 10411/4934/5384 10412/4935/5385 10413/4936/5386
f 10773/4937/5387 10761/4938/5388 10765/4939/5389
f 10846/4940/5390 10848/4941/5391 10847/4942/5392
f 10762/4943/5393 10764/4944/5394 10760/4945/5395
f 10760/4945/5395 10764/4944/5394 10763/4946/5396
f 10770/4947/5397 10765/4939/5389 10772/4948/5398
f 10760/4945/5395 10763/4946/5396 10769/4949/5399
f 10850/4950/5400 10842/4951/5401 10769/4952/5402
f 10761/4938/5388 10768/4953/5403 10765/4939/5389
f 10762/4954/5404 10768/4953/5403 10761/4938/5388
f 10758/4955/5405 10759/4956/5406 10769/4957/5407
f 10844/4958/5408 10769/4959/5409 10845/4960/5410
f 10772/4948/5398 10765/4939/5389 10771/4961/5411
f 10773/4937/5387 10765/4939/5389 10770/4947/5397
f 10844/4962/5412 10842/4951/5401 10850/4950/5400
f 10846/4940/5390 10847/4942/5392 10844/4963/5413
f 10759/4964/5414 10768/4953/5415 10760/4945/5416
f 10758/4955/5405 10757/4965/5417 10759/4956/5406
f 10842/4951/5401 10751/4966/5418 10757/4967/5419
f 10844/4962/5412 10751/4966/5418 10842/4951/5401
f 10821/4968/5420 10822/4969/5421 10838/4970/5422
f 10768/4953/5403 10766/4971/5423 10765/4939/5389
f 10838/4970/5422 10822/4969/5421 10819/4972/5424
f 10844/4973/5425 10801/4974/5426 10848/4975/5427
f 10844/4976/5428 10863/4977/5429 10802/4978/5430
f 10787/4979/5431 10729/4980/5432 10786/4981/5433
f 10800/4982/5434 10844/4973/5425 10848/4975/5427
f 10863/4977/5429 10798/4983/5435 10802/4978/5430
f 10848/4975/5427 10799/4984/5436 10800/4982/5434
f 10751/4966/5418 10749/4985/5437 10757/4967/5419
f 10804/4986/5438 10774/4987/5439 10765/4988/5440
f 10800/4982/5434 10799/4984/5436 10798/4989/5441
f 10775/4990/5442 10766/4991/5443 10759/4964/5444
f 10802/4978/5430 10798/4983/5435 10749/4992/5445
f 10799/4984/5436 10783/4993/5446 10798/4989/5441
f 10747/4994/5447 10775/4990/5442 10759/4964/5444
f 10787/4995/5448 10785/4996/5449 10822/4997/5450
f 10785/4996/5449 10787/4995/5448 10783/4998/5451
f 11371/4999/5452 11372/5000/5453 11373/5001/5454
f 10799/4984/5436 10820/5002/5455 10783/4993/5446
f 10766/5003/5456 10814/5004/5457 10815/5005/5458
f 10749/5006/5459 10748/5007/5460 10747/5008/5461
f 10784/5009/5462 10783/4998/5451 10787/4995/5448
f 10798/4989/5441 10783/4993/5446 10797/5010/5463
f 10782/5011/5464 10784/5012/5465 10729/5013/5466
f 10766/4991/5443 10775/4990/5442 10777/5014/5467
f 10814/5004/5457 10804/5015/5468 10815/5005/5458
f 10781/5016/5469 10729/5017/5470 10634/5018/5471
f 10775/4990/5442 10776/5019/5472 10777/5014/5467
f 10750/5020/5473 10747/5008/5461 10748/5007/5460
f 10750/5020/5473 10748/5007/5460 10857/5021/5474
f 10652/5022/5475 10776/5019/5472 10775/4990/5442
f 10797/5010/5476 10748/5023/5477 10755/5024/5478
f 10814/5025/5479 10767/5026/5480 10777/5027/5481
f 10797/5010/5476 10864/5028/5482 10748/5023/5477
f 10752/5029/5483 10750/5020/5473 10652/5030/5484
f 10747/5008/5461 10750/5020/5473 10752/5029/5483
f 10756/5031/5485 10753/5032/5486 10857/5033/5487
f 10817/5034/5488 10631/5035/5489 10783/5036/5490
f 10729/5017/5470 10640/5037/5491 10634/5018/5471
f 10779/5038/5492 10859/5039/5493 10804/4986/5494
f 10857/5033/5487 10753/5032/5486 10653/5040/5495
f 10631/5035/5489 10817/5034/5488 10818/5041/5496
f 10783/5036/5490 10782/5042/5497 10817/5034/5488
f 10729/5043/5498 10730/5044/5499 10727/5045/5500
f 10748/5046/5501 10803/5047/5502 10754/5048/5503
f 10748/5046/5501 10754/5048/5503 10753/5049/5504
f 10631/5050/5505 10803/5051/5506 10797/5052/5507
f 10777/5014/5467 10776/5019/5472 10779/5053/5508
f 10653/5054/5509 10651/5055/5510 10652/5056/5511
f 10640/5037/5491 10731/5057/5512 10634/5018/5471
f 10803/5051/5506 10839/5058/5513 10840/5059/5514
f 10853/5060/5515 10660/5061/5516 10631/5062/5517
f 10776/5019/5472 10813/5063/5518 10779/5053/5508
f 10631/5050/5505 10839/5058/5513 10803/5051/5506
f 10634/5064/5519 10631/5065/5520 10796/5066/5521
f 10731/5057/5512 10727/5067/5522 10634/5018/5471
f 10812/5068/5523 10779/5053/5508 10813/5063/5518
f 10661/5069/5524 10631/5062/5525 10639/5070/5526
f 10727/5067/5522 10637/5071/5527 10634/5018/5471
f 10651/5055/5510 10754/5072/5528 10652/5056/5511
f 10811/5073/5529 10805/5074/5530 10779/5053/5508
f 10627/5075/5531 10631/5065/5520 10634/5064/5519
f 10629/5076/5532 10637/5071/5527 10727/5067/5522
f 10812/5068/5523 10811/5073/5529 10779/5053/5508
f 10813/5063/5518 10861/5077/5533 10812/5068/5523
f 10652/5078/5534 10861/5077/5533 10813/5063/5518
f 10808/5079/5535 10809/5080/5536 10854/5081/5537
f 10631/5065/5520 10632/5082/5538 10636/5083/5539
f 10734/5084/5540 10727/5085/5541 10726/5086/5542
f 10811/5073/5529 10806/5087/5543 10805/5074/5530
f 10652/5088/5544 10639/5089/5545 10654/5090/5546
f 10639/5091/5547 10636/5092/5548 10638/5093/5549
f 10726/5086/5542 10668/5094/5550 10734/5084/5540
f 10854/5081/5537 10805/5074/5530 10808/5079/5535
f 10636/5092/5548 10633/5095/5551 10638/5093/5549
f 10629/5076/5552 10732/5096/5553 10733/5097/5554
f 10734/5084/5540 10728/5098/5555 10727/5085/5541
f 10812/5099/5556 10655/5100/5557 10658/5101/5558
f 10654/5090/5546 10655/5100/5557 10812/5099/5556
f 10638/5093/5549 10633/5095/5551 10645/5102/5559
f 10627/5075/5531 10635/5103/5560 10631/5065/5520
f 10637/5071/5527 10629/5076/5532 10626/5104/5561
f 10806/5087/5543 10808/5079/5535 10805/5074/5530
f 10655/5100/5557 10806/5105/5562 10658/5101/5558
f 10635/5103/5560 10632/5082/5538 10631/5065/5520
f 10626/5104/5563 10635/5103/5560 10627/5075/5531
f 10626/5106/5564 10733/5097/5565 10622/5107/5566
f 10806/5105/5567 10656/5108/5568 10824/5109/5569
f 10639/5089/5545 10655/5100/5557 10654/5090/5546
f 10663/5110/5570 10643/5111/5571 10639/5112/5572
f 10626/5104/5563 10625/5113/5573 10635/5103/5560
f 10807/5114/5574 10808/5079/5535 10806/5087/5543
f 10806/5087/5543 10657/5115/5575 10807/5114/5574
f 10810/5116/5576 10657/5115/5575 10806/5087/5543
f 10655/5100/5577 10657/5117/5578 10824/5109/5569
f 10656/5108/5568 10655/5100/5577 10824/5109/5569
f 10639/5112/5572 10646/5118/5579 10650/5119/5580
f 10625/5113/5573 10643/5120/5581 10635/5103/5560
f 10655/5100/5577 10650/5119/5582 10657/5117/5578
f 10728/5098/5583 10667/5121/5584 10732/5122/5585
f 10643/5111/5571 10642/5123/5586 10639/5112/5572
f 10622/5124/5587 10624/5125/5588 10643/5126/5589
f 10732/5127/5590 10827/5128/5591 10622/5129/5592
f 10643/5126/5589 10624/5125/5588 10630/5130/5593
f 10659/5131/5594 10657/5117/5578 10650/5119/5582
f 10639/5112/5572 10644/5132/5595 10646/5118/5579
f 10665/5133/5596 10622/5129/5592 10827/5128/5591
f 10639/5112/5572 10602/5134/5597 10644/5132/5595
f 10642/5123/5586 10602/5134/5597 10639/5112/5572
f 10624/5125/5588 10622/5124/5587 10623/5135/5598
f 10780/5136/5599 10665/5137/5600 10628/5138/5601
f 10642/5123/5586 10624/5139/5602 10602/5134/5597
f 10646/5140/5603 10648/5141/5604 10657/5142/5605
f 10646/5143/5606 10602/5144/5607 10647/5145/5608
f 10725/5146/5609 10684/5147/5610 10672/5148/5611
f 10668/5149/5612 10669/5150/5613 10667/5151/5614
f 10724/5152/5615 10670/5153/5616 10669/5150/5617
f 10670/5153/5618 10679/5154/5619 10725/5155/5620
f 10672/5148/5611 10671/5156/5621 10670/5157/5622
f 10646/5140/5603 10597/5158/5623 10648/5141/5604
f 10611/5159/5624 10843/5160/5625 10602/5161/5626
f 10611/5159/5624 10623/5135/5627 10843/5160/5625
f 10667/5151/5614 10778/5162/5628 10666/5163/5629
f 10667/5151/5614 10669/5150/5613 10778/5162/5628
f 10612/5164/5630 10599/5165/5631 10851/5166/5632
f 10602/5161/5633 10599/5165/5631 10612/5164/5630
f 10672/5148/5611 10684/5147/5610 10673/5167/5634
f 10646/5140/5603 10612/5164/5630 10597/5158/5623
f 10667/5151/5614 10666/5163/5629 10665/5168/5635
f 10612/5164/5630 10851/5166/5632 10597/5158/5623
f 10665/5168/5636 10607/5169/5637 10623/5170/5638
f 10672/5148/5611 10673/5167/5634 10671/5156/5621
f 10671/5156/5621 10674/5171/5639 10670/5157/5622
f 10675/5172/5640 10673/5173/5641 10674/5174/5642
f 10649/5175/5643 10597/5176/5644 10600/5177/5645
f 10595/5178/5646 10597/5176/5647 10599/5165/5648
f 10955/5179/5649 10954/5180/5650 10953/5181/5651
f 10673/5173/5641 10676/5182/5652 10674/5174/5642
f 10735/5183/5653 10683/5184/5654 10693/5185/5655
f 10843/5160/5656 10837/5186/5657 10599/5187/5658
f 10600/5177/5645 10601/5188/5659 10649/5175/5643
f 10597/5189/5660 10593/5190/5661 10596/5191/5662
f 10599/5187/5658 10837/5186/5657 10603/5192/5663
f 10843/5193/5664 10607/5194/5665 10862/5195/5666
f 10669/5196/5667 10681/5197/5668 10682/5198/5669
f 10669/5196/5667 10674/5174/5670 10681/5197/5668
f 10603/5199/5671 10598/5200/5672 10595/5178/5673
f 10953/5181/5651 10954/5180/5650 10950/5201/5674
f 10684/5202/5675 10683/5203/5675 10676/5204/5675
f 10607/5205/5676 10604/5206/5677 10603/5207/5678
f 10680/5208/5679 10704/5209/5680 10665/5210/5681
f 10778/5211/5682 10704/5209/5680 10680/5208/5679
f 10674/5174/5670 10678/5212/5683 10681/5197/5668
f 10596/5191/5662 10608/5213/5684 10601/5214/5685
f 10607/5194/5686 10662/5215/5687 10606/5216/5688
f 10676/5182/5689 10677/5217/5690 10678/5218/5691
f 10596/5191/5662 10593/5190/5661 10608/5213/5684
f 10682/5198/5669 10681/5197/5668 10704/5209/5692
f 10688/5219/5693 10683/5184/5654 10735/5183/5653
f 10665/5210/5681 10610/5220/5694 10662/5221/5695
f 10595/5178/5673 10598/5200/5672 10593/5190/5696
f 10604/5206/5697 10605/5222/5698 10598/5223/5699
f 10662/5215/5687 10664/5224/5700 10606/5216/5688
f 10665/5210/5681 10704/5209/5680 10610/5220/5694
f 10604/5206/5697 10606/5216/5701 10605/5222/5698
f 10593/5225/5702 10591/5226/5703 10609/5227/5704
f 10677/5217/5705 10683/5228/5706 10685/5229/5707
f 10609/5227/5704 10591/5226/5703 10590/5230/5708
f 10677/5217/5690 10701/5231/5709 10678/5218/5691
f 10702/5232/5710 10678/5233/5711 10704/5234/5712
f 10593/5225/5702 10615/5235/5713 10591/5226/5703
f 10610/5220/5694 10605/5222/5698 10606/5216/5701
f 10610/5220/5694 10865/5236/5714 10825/5237/5715
f 10704/5209/5680 10865/5236/5714 10610/5220/5694
f 10678/5218/5691 10701/5231/5709 10700/5238/5716
f 10686/5239/5717 10735/5240/5718 10689/5241/5719
f 10683/5242/5720 10686/5239/5717 10700/5243/5721
f 10686/5239/5717 10683/5242/5720 10692/5244/5722
f 10591/5226/5703 10589/5245/5723 10590/5230/5708
f 10598/5246/5724 10617/5247/5725 10591/5248/5726
f 10605/5222/5698 10610/5220/5694 10614/5249/5727
f 10610/5220/5694 10825/5237/5715 10614/5249/5727
f 10705/5250/5728 10825/5251/5729 10704/5252/5730
f 10704/5252/5731 10700/5253/5732 10703/5254/5733
f 10605/5222/5698 10614/5249/5727 10617/5247/5725
f 10617/5247/5725 10828/5255/5734 10591/5248/5726
f 10614/5249/5727 10828/5255/5734 10617/5247/5725
f 10705/5250/5728 10736/5256/5735 10825/5251/5729
f 10591/5226/5703 10592/5257/5736 10589/5245/5723
f 10687/5258/5737 10700/5243/5721 10686/5239/5717
f 10589/5245/5738 10588/5259/5739 10586/5260/5740
f 10591/5226/5703 10594/5261/5741 10592/5257/5736
f 10689/5241/5719 10687/5258/5737 10686/5239/5717
f 10836/5262/5742 10592/5263/5743 10828/5264/5744
f 10618/5265/5745 10836/5262/5742 10828/5264/5744
f 10793/5266/5746 10704/5267/5747 10794/5268/5748
f 10618/5269/5749 10614/5249/5750 10620/5270/5751
f 10736/5256/5752 10620/5270/5751 10614/5249/5750
f 10793/5266/5746 10795/5271/5753 10736/5272/5754
f 10794/5268/5748 10795/5271/5753 10793/5266/5746
f 10697/5273/5755 10704/5274/5756 10706/5275/5757
f 10687/5276/5758 10698/5277/5759 10696/5278/5760
f 11179/5279/5761 11178/5280/5762 11180/5281/5763
f 10579/5282/5764 10578/5283/5765 10582/5284/5766
f 10736/5285/5767 10578/5283/5765 10579/5282/5764
f 10697/5286/5768 10698/5287/5769 10695/5288/5770
f 10687/5258/5771 10695/5289/5772 10694/5290/5773
f 10689/5291/5774 10691/5292/5775 10695/5293/5776
f 10618/5265/5777 10829/5294/5778 10592/5295/5779
f 10704/5296/5780 10695/5297/5781 10578/5298/5782
f 10578/5283/5765 10570/5299/5783 10582/5284/5766
f 10592/5295/5779 10613/5300/5784 10586/5301/5785
f 10592/5295/5779 10829/5294/5778 10613/5300/5784
f 10695/5289/5786 10707/5302/5787 10699/5303/5788
f 10695/5297/5781 10715/5304/5789 10578/5298/5782
f 10708/5305/5790 10699/5303/5788 10707/5302/5787
f 10613/5306/5791 10580/5307/5792 10575/5308/5793
f 10581/5309/5794 10575/5308/5793 10580/5307/5792
f 10581/5309/5794 10573/5310/5795 10575/5308/5793
f 10695/5297/5781 10572/5311/5796 10715/5304/5789
f 10695/5312/5797 10713/5313/5798 10714/5314/5799
f 10613/5300/5800 10616/5315/5801 10641/5316/5802
f 10713/5313/5798 10711/5317/5803 10714/5314/5799
f 11095/5318/5804 11097/5319/5805 11096/5320/5806
f 10708/5305/5790 10849/5321/5807 10710/5322/5808
f 10582/5323/5809 10569/5324/5810 10576/5325/5811
f 10572/5326/5812 10570/5327/5813 10571/5328/5814
f 10711/5317/5803 10712/5329/5815 10714/5314/5799
f 10713/5313/5798 10721/5330/5816 10711/5317/5803
f 10708/5305/5790 10721/5331/5817 10699/5303/5788
f 10708/5305/5790 10710/5322/5808 10721/5331/5817
f 10575/5308/5818 10584/5332/5819 10616/5333/5820
f 10849/5334/5821 10746/5335/5822 10738/5336/5823
f 10741/5337/5824 10739/5338/5825 10791/5339/5826
f 10721/5330/5827 10738/5336/5823 10739/5340/5828
f 10746/5335/5822 10739/5340/5828 10738/5336/5823
f 10569/5341/5829 10574/5342/5830 10573/5343/5831
f 10574/5342/5830 10584/5332/5832 10573/5343/5831
f 10741/5337/5824 10740/5344/5833 10739/5338/5825
f 10569/5324/5834 10567/5345/5835 10568/5346/5836
f 10570/5347/5837 10718/5348/5838 10567/5345/5839
f 10574/5342/5840 10587/5349/5841 10616/5350/5842
f 10788/5351/5843 10740/5352/5844 10790/5353/5845
f 10741/5337/5824 10743/5354/5846 10740/5344/5833
f 10745/5355/5847 10741/5356/5848 10742/5357/5849
f 10583/5358/5850 10585/5359/5851 10641/5360/5852
f 10721/5330/5827 10557/5361/5853 10718/5362/5854
f 10587/5363/5855 10585/5359/5851 10583/5358/5850
f 10567/5345/5835 10566/5364/5856 10568/5346/5836
f 10719/5365/5857 10718/5362/5854 10557/5361/5853
f 10790/5366/5858 10789/5367/5859 10739/5340/5828
f 10743/5354/5846 10830/5368/5860 10740/5344/5833
f 10743/5369/5861 10742/5370/5862 10833/5371/5863
f 10567/5345/5835 10562/5372/5864 10566/5364/5856
f 10740/5344/5833 10830/5368/5860 10833/5371/5865
f 10742/5370/5862 10834/5373/5866 10833/5371/5863
f 10566/5364/5856 10562/5372/5864 10551/5374/5867
f 10716/5375/5868 10721/5330/5827 10739/5340/5828
f 10739/5340/5828 10789/5367/5859 10716/5375/5868
f 10716/5375/5868 10557/5361/5853 10721/5330/5827
f 10561/5376/5869 10559/5377/5870 10641/5378/5871
f 10833/5371/5865 10832/5379/5872 10740/5344/5833
f 10561/5376/5869 10553/5380/5873 10559/5377/5870
f 10557/5381/5874 10555/5382/5875 10551/5383/5876
f 10557/5361/5877 10722/5384/5878 10720/5385/5879
f 10740/5344/5833 10832/5379/5872 10831/5386/5880
f 10551/5387/5881 10553/5380/5873 10561/5376/5869
f 10722/5384/5878 10558/5388/5882 10720/5385/5879
f 10553/5380/5873 10560/5389/5883 10559/5377/5870
f 10553/5380/5873 10537/5390/5884 10554/5391/5885
f 10551/5387/5881 10537/5390/5884 10553/5380/5873
f 10551/5387/5881 10563/5392/5886 10537/5390/5884
f 10722/5384/5878 10723/5393/5887 10558/5388/5882
f 10722/5384/5878 10789/5394/5888 10723/5393/5887
f 10537/5390/5884 10539/5395/5889 10554/5391/5885
f 10545/5396/5890 10533/5397/5891 10537/5398/5892
f 10551/5383/5876 10550/5399/5893 10545/5396/5890
f 10555/5382/5875 10550/5399/5893 10551/5383/5876
f 10538/5400/5894 10816/5401/5895 10559/5402/5896
f 10559/5402/5896 10541/5403/5897 10538/5400/5894
f 10537/5390/5884 10538/5404/5898 10539/5395/5889
f 10550/5399/5893 10533/5397/5891 10545/5396/5890
f 10558/5405/5899 10532/5406/5900 10550/5399/5901
f 10558/5405/5899 10556/5407/5902 10532/5406/5900
f 10558/5405/5899 10565/5408/5903 10556/5407/5902
f 10816/5401/5904 10542/5409/5905 10564/5410/5906
f 10534/5411/5907 10535/5412/5908 10538/5404/5909
f 10534/5411/5907 10533/5413/5910 10535/5412/5908
f 10723/5414/5911 10831/5415/5912 10530/5416/5913
f 10538/5400/5914 10542/5417/5915 10549/5418/5916
f 10543/5419/5917 10544/5420/5918 10542/5417/5915
f 10538/5400/5914 10543/5419/5917 10542/5417/5915
f 10535/5412/5908 10540/5421/5919 10538/5404/5909
f 10536/5422/5920 10547/5423/5921 10540/5424/5922
f 10531/5425/5923 10530/5416/5913 10552/5426/5924
f 10530/5416/5913 10831/5415/5912 10552/5426/5924
f 10540/5424/5922 10547/5423/5921 10544/5427/5925
f 10535/5412/5926 10546/5428/5927 10536/5422/5928
f 10526/5429/5929 10548/5430/5930 10546/5428/5927
f 10526/5429/5929 10546/5428/5927 10535/5412/5926
f 10531/5425/5931 10526/5431/5932 10532/5432/5933
f 10831/5415/5912 10529/5433/5934 10552/5426/5924
f 10547/5423/5921 10548/5434/5935 10544/5427/5925
f 10529/5433/5934 10528/5435/5936 10552/5426/5924
f 10527/5436/5937 10552/5437/5938 10548/5430/5939
f 11472/5438/5940 11474/5439/5941 11473/5440/5940
f 11478/5441/5942 11476/5442/5943 11472/5438/5944
f 11472/5438/5944 11477/5443/5945 11478/5441/5942
f 11489/5444/5946 11490/5445/5946 11488/5446/5946
f 11498/5447/5947 11496/5448/5948 11497/5449/5949
f 11503/5450/5950 11501/5451/5951 11502/5452/5952
f 11502/5452/5952 11501/5451/5951 11504/5453/5953
f 11542/5454/5954 11538/5455/5955 11541/5456/5956
f 11540/5457/5957 11545/5458/5958 11539/5459/5959
f 11538/5455/5960 11540/5457/5957 11539/5459/5959
f 11538/5460/5961 11537/5461/5962 11535/5462/5963
f 11535/5462/5963 11537/5461/5962 11536/5463/5964
f 11535/5464/5965 11533/5465/5966 11529/5466/5967
f 11533/5465/5966 11535/5464/5965 11544/5467/5968
f 11529/5466/5967 11533/5465/5966 11531/5468/5969
f 11546/5469/5970 11535/5470/5971 11531/5468/5969
f 11533/5465/5966 11546/5469/5970 11531/5468/5969
f 11532/5471/5972 11529/5466/5967 11531/5468/5969
f 11530/5472/5973 11529/5466/5967 11532/5471/5972
f 11530/5473/5974 11547/5474/5975 11548/5475/5976
f 11551/5476/5977 11550/5477/5978 11547/5478/5979
f 11594/5479/5980 11616/5480/5981 11620/5481/5982
f 11610/5482/5983 11616/5483/5984 11608/5484/5985
f 11617/5485/5986 11610/5482/5987 11612/5486/5988
f 11594/5479/5980 11588/5487/5989 11616/5480/5981
f 11611/5488/5990 11612/5486/5988 11610/5482/5987
f 11586/5489/5991 11609/5490/5992 11608/5484/5993
f 11610/5491/5994 11609/5490/5992 11586/5489/5991
f 11588/5492/5995 11586/5489/5991 11608/5484/5993
f 11586/5493/5996 11613/5494/5997 11612/5495/5998
f 11613/5494/5997 11586/5493/5996 11619/5496/5999
f 11588/5487/5989 11594/5479/5980 11589/5497/6000
f 11589/5497/6001 11595/5498/6002 11590/5499/6003
f 11591/5500/6004 11587/5501/6005 11588/5487/6006
f 11601/5502/6007 11619/5496/5999 11586/5493/5996
f 11586/5493/5996 11604/5503/6008 11601/5502/6007
f 11588/5487/6006 11590/5504/6009 11596/5505/6010
f 11588/5487/6006 11596/5505/6010 11591/5500/6004
f 11587/5501/6011 11593/5506/6012 11586/5507/6013
f 11604/5503/6008 11586/5493/5996 11602/5508/6014
f 11590/5499/6003 11595/5498/6002 11600/5509/6015
f 11593/5506/6012 11587/5501/6011 11592/5510/6016
f 11603/5511/6017 11604/5503/6008 11602/5508/6014
f 11604/5503/6018 11597/5512/6019 11619/5513/6020
f 11606/5514/6021 11619/5513/6020 11597/5512/6019
f 11593/5506/6012 11592/5510/6016 11596/5505/6022
f 11590/5499/6003 11600/5509/6015 11599/5515/6023
f 11602/5508/6014 11593/5506/6024 11603/5511/6017
f 11605/5516/6025 11606/5514/6021 11597/5512/6019
f 11605/5517/6026 11603/5511/6017 11593/5506/6024
f 11625/5518/6027 11624/5519/6028 11626/5520/6029
f 11627/5521/6030 11628/5522/6031 11624/5523/6032
f 11629/5524/6033 11630/5525/6034 11624/5526/6035
f 11673/5527/6036 11671/5528/6037 11674/5529/6038
f 11669/5530/6039 11670/5531/6040 11671/5532/6041
f 11674/5529/6038 11672/5533/6042 11673/5527/6036
f 11675/5534/6043 11673/5527/6036 11672/5533/6042
f 11644/5535/6044 11670/5531/6040 11669/5530/6039
f 11666/5536/6045 11644/5535/6044 11669/5530/6039
f 11672/5533/6042 11677/5537/6046 11676/5538/6047
f 11675/5534/6043 11672/5533/6042 11676/5538/6047
f 11666/5536/6045 11642/5539/6048 11644/5535/6044
f 11643/5540/6049 11665/5541/6050 11642/5539/6048
f 11642/5539/6048 11665/5541/6050 11645/5542/6051
f 11665/5541/6050 11648/5543/6052 11645/5542/6051
f 11642/5539/6048 11666/5536/6045 11643/5540/6049
f 11667/5544/6053 11646/5545/6054 11645/5546/6055
f 11667/5544/6053 11648/5547/6056 11646/5545/6054
f 11647/5548/6057 11652/5549/6058 11645/5546/6055
f 11648/5547/6056 11649/5550/6059 11646/5545/6054
f 11647/5548/6057 11645/5546/6055 11646/5545/6054
f 11650/5551/6060 11646/5545/6054 11649/5550/6059
f 11668/5552/6061 11661/5553/6062 11662/5554/6063
f 11660/5555/6064 11662/5554/6063 11661/5553/6062
f 11654/5556/6065 11653/5557/6066 11646/5558/6067
f 11651/5559/6068 11654/5560/6069 11650/5551/6070
f 11654/5556/6065 11656/5561/6071 11653/5557/6066
f 11657/5562/6072 11663/5563/6073 11655/5564/6074
f 11654/5556/6065 11655/5564/6075 11656/5561/6071
f 11660/5555/6064 11663/5563/6073 11657/5562/6072
f 11661/5553/6062 11663/5563/6073 11660/5555/6064
f 11658/5565/6076 11656/5561/6071 11655/5564/6075
f 11730/5566/6077 11727/5567/6078 11729/5568/6079
f 11786/5569/6080 11784/5570/6081 11783/5571/6082
f 11805/5572/6083 11806/5573/6084 11810/5574/6085
f 11821/5575/6086 11819/5576/6087 11818/5577/6088
f 11824/5578/6089 11819/5579/6090 11873/5580/6091
f 11826/5581/6092 11873/5580/6091 11821/5582/6093
f 11874/5583/6094 11843/5584/6095 11870/5585/6096
f 11823/5586/6097 11825/5587/6098 11819/5588/6099
f 11874/5583/6100 11868/5589/6101 11867/5590/6102
f 11826/5581/6092 11824/5578/6089 11873/5580/6091
f 11865/5591/6103 11874/5583/6100 11867/5590/6102
f 11822/5592/6104 11819/5576/6087 11821/5575/6086
f 11867/5590/6102 11868/5589/6101 11870/5593/6105
f 11864/5594/6106 11865/5591/6107 11866/5595/6108
f 11826/5581/6092 11825/5587/6109 11824/5578/6089
f 11843/5596/6110 11865/5591/6107 11864/5594/6106
f 11827/5597/6111 11825/5587/6109 11826/5581/6092
f 11833/5598/6112 11830/5599/6113 11862/5600/6114
f 11829/5601/6115 11831/5602/6116 11830/5603/6117
f 11841/5604/6118 11843/5596/6110 11844/5605/6119
f 11832/5606/6120 11831/5602/6116 11829/5601/6115
f 11862/5600/6114 11832/5606/6121 11833/5598/6112
f 11863/5607/6122 11832/5606/6120 11829/5601/6115
f 11835/5608/6123 11833/5598/6112 11832/5606/6121
f 11842/5609/6124 11843/5596/6110 11841/5604/6118
f 11847/5610/6125 11842/5609/6124 11841/5604/6118
f 11828/5611/6126 11827/5597/6111 11826/5581/6092
f 11841/5612/6127 11848/5613/6128 11849/5614/6129
f 11843/5596/6110 11864/5594/6106 11844/5605/6119
f 11828/5611/6126 11830/5603/6117 11827/5597/6111
f 11829/5601/6115 11830/5603/6117 11828/5611/6126
f 11835/5608/6123 11834/5615/6130 11833/5598/6112
f 11840/5616/6131 11839/5617/6132 11841/5618/6133
f 11840/5619/6134 11846/5620/6135 11847/5621/6136
f 11860/5622/6137 11837/5623/6138 11835/5624/6139
f 11845/5625/6140 11847/5621/6136 11846/5620/6135
f 11837/5623/6138 11838/5626/6141 11836/5627/6142
f 11837/5623/6138 11836/5627/6142 11835/5624/6139
f 11841/5628/6143 11836/5627/6142 11838/5626/6141
f 11854/5629/6144 11853/5630/6145 11838/5631/6146
f 11841/5632/6147 11857/5633/6148 11846/5620/6149
f 11856/5634/6150 11841/5635/6151 11855/5636/6152
f 11858/5637/6153 11841/5618/6154 11850/5638/6155
f 11853/5630/6156 11856/5634/6150 11855/5636/6152
f 11853/5639/6157 11837/5623/6138 11860/5622/6137
f 11851/5640/6158 11856/5634/6150 11853/5630/6156
f 11851/5641/6159 11857/5642/6160 11858/5637/6160
f 11852/5643/6161 11851/5640/6158 11853/5630/6156
f 11982/5644/6162 11981/5645/6163 11979/5646/6164
f 12097/5647/6165 12100/5648/6166 12101/5649/6167
f 12097/5647/6165 12098/5650/6168 12100/5648/6166
f 12039/5651/6169 12045/5652/6170 12043/5653/6171
f 12039/5654/6172 12041/5655/6173 12044/5656/6174
f 12041/5657/6175 12043/5658/6176 12042/5659/6177
f 12034/5660/6178 12039/5651/6169 12043/5653/6171
f 12099/5661/6179 12098/5650/6168 12097/5647/6165
f 12025/5662/6180 12038/5663/6181 12041/5664/6182
f 12038/5663/6181 12034/5660/6183 12041/5664/6182
f 12047/5665/6184 12039/5651/6169 12034/5660/6178
f 12096/5666/6185 12097/5667/6186 12065/5668/6187
f 12103/5669/6188 12097/5667/6186 12096/5666/6185
f 12034/5660/6183 12038/5663/6181 12040/5670/6189
f 12033/5671/6190 12040/5672/6191 12032/5673/6192
f 12037/5674/6193 12034/5675/6194 12025/5676/6195
f 12034/5675/6194 12032/5673/6192 12025/5676/6195
f 12033/5671/6190 12032/5673/6192 12034/5675/6194
f 12088/5677/6196 12087/5678/6197 12089/5679/6198
f 12037/5674/6193 12035/5680/6199 12034/5675/6194
f 12035/5680/6199 12036/5681/6200 12034/5675/6194
f 12088/5677/6196 12084/5682/6201 12087/5678/6197
f 12035/5680/6199 12022/5683/6202 12036/5681/6200
f 12025/5684/6203 12018/5685/6204 12026/5686/6205
f 12026/5686/6205 12018/5685/6204 12035/5680/6206
f 12087/5678/6197 12084/5682/6201 12086/5687/6207
f 12024/5688/6208 12018/5685/6204 12025/5684/6203
f 12031/5689/6209 12029/5690/6210 12030/5691/6211
f 12046/5692/6212 12108/5693/6213 12031/5694/6214
f 12017/5695/6215 12029/5696/6216 12046/5697/6217
f 12015/5698/6218 12017/5695/6215 12046/5697/6217
f 12013/5699/6219 12018/5700/6220 12016/5701/6221
f 12018/5700/6220 12017/5702/6222 12016/5701/6221
f 12017/5702/6223 12021/5703/6224 12020/5704/6225
f 12018/5700/6220 12019/5705/6226 12017/5702/6222
f 12017/5702/6223 12027/5706/6227 12021/5703/6224
f 12025/5684/6228 12028/5707/6229 12027/5706/6230
f 12019/5705/6226 12025/5708/6231 12017/5702/6222
f 12014/5709/6232 12023/5710/6233 12018/5711/6234
f 12059/5712/6235 12067/5713/6236 12065/5714/6237
f 12059/5712/6235 12064/5715/6238 12067/5713/6236
f 12065/5716/6239 12066/5717/6240 12068/5718/6241
f 12066/5717/6240 12067/5713/6242 12068/5718/6241
f 12013/5719/6243 12053/5720/6244 12052/5721/6245
f 12014/5722/6246 12013/5719/6243 12052/5721/6245
f 12058/5723/6247 12071/5724/6248 12060/5725/6249
f 12094/5726/6250 12081/5727/6251 12093/5728/6252
f 12058/5723/6247 12057/5729/6253 12071/5724/6248
f 12056/5730/6254 12057/5729/6253 12058/5723/6247
f 12057/5729/6253 12073/5731/6255 12060/5732/6256
f 12048/5733/6257 12049/5734/6258 12020/5735/6259
f 12093/5728/6252 12075/5736/6260 12094/5726/6250
f 12075/5737/6261 12079/5738/6262 12081/5739/6263
f 12056/5730/6254 12073/5731/6255 12057/5729/6253
f 12055/5740/6264 12073/5731/6255 12056/5730/6254
f 12052/5721/6245 12074/5741/6265 12054/5742/6266
f 12053/5720/6244 12074/5741/6265 12052/5721/6245
f 12083/5743/6267 12084/5744/6268 12091/5745/6269
f 12058/5723/6247 12060/5725/6249 12059/5746/6270
f 12075/5737/6271 12077/5747/6272 12048/5748/6273
f 12020/5749/6274 12077/5747/6272 12075/5737/6271
f 12083/5743/6267 12082/5750/6275 12084/5744/6268
f 12081/5751/6276 12082/5750/6275 12083/5743/6267
f 12081/5751/6276 12080/5752/6277 12082/5750/6275
f 12091/5753/6278 12081/5754/6279 12095/5755/6280
f 12059/5746/6270 12060/5725/6249 12062/5756/6281
f 12070/5757/6282 12058/5723/6247 12059/5746/6270
f 12052/5721/6245 12054/5742/6266 12055/5740/6283
f 12075/5737/6271 12048/5748/6273 12076/5758/6284
f 12055/5740/6283 12054/5742/6266 12072/5759/6285
f 12075/5737/6271 12076/5758/6284 12080/5760/6286
f 12276/5761/6287 12277/5762/6288 12274/5763/6289
f 12275/5764/6290 12276/5761/6287 12274/5763/6289
f 12286/5765/6291 12287/5766/6292 12284/5767/6293
l 1 2
l 25 24
l 41 47
l 604 605
l 574 575
l 151 149
l 570 571
l 464 460
l 461 462
l 126 142
l 658 659
l 100 140
l 509 510
l 505 506
l 539 540
l 98 94
l 628 629
l 493 494
l 102 103
l 471 472
l 812 813
l 1072 1073
l 1122 1123
l 382 383
l 177 202
l 1046 1047
l 798 799
l 162 164
l 1054 1055
l 852 853
l 393 409
l 761 762
l 172 232
l 750 751
l 424 407
l 756 757
l 412 318
l 896 897
l 316 311
l 912 913
l 1026 1027
l 864 865
l 876 877
l 948 949
l 1036 1037
l 377 378
l 58 59
l 267 246
l 731 732
l 892 893
l 716 717
l 967 968
l 287 351
l 1002 1003
l 840 841
l 1050 1051
l 792 793
l 1128 1129
l 1134 1145
l 1170 1171
l 1189 1190
l 1200 1201
l 1235 1236
l 1248 1250
l 1268 1269
l 1254 1257
l 1272 1273
l 1303 1304
l 1442 1443
l 1367 1368
l 1911 1908
l 2204 2205
l 2099 2100
l 2361 2362
l 1532 1533
l 2359 2360
l 1319 1320
l 2357 2358
l 1728 1836
l 1898 1895
l 2208 2209
l 2095 2096
l 2373 2374
l 1644 1645
l 2259 2260
l 2240 2241
l 2256 2257
l 1564 1565
l 2039 2040
l 2219 2221
l 1612 1613
l 1733 1768
l 2217 2218
l 1426 1427
l 2280 2281
l 1516 1517
l 1474 1475
l 2226 2227
l 2275 2276
l 2248 2249
l 2041 2042
l 1335 1336
l 1917 1918
l 1691 1874
l 1678 1681
l 2232 2233
l 2037 2038
l 1628 1629
l 2326 2327
l 1548 1549
l 1490 1491
l 1398 1399
l 2141 2142
l 1785 1789
l 2128 2130
l 1649 1945
l 2187 2188
l 2399 2400
l 1580 1581
l 2153 2154
l 2122 2123
l 2407 2408
l 1797 1790
l 1807 1824
l 2110 2111
l 2173 2174
l 1412 1413
l 1814 1815
l 1458 1459
l 2183 2184
l 2177 2178
l 1658 1924
l 1810 1941
l 1351 1352
l 1596 1597
l 2181 2182
l 1811 1812
l 1402 1403
l 1661 1660
l 2339 2340
l 1890 1892
l 2335 2336
l 1983 1984
l 1946 1932
l 1987 1988
l 1887 1888
l 2459 2438
l 2424 2414
l 2472 2473
l 2496 2504
l 2488 2489
l 2516 2517
l 2548 2549
l 3070 3071
l 3065 3066
l 3057 3058
l 2981 2982
l 3028 3029
l 3010 3011
l 2583 2699
l 3032 3033
l 2995 2996
l 2685 2693
l 2962 2963
l 2562 2563
l 2887 2888
l 2668 2689
l 2736 2737
l 2739 2745
l 2694 2697
l 2791 2792
l 3098 3099
l 2827 2828
l 2799 2800
l 2813 2814
l 2692 2695
l 2648 2669
l 2843 2844
l 2839 2840
l 2642 2639
l 2873 2874
l 2889 2890
l 2716 2633
l 2716 2721
l 3118 3119
l 3122 3123
l 3121 3122
l 3132 3133
l 3512 3513
l 3458 3459
l 3233 3283
l 3432 3433
l 3462 3463
l 3456 3457
l 3430 3431
l 3542 3543
l 3486 3487
l 3310 3318
l 3492 3493
l 3466 3467
l 3406 3407
l 3324 3326
l 3452 3453
l 3377 3378
l 3224 3291
l 3155 3230
l 3472 3473
l 3317 3320
l 3436 3437
l 3163 3298
l 3488 3489
l 3381 3382
l 3644 3645
l 3448 3449
l 3566 3567
l 3572 3573
l 3588 3589
l 3594 3595
l 3213 3216
l 3211 3218
l 3618 3619
l 3680 3681
l 3708 3709
l 3687 3688
l 3648 3650
l 3695 3698
l 3704 3705
l 3934 3935
l 3918 3919
l 3819 3820
l 3922 3923
l 3893 3894
l 3873 3874
l 3883 3884
l 3877 3878
l 3753 3749
l 3854 3855
l 3842 3779
l 3850 3851
l 3889 3890
l 3989 3990
l 3744 3759
l 3964 3965
l 3979 3980
l 3964 3966
l 3944 3945
l 3960 3961
l 3729 3730
l 4005 4006
l 3815 3848
l 4042 4043
l 4060 4061
l 4117 4125
l 4369 4370
l 4439 4440
l 4132 4092
l 4331 4332
l 4365 4366
l 4124 4154
l 4327 4328
l 4121 4197
l 4112 4197
l 4130 4197
l 4325 4326
l 4356 4357
l 4352 4353
l 4405 4406
l 4284 4285
l 4271 4272
l 4231 4232
l 4237 4238
l 4427 4428
l 4278 4279
l 4070 4071
l 4433 4434
l 4138 4148
l 4275 4276
l 4140 4141
l 4455 4456
l 4460 4462
l 4481 4482
l 4531 4532
l 4593 4594
l 4576 4577
l 4589 4590
l 4599 4600
l 4612 4613
l 4619 4620
l 4840 4841
l 4691 4696
l 4639 4646
l 4721 4722
l 4724 4725
l 4708 4709
l 4758 4759
l 4752 4753
l 4848 4849
l 4776 4777
l 4665 4670
l 4637 4634
l 4623 4624
l 4653 4669
l 4836 4837
l 4832 4833
l 4796 4797
l 4820 4821
l 4800 4801
l 4816 4817
l 4869 4872
l 4882 4880
l 4899 4902
l 4913 4915
l 4916 4917
l 4928 4932
l 4933 4934
l 4961 4962
l 4981 4982
l 6170 6171
l 6150 6151
l 6178 6179
l 5790 5791
l 5780 5781
l 6122 6123
l 5302 5317
l 6114 6115
l 6118 6119
l 5370 5391
l 5091 5419
l 5786 5787
l 5925 5926
l 5018 5021
l 5766 5767
l 5730 5731
l 5762 5763
l 5206 5207
l 5734 5735
l 5893 5894
l 5768 5769
l 5376 5378
l 5388 5387
l 5015 5016
l 5465 5466
l 5341 5359
l 5373 5185
l 5012 4998
l 5474 5475
l 5637 5638
l 5827 5828
l 5935 5936
l 5980 5981
l 5665 5666
l 5956 5957
l 5156 5367
l 5862 5863
l 5329 5368
l 5825 5826
l 5689 5690
l 5514 5515
l 5945 5946
l 5889 5890
l 5039 5121
l 5244 5274
l 6034 6035
l 5518 5519
l 5911 5912
l 5134 5140
l 5964 5965
l 5968 5969
l 5546 5547
l 6052 6053
l 5338 5420
l 5992 5993
l 5527 5528
l 5837 5838
l 5554 5555
l 6060 6061
l 5619 5620
l 5356 5365
l 6100 6101
l 5105 5106
l 6014 6015
l 5568 5569
l 6102 6103
l 5607 5608
l 5590 5591
l 5578 5579
l 5574 5575
l 5580 5581
l 6084 6085
l 6088 6089
l 6347 6348
l 6291 6292
l 6221 6279
l 6331 6332
l 6284 6286
l 6284 6285
l 6295 6296
l 6270 6271
l 6269 6275
l 6278 6272
l 6585 6586
l 6967 6968
l 6969 6970
l 6598 6610
l 6963 6964
l 7020 7021
l 6752 6753
l 6467 6468
l 6916 6917
l 6746 6747
l 6523 6530
l 6408 6628
l 6726 6727
l 6744 6745
l 6414 6427
l 6894 6895
l 6734 6735
l 6718 6719
l 6643 6644
l 6465 6487
l 6417 6429
l 6884 6885
l 6453 6461
l 6448 6445
l 6442 6425
l 6457 6516
l 6843 6844
l 6710 6711
l 6505 6420
l 6795 6796
l 6484 6564
l 6824 6825
l 6504 6508
l 6945 6946
l 6949 6950
l 6828 6829
l 6806 6807
l 6810 6811
l 7095 7097
l 7105 7106
l 7111 7112
l 7138 7139
l 7147 7154
l 7155 7156
l 7161 7162
l 7164 7165
l 7172 7173
l 7183 7184
l 7189 7190
l 7227 7229
l 7246 7247
l 7372 7373
l 7371 7372
l 7493 7494
l 7419 7420
l 7482 7483
l 7341 7305
l 7454 7455
l 7306 7344
l 7332 7333
l 7398 7399
l 7382 7383
l 7303 7328
l 7480 7481
l 7394 7395
l 7402 7403
l 7316 7356
l 7504 7505
l 7337 7304
l 7495 7496
l 7404 7405
l 7497 7498
l 7464 7465
l 7474 7475
l 7530 7531
l 7261 7262
l 7558 7561
l 7588 7589
l 7608 7609
l 7635 7637
l 7641 7642
l 7654 7655
l 7672 7673
l 7676 7677
l 7701 7702
l 7715 7716
l 7718 7719
l 7710 7709
l 7734 7735
l 7732 7733
l 7758 7759
l 7738 7739
l 7736 7737
l 7782 7784
l 7787 7789
l 7804 7805
l 7807 7809
l 7842 7843
l 7844 7845
l 7864 7865
l 7862 7863
l 8109 8110
l 8270 8271
l 8105 8106
l 7990 8016
l 8123 8124
l 8070 8071
l 8076 8077
l 8278 8279
l 8057 8058
l 8063 8064
l 7909 7912
l 8043 8044
l 7895 7896
l 8252 8253
l 7993 8031
l 7981 8035
l 8199 8200
l 8196 8197
l 7940 7984
l 8188 8189
l 8282 8283
l 8186 8187
l 7921 7916
l 8205 8206
l 7929 7927
l 7923 7928
l 7926 7954
l 8288 8289
l 8298 8299
l 8313 8312
l 8318 8319
l 8360 8358
l 8366 8367
l 8364 8365
l 8385 8386
l 8388 8389
l 8394 8397
l 9338 9339
l 9334 9335
l 8532 8534
l 8529 8665
l 8753 8793
l 9393 9394
l 8443 8537
l 9122 9123
l 9309 9310
l 8481 8535
l 9253 9254
l 9348 9349
l 9109 9110
l 9399 9400
l 9212 9213
l 9369 9370
l 8582 8791
l 8465 8466
l 9180 9181
l 8455 8680
l 8558 8680
l 9013 9014
l 8880 8881
l 8570 8437
l 8721 8723
l 8918 8919
l 9021 9022
l 9105 9106
l 8731 8736
l 8409 8410
l 8932 8933
l 8912 8913
l 9101 9102
l 8692 8761
l 8842 8843
l 9097 9098
l 8803 8804
l 8809 8810
l 8610 8606
l 8592 8587
l 8607 8717
l 9079 9080
l 8837 8838
l 8827 8828
l 8427 8424
l 8553 8638
l 8637 8638
l 8944 8945
l 9054 9055
l 8642 8676
l 9043 9044
l 9041 9042
l 9026 9027
l 9289 9290
l 9295 9296
l 8694 8696
l 9432 9433
l 9474 9476
l 9473 9474
l 9478 9479
l 9802 9803
l 9548 9550
l 9582 9610
l 9806 9807
l 9757 9758
l 9593 9534
l 9553 9554
l 9794 9795
l 9599 9614
l 9655 9656
l 9726 9727
l 9522 9523
l 9564 9574
l 9708 9709
l 9631 9597
l 9566 9589
l 9674 9675
l 9703 9705
l 9686 9687
l 9712 9713
l 9722 9723
l 9860 9861
l 9864 9865
l 9878 9879
l 9885 9886
l 9909 9910
l 9935 9936
l 9978 9979
l 9963 9964
l 9970 9971
l 9965 9966
l 9975 9976
l 9989 9990
l 9999 10000
l 9982 9983
l 10019 10020
l 10036 10037
l 10055 10054
l 10087 10089
l 10095 10096
l 10112 10113
l 10105 10104
l 10127 10128
l 10118 10119
l 10103 10102
l 10126 10127
l 10139 10140
l 10156 10155
l 10151 10152
l 10146 10155
l 10160 10161
l 10192 10193
l 10381 10382
l 10321 10322
l 10323 10324
l 10349 10350
l 10274 10275
l 10249 10251
l 10278 10279
l 10282 10283
l 10298 10299
l 10240 10244
l 10335 10336
l 10401 10402
l 10405 10406
l 10411 10414
l 10459 10460
l 10465 10464
l 10763 10860
l 11442 11443
l 11254 11255
l 11284 11285
l 11292 11293
l 11378 11379
l 11268 11269
l 10750 10653
l 11081 11082
l 10731 10729
l 10753 10651
l 10805 10859
l 11071 11072
l 10660 10817
l 11452 11453
l 11045 11046
l 10896 10897
l 11018 11019
l 11032 11033
l 10663 10866
l 11012 11014
l 11012 11013
l 11016 11017
l 10884 10885
l 10492 10493
l 11008 11009
l 10602 10619
l 10666 10680
l 10958 10960
l 10955 10957
l 10923 10924
l 10608 10609
l 10702 10792
l 10931 10932
l 10994 10995
l 10688 10692
l 10929 10930
l 10686 10688
l 11188 11189
l 10592 10588
l 11119 11120
l 11106 11107
l 10690 10691
l 10508 10509
l 11133 11134
l 11197 11198
l 10641 10586
l 10718 10572
l 10739 10788
l 11157 11158
l 11099 11100
l 10742 10744
l 11192 11193
l 11161 11162
l 10740 10789
l 11202 11203
l 11278 11279
l 11361 11362
l 10561 10585
l 10555 10558
l 10524 10525
l 11309 11310
l 11323 11324
l 11470 11471
l 11484 11485
l 11507 11508
l 11515 11516
l 11539 11537
l 11523 11524
l 11556 11557
l 11558 11559
l 11574 11575
l 11606 11607
l 11623 11624
l 11636 11637
l 11665 11666
l 11694 11695
l 11652 11653
l 11723 11724
l 11746 11747
l 11740 11741
l 11764 11765
l 11754 11755
l 11779 11780
l 11885 11886
l 11881 11882
l 11961 11962
l 11793 11794
l 11826 11829
l 11917 11918
l 11909 11910
l 11837 11854
l 11935 11936
l 11931 11932
l 11987 11988
l 11989 11991
l 11989 11990
l 11992 11993
l 12050 12051
l 12156 12157
l 12152 12153
l 12038 12032
l 12148 12149
l 12146 12147
l 12227 12228
l 12233 12234
l 12132 12133
l 12120 12121
l 12110 12111
l 12028 12021
l 12092 12093
l 12061 12071
l 12077 12049
l 12083 12095
l 12059 12063
l 12276 12280
l 12273 12281
l 12290 12291
l 12292 12293
l 12300 12302
l 12304 12305
l 22 23
l 7 8
l 48 49
l 600 601
l 464 463
l 136 307
l 618 619
l 596 597
l 586 587
l 521 522
l 511 512
l 654 655
l 527 528
l 445 450
l 121 123
l 438 452
l 582 583
l 533 534
l 85 93
l 79 74
l 487 488
l 479 480
l 67 68
l 495 496
l 610 611
l 102 107
l 420 419
l 475 476
l 109 106
l 185 174
l 816 817
l 836 837
l 416 422
l 1108 1109
l 374 373
l 1118 1119
l 806 807
l 802 803
l 767 768
l 774 775
l 225 166
l 1044 1045
l 778 779
l 996 997
l 858 859
l 955 956
l 1032 1033
l 1094 1095
l 397 439
l 743 745
l 270 413
l 828 829
l 882 883
l 942 943
l 741 742
l 1060 1061
l 868 869
l 310 312
l 880 881
l 398 357
l 796 797
l 341 328
l 696 697
l 672 673
l 1066 1067
l 694 695
l 691 692
l 979 980
l 219 222
l 238 247
l 346 291
l 353 354
l 1139 1140
l 1141 1143
l 1132 1142
l 1153 1157
l 1130 1131
l 1162 1163
l 1201 1206
l 1208 1209
l 1204 1205
l 1212 1213
l 1215 1216
l 1217 1218
l 1235 1237
l 1273 1276
l 1281 1282
l 1284 1288
l 1297 1298
l 1309 1310
l 1554 1555
l 2236 2237
l 1857 1858
l 1570 1571
l 1902 1903
l 2202 2203
l 1522 1523
l 2341 2342
l 2267 2268
l 2365 2366
l 1464 1465
l 2209 2210
l 1618 1619
l 1875 1882
l 1869 1948
l 1602 1603
l 2047 2048
l 1325 1326
l 2252 2253
l 2053 2054
l 2027 2028
l 1687 1685
l 1506 1507
l 2328 2329
l 2078 2079
l 1781 1769
l 1538 1539
l 1834 1883
l 2322 2323
l 1783 1931
l 1341 1342
l 1759 1770
l 2006 2007
l 2136 2137
l 2120 2121
l 1496 1497
l 2114 2115
l 1777 1778
l 1957 1958
l 1480 1481
l 1432 1433
l 1668 1657
l 1448 1449
l 1586 1587
l 1819 1820
l 2309 2310
l 1827 1829
l 1971 1972
l 2105 2106
l 1634 1635
l 1947 1716
l 1357 1358
l 1720 1916
l 2464 2465
l 2478 2479
l 2502 2504
l 2494 2493
l 2512 2513
l 2539 2538
l 2539 2535
l 3061 3062
l 2707 2722
l 3043 3044
l 2584 2579
l 2999 3000
l 2956 2957
l 2552 2553
l 2596 2590
l 2960 2961
l 3055 3056
l 3012 3013
l 3003 3005
l 2969 2970
l 3003 3004
l 2607 2635
l 3078 3081
l 2768 2769
l 2612 2637
l 2831 2832
l 2936 2937
l 2743 2748
l 2795 2796
l 2619 2620
l 2641 2644
l 2926 2927
l 2807 2808
l 2858 2859
l 2893 2894
l 2877 2878
l 2917 2918
l 2568 2569
l 2724 2725
l 3231 3235
l 3460 3461
l 3546 3547
l 3184 3172
l 3496 3497
l 3158 3228
l 3528 3529
l 3520 3521
l 3280 3289
l 3524 3525
l 3408 3409
l 3229 3291
l 3404 3405
l 3474 3475
l 3478 3479
l 3389 3390
l 3329 3328
l 3320 3307
l 3367 3368
l 3161 3162
l 3562 3563
l 3570 3571
l 3270 3302
l 3610 3611
l 3260 3245
l 3640 3641
l 3616 3617
l 3624 3625
l 3679 3680
l 3683 3682
l 3664 3675
l 3816 3820
l 3926 3927
l 3773 3818
l 3812 3831
l 3911 3912
l 3836 3837
l 3862 3863
l 3858 3859
l 3865 3866
l 3983 3984
l 3719 3720
l 3999 4000
l 3977 3978
l 3743 3809
l 3993 3994
l 3742 3805
l 4038 4039
l 4024 4025
l 4443 4444
l 4413 4414
l 4389 4390
l 4363 4364
l 4409 4410
l 4123 4154
l 4322 4323
l 4294 4295
l 4198 4178
l 4162 4193
l 4122 4128
l 4190 4178
l 4429 4430
l 4245 4246
l 4170 4200
l 4290 4291
l 4468 4469
l 4489 4491
l 4510 4511
l 4521 4522
l 4495 4498
l 4547 4548
l 4585 4587
l 4570 4571
l 4603 4604
l 4606 4607
l 4609 4610
l 4618 4620
l 4828 4829
l 4704 4696
l 4762 4763
l 4728 4729
l 4722 4723
l 4824 4825
l 4736 4737
l 4734 4735
l 4711 4718
l 4675 4684
l 4788 4789
l 4680 4701
l 4812 4813
l 4808 4809
l 4896 4897
l 4905 4906
l 4924 4925
l 4921 4920
l 4941 4942
l 4968 4969
l 6146 6147
l 6154 6155
l 6136 6137
l 6182 6183
l 6168 6169
l 5391 5320
l 5770 5772
l 6126 6127
l 5203 5360
l 5770 5771
l 5775 5776
l 5389 5390
l 5447 5448
l 6130 6131
l 5318 5272
l 5389 5374
l 4985 4986
l 5223 5427
l 5907 5908
l 5327 5128
l 5679 5680
l 5264 5392
l 5939 5940
l 5982 5983
l 5053 5054
l 5683 5684
l 5972 5973
l 6028 6029
l 5416 5418
l 5656 5657
l 5635 5636
l 5988 5989
l 5000 5028
l 5658 5659
l 5488 5489
l 5403 5405
l 5056 5096
l 6048 6049
l 5484 5485
l 5132 5133
l 6022 6023
l 5372 5031
l 6020 6021
l 5713 5714
l 5693 5694
l 5522 5523
l 6056 6057
l 5847 5848
l 5794 5795
l 5349 5366
l 5629 5630
l 5873 5874
l 5183 5033
l 5529 5530
l 5144 5169
l 5174 5371
l 5584 5585
l 5566 5567
l 6094 6095
l 6092 6093
l 5148 5164
l 6106 6107
l 6200 6201
l 6247 6243
l 6341 6342
l 6371 6372
l 6337 6338
l 6255 6263
l 6351 6352
l 6303 6304
l 6226 6228
l 6381 6382
l 6384 6383
l 6988 6989
l 7016 7017
l 7024 7025
l 6984 6985
l 6591 6474
l 6994 6995
l 6601 6604
l 6545 6552
l 6998 6999
l 6728 6729
l 6623 6626
l 6772 6773
l 6433 6634
l 6571 6432
l 6432 6431
l 6776 6777
l 6430 6630
l 6527 6551
l 6888 6889
l 6850 6851
l 6446 6403
l 6677 6678
l 6882 6883
l 6688 6689
l 6688 6690
l 6394 6395
l 6673 6674
l 6535 6481
l 6667 6668
l 6494 6452
l 6510 6509
l 6814 6815
l 6833 6834
l 6935 6936
l 6957 6958
l 7069 7068
l 7065 7067
l 7093 7095
l 7106 7107
l 7100 7101
l 7112 7113
l 7121 7123
l 7120 7121
l 7119 7122
l 7135 7136
l 7141 7142
l 7145 7153
l 7146 7147
l 7157 7158
l 7166 7170
l 7181 7182
l 7175 7176
l 7201 7202
l 7236 7237
l 7251 7252
l 7370 7371
l 7484 7486
l 7419 7421
l 7508 7509
l 7425 7426
l 7550 7551
l 7388 7389
l 7340 7338
l 7329 7324
l 7294 7318
l 7444 7445
l 7296 7292
l 7448 7449
l 7284 7276
l 7518 7519
l 7285 7354
l 7279 7282
l 7351 7352
l 7281 7357
l 7532 7533
l 7280 7287
l 7538 7539
l 7360 7363
l 7554 7555
l 7573 7574
l 7577 7578
l 7581 7582
l 7594 7596
l 7625 7628
l 7613 7614
l 7662 7667
l 7658 7659
l 7680 7681
l 7691 7692
l 7696 7698
l 7711 7712
l 7764 7765
l 7776 7777
l 7790 7791
l 7823 7824
l 7809 7812
l 7839 7840
l 7858 7859
l 7860 7861
l 7885 7886
l 8274 8275
l 8087 8088
l 8089 8090
l 8005 8007
l 8113 8114
l 7906 7967
l 8061 8062
l 8164 8165
l 7955 8038
l 8001 8012
l 7951 8029
l 8234 8235
l 8153 8154
l 8170 8171
l 7904 7915
l 8145 8148
l 8174 8175
l 8284 8285
l 8176 8177
l 8268 8269
l 8212 8213
l 8248 8249
l 7930 7974
l 8254 8255
l 7933 7973
l 8302 8305
l 8332 8333
l 8334 8335
l 8352 8353
l 8378 8379
l 8386 8387
l 9132 9133
l 9134 9135
l 9120 9121
l 9249 9250
l 9136 9137
l 9140 9141
l 8458 8460
l 8712 8565
l 9245 9246
l 9115 9116
l 9315 9316
l 8714 8715
l 9313 9314
l 9198 9199
l 8490 8776
l 9251 9252
l 9162 9163
l 8463 8450
l 9403 9404
l 8898 8899
l 9273 9274
l 9172 9173
l 8900 8901
l 9146 9147
l 9087 9088
l 8884 8885
l 9190 9191
l 9194 9195
l 8734 8748
l 8868 8869
l 8561 8726
l 8773 8772
l 8888 8889
l 9148 9149
l 8972 8973
l 8503 8514
l 9222 9223
l 8552 8646
l 9154 9155
l 8962 8963
l 8616 8737
l 9089 9090
l 8823 8824
l 8641 8507
l 8517 8640
l 9073 9074
l 9259 9260
l 8813 8817
l 8571 8584
l 9083 9084
l 8424 8418
l 8922 8923
l 8858 8859
l 9062 9063
l 8850 8851
l 8554 8784
l 8984 8985
l 8679 8794
l 9039 9040
l 9261 9262
l 9001 9002
l 9044 9045
l 9024 9025
l 9299 9300
l 9407 9408
l 9422 9423
l 9438 9439
l 9444 9445
l 9443 9444
l 9448 9449
l 9450 9451
l 9465 9466
l 9489 9490
l 9528 9529
l 9810 9811
l 9824 9825
l 9777 9778
l 9556 9559
l 9762 9763
l 9838 9839
l 9747 9748
l 9743 9744
l 9555 9572
l 9646 9648
l 9678 9679
l 9701 9702
l 9854 9855
l 9868 9869
l 9891 9906
l 9888 9889
l 9920 9921
l 9937 9938
l 9950 9954
l 9983 9984
l 9980 9981
l 10005 10006
l 10007 10008
l 10027 10028
l 10085 10094
l 10091 10092
l 10073 10081
l 10119 10123
l 10131 10132
l 10107 10109
l 10133 10134
l 10160 10162
l 10179 10178
l 10186 10187
l 10377 10378
l 10365 10366
l 10312 10313
l 10353 10354
l 10304 10305
l 10232 10233
l 10361 10362
l 10288 10289
l 10242 10243
l 10300 10301
l 10394 10393
l 10431 10433
l 10440 10441
l 10444 10445
l 10453 10454
l 10455 10457
l 10473 10474
l 11432 11433
l 11446 11447
l 11428 11429
l 11420 11421
l 11462 11463
l 10787 10821
l 11386 11387
l 11376 11377
l 10800 10863
l 10766 10767
l 10819 10785
l 11240 11241
l 11227 11228
l 11151 11152
l 10482 10483
l 10803 10864
l 11258 11259
l 10779 10814
l 10661 10839
l 11042 11043
l 10900 10901
l 11149 11150
l 10638 10866
l 10905 10906
l 10810 10824
l 11264 11265
l 10643 10645
l 11028 11029
l 10648 10649
l 11024 11025
l 10972 10973
l 10682 10778
l 10603 10862
l 10935 10936
l 10948 10949
l 10498 10499
l 10975 10976
l 11173 11174
l 10988 10989
l 11108 11109
l 11111 11112
l 10582 10573
l 11091 11092
l 10514 10515
l 11223 11224
l 10712 10717
l 11203 11204
l 10831 10789
l 11204 11205
l 11315 11316
l 10560 10554
l 11313 11314
l 11344 11345
l 10539 10541
l 11317 11318
l 11298 11299
l 10723 10565
l 11346 11347
l 11352 11353
l 11354 11355
l 10547 10546
l 11340 11341
l 11367 11368
l 11480 11483
l 11478 11482
l 11490 11491
l 11494 11495
l 11502 11505
l 11509 11510
l 11539 11553
l 11534 11535
l 11564 11565
l 11614 11615
l 11611 11586
l 11580 11581
l 11680 11681
l 11677 11678
l 11719 11720
l 11645 11664
l 11664 11648
l 11698 11699
l 11713 11714
l 11777 11778
l 11786 11789
l 11870 11871
l 11971 11972
l 11869 11870
l 11965 11966
l 11891 11892
l 11897 11898
l 11955 11956
l 11849 11876
l 11939 11940
l 11901 11902
l 11943 11944
l 11834 11836
l 11799 11800
l 11915 11916
l 11998 11999
l 12231 12232
l 12011 12012
l 12106 12107
l 12144 12145
l 12221 12222
l 12235 12236
l 12201 12202
l 12195 12196
l 12072 12073
l 12062 12064
l 12185 12186
l 12179 12180
l 12239 12240
l 12246 12247
l 12263 12264
l 12267 12268
l 12282 12283
l 34 35
l 26 20
l 280 281
l 458 460
l 515 516
l 561 562
l 624 625
l 507 508
l 646 647
l 551 552
l 650 651
l 434 436
l 547 548
l 499 500
l 77 78
l 543 544
l 75 72
l 592 593
l 65 66
l 1112 1113
l 380 421
l 832 833
l 299 296
l 666 667
l 1116 1117
l 371 368
l 306 301
l 850 851
l 277 253
l 856 857
l 760 761
l 171 206
l 257 254
l 932 933
l 758 759
l 1102 1103
l 54 55
l 900 901
l 319 320
l 916 917
l 1104 1105
l 1006 1007
l 400 401
l 926 927
l 729 730
l 710 711
l 323 324
l 886 887
l 725 726
l 940 941
l 334 330
l 920 921
l 702 703
l 990 991
l 1090 1091
l 973 974
l 692 693
l 1076 1077
l 983 984
l 1058 1059
l 679 680
l 685 686
l 683 684
l 1048 1049
l 1082 1083
l 1171 1172
l 1183 1184
l 1191 1192
l 1198 1199
l 1227 1224
l 1247 1246
l 1264 1265
l 1254 1255
l 1285 1287
l 1299 1300
l 1290 1291
l 1378 1376
l 2352 2353
l 1608 1609
l 1315 1316
l 2265 2266
l 1592 1593
l 1418 1419
l 2331 2332
l 1850 1870
l 1422 1423
l 2215 2216
l 1841 1879
l 2051 2052
l 2082 2083
l 1846 1844
l 1438 1439
l 1734 1767
l 1843 1930
l 1742 1843
l 1331 1332
l 1624 1625
l 2224 2225
l 2033 2034
l 1454 1455
l 2031 2032
l 1750 1766
l 1470 1471
l 1696 1883
l 2071 2072
l 1394 1395
l 2284 2285
l 1408 1409
l 1486 1487
l 2021 2022
l 2019 2020
l 2313 2314
l 2133 2134
l 1576 1577
l 1512 1513
l 1528 1529
l 1640 1641
l 1871 1885
l 1670 1672
l 1648 1925
l 1791 1801
l 1793 1824
l 1544 1545
l 2147 2148
l 1666 1669
l 2163 2164
l 1347 1348
l 2157 2158
l 2301 2302
l 2397 2398
l 2403 2404
l 1822 1956
l 2305 2306
l 2383 2384
l 1967 1968
l 1560 1561
l 2000 2001
l 1973 1974
l 2108 2109
l 2377 2378
l 1991 1992
l 1363 1364
l 1387 1386
l 2457 2456
l 2417 2419
l 2422 2423
l 2495 2490
l 2484 2485
l 2492 2494
l 2508 2509
l 2536 2524
l 2530 2532
l 2528 2531
l 3053 3054
l 2636 2722
l 3041 3042
l 2973 2974
l 2950 2951
l 2558 2559
l 2715 2740
l 2616 2617
l 2797 2798
l 2944 2945
l 2927 2928
l 2821 2822
l 3088 3089
l 2670 2682
l 2865 2866
l 3016 3017
l 2835 2836
l 2897 2898
l 2624 2727
l 2869 2870
l 2861 2862
l 2720 2766
l 2901 2902
l 2911 2912
l 2728 2726
l 2920 2921
l 3115 3116
l 3110 3111
l 3128 3129
l 3532 3533
l 3428 3429
l 3498 3499
l 3412 3413
l 3440 3441
l 3191 3198
l 3418 3419
l 3168 3169
l 3552 3553
l 3357 3358
l 3556 3557
l 3240 3150
l 3446 3447
l 3560 3561
l 3502 3503
l 3139 3244
l 3361 3362
l 3247 3264
l 3604 3605
l 3221 3245
l 3600 3601
l 3636 3637
l 3267 3277
l 3275 3277
l 3672 3673
l 3677 3678
l 3653 3654
l 3650 3651
l 3676 3696
l 3712 3717
l 3712 3713
l 3715 3716
l 3716 3718
l 3762 3764
l 3871 3872
l 3881 3882
l 3867 3868
l 3801 3844
l 3939 3940
l 3860 3861
l 3813 3789
l 3907 3908
l 3987 3988
l 3786 3782
l 3856 3857
l 3971 3972
l 4050 4051
l 3777 3778
l 3967 3968
l 3975 3976
l 4034 4035
l 4046 4047
l 4006 4007
l 4036 4037
l 4018 4019
l 4014 4015
l 3725 3726
l 4056 4057
l 4087 4155
l 4155 4134
l 4385 4386
l 4417 4418
l 4150 4133
l 4387 4388
l 4095 4174
l 4113 4108
l 4445 4446
l 4344 4345
l 4314 4315
l 4216 4217
l 4218 4219
l 4213 4215
l 4300 4301
l 4310 4311
l 4196 4078
l 4220 4221
l 4066 4067
l 4195 4204
l 4249 4250
l 4256 4257
l 4269 4270
l 4260 4261
l 4142 4140
l 4467 4468
l 4478 4481
l 4479 4480
l 4506 4508
l 4487 4488
l 4507 4515
l 4551 4552
l 4518 4517
l 4493 4492
l 4525 4526
l 4543 4544
l 4496 4499
l 4535 4536
l 4499 4497
l 4501 4497
l 4563 4564
l 4561 4562
l 4597 4598
l 4611 4612
l 4740 4741
l 4624 4625
l 4777 4778
l 4781 4782
l 4658 4660
l 4792 4793
l 4783 4784
l 4804 4805
l 4671 4672
l 4854 4855
l 4861 4862
l 4864 4865
l 4866 4867
l 4881 4882
l 4878 4879
l 4890 4891
l 4909 4911
l 4913 4914
l 4953 4954
l 4957 4958
l 5297 5311
l 6158 6159
l 5321 5314
l 5312 5402
l 5211 5330
l 5728 5729
l 5443 5444
l 5209 5198
l 5756 5757
l 5803 5804
l 5871 5872
l 5744 5745
l 5754 5755
l 6192 6193
l 5740 5741
l 5717 5718
l 5471 5472
l 5738 5739
l 5455 5456
l 5897 5898
l 5050 5058
l 5860 5861
l 5293 5226
l 5877 5878
l 5815 5816
l 6026 6027
l 5841 5842
l 5915 5916
l 5433 5260
l 6038 6039
l 5157 5367
l 5646 5647
l 5711 5712
l 5943 5944
l 5333 5395
l 5135 5256
l 5819 5820
l 5697 5698
l 5669 5670
l 5845 5846
l 5123 5369
l 5422 5083
l 5525 5526
l 5251 5243
l 5901 5902
l 5494 5495
l 5887 5888
l 5544 5545
l 5851 5852
l 5705 5706
l 4991 4992
l 5283 5323
l 5143 5139
l 5248 5250
l 5534 5535
l 6066 6067
l 5530 5531
l 5285 5265
l 5701 5702
l 5596 5597
l 5155 5355
l 5146 5148
l 5538 5539
l 6196 6197
l 5594 5595
l 5572 5573
l 5301 5165
l 5592 5593
l 6346 6347
l 6265 6266
l 6345 6346
l 6307 6308
l 6340 6341
l 6211 6212
l 6377 6378
l 6249 6250
l 6253 6254
l 6270 6280
l 6315 6316
l 6355 6356
l 6325 6326
l 6268 6269
l 6367 6368
l 6359 6360
l 6204 6209
l 6276 6277
l 6386 6387
l 6593 6609
l 7004 7005
l 6770 6771
l 6542 6543
l 6431 6438
l 6400 6401
l 6782 6783
l 6847 6849
l 6722 6723
l 6655 6656
l 6661 6662
l 6858 6859
l 6482 6550
l 6567 6570
l 6872 6873
l 6697 6698
l 6876 6877
l 6671 6672
l 6419 6423
l 6854 6855
l 6517 6607
l 6864 6865
l 6452 6458
l 6868 6869
l 6801 6803
l 6837 6838
l 6801 6802
l 6501 6638
l 6496 6511
l 6820 6821
l 6902 6903
l 6908 6909
l 6939 6940
l 7034 7035
l 6929 6930
l 6933 6934
l 7038 7039
l 7046 7047
l 7057 7058
l 7063 7064
l 7061 7062
l 7071 7070
l 7077 7076
l 7083 7084
l 7080 7081
l 7094 7096
l 7104 7108
l 7126 7127
l 7132 7133
l 7137 7138
l 7143 7144
l 7152 7153
l 7159 7160
l 7186 7185
l 7177 7178
l 7187 7188
l 7193 7194
l 7217 7220
l 7232 7233
l 7223 7226
l 7226 7228
l 7240 7241
l 7321 7322
l 7542 7543
l 7345 7347
l 7392 7393
l 7326 7311
l 7408 7409
l 7414 7416
l 7446 7447
l 7266 7267
l 7476 7477
l 7257 7258
l 7349 7273
l 7522 7523
l 7501 7502
l 7468 7469
l 7336 7335
l 7560 7561
l 7568 7569
l 7594 7595
l 7586 7587
l 7583 7584
l 7589 7590
l 7626 7629
l 7616 7618
l 7646 7647
l 7651 7652
l 7656 7657
l 7726 7727
l 7722 7723
l 7730 7731
l 7749 7748
l 7744 7745
l 7756 7760
l 7768 7769
l 7792 7793
l 7806 7811
l 7834 7835
l 7836 7838
l 7842 7841
l 7848 7849
l 7876 7878
l 7881 7882
l 7880 7884
l 7891 7892
l 7969 7970
l 8262 8263
l 8085 8086
l 8258 8259
l 7910 7995
l 7907 7913
l 8051 8052
l 8012 8013
l 8127 8128
l 8131 8132
l 8180 8181
l 8081 8082
l 8151 8152
l 8137 8138
l 7914 7931
l 7939 7938
l 8216 8217
l 7972 7975
l 8232 8233
l 7919 7924
l 7953 7954
l 8299 8300
l 8315 8317
l 8331 8330
l 8338 8339
l 8343 8348
l 8359 8360
l 8381 8382
l 8401 8402
l 8405 8406
l 9383 9384
l 9379 9380
l 9342 9343
l 9267 9268
l 8537 8586
l 9359 9360
l 8496 8531
l 8487 8520
l 9265 9266
l 9318 9319
l 9316 9317
l 8559 8448
l 9322 9323
l 9363 9364
l 9126 9127
l 8447 8472
l 9156 9157
l 9184 9185
l 9160 9161
l 8780 8767
l 9178 9179
l 9152 9153
l 8434 8505
l 9226 9227
l 8790 8789
l 9303 9304
l 8763 8756
l 8948 8949
l 9216 9217
l 8760 8763
l 8428 8646
l 9022 9023
l 8926 8927
l 8544 8545
l 9007 9008
l 8574 8689
l 9093 9094
l 8612 8795
l 8542 8563
l 9069 9070
l 8418 8576
l 9071 9072
l 9077 9078
l 8571 8640
l 8592 8617
l 8585 8640
l 8814 8818
l 8862 8863
l 8589 8655
l 8831 8832
l 8604 8596
l 9060 9061
l 8976 8977
l 8618 8601
l 8619 8598
l 8600 8685
l 9050 9051
l 9050 9052
l 9046 9047
l 9017 9018
l 8650 8652
l 8654 8626
l 9033 9034
l 9269 9270
l 8702 8634
l 9283 9284
l 9440 9441
l 9428 9429
l 9456 9458
l 9471 9472
l 9493 9494
l 9530 9541
l 9830 9831
l 9818 9819
l 9557 9542
l 9814 9815
l 9557 9559
l 9842 9843
l 9545 9554
l 9788 9789
l 9604 9602
l 9834 9835
l 9518 9519
l 9755 9756
l 9727 9728
l 9562 9563
l 9579 9592
l 9649 9650
l 9618 9640
l 9672 9673
l 9690 9691
l 9706 9707
l 9731 9732
l 9626 9627
l 9856 9857
l 9874 9875
l 9902 9903
l 9890 9907
l 9922 9923
l 9952 9953
l 9957 9958
l 9972 9973
l 9993 9995
l 10004 10003
l 10015 10016
l 10045 10047
l 10032 10044
l 10025 10026
l 10039 10042
l 10081 10074
l 10074 10075
l 10057 10058
l 10098 10099
l 10182 10183
l 10194 10195
l 10204 10205
l 10373 10374
l 10264 10265
l 10315 10316
l 10312 10314
l 10327 10328
l 10357 10358
l 10339 10340
l 10224 10250
l 10244 10245
l 10197 10200
l 10447 10448
l 10466 10467
l 10472 10470
l 11426 11427
l 11397 11399
l 11248 11249
l 11282 11283
l 10784 10786
l 11143 11144
l 11434 11435
l 11404 11405
l 10731 10737
l 11393 11394
l 11131 11132
l 11259 11260
l 11060 11061
l 11266 11267
l 10874 10875
l 10902 10904
l 10632 10633
l 11261 11262
l 10639 10754
l 11050 11051
l 10724 10725
l 10488 10489
l 10668 10724
l 10882 10883
l 10622 10625
l 10724 10679
l 10642 10630
l 10878 10879
l 11052 11053
l 10894 10895
l 10888 10889
l 10684 10693
l 11000 11001
l 10914 10915
l 10953 10956
l 10983 10984
l 10681 10792
l 10610 10664
l 10985 10986
l 11184 11185
l 11382 11383
l 10504 10505
l 11186 11187
l 11109 11110
l 11181 11180
l 11219 11220
l 11115 11116
l 11213 11214
l 10573 10576
l 11207 11208
l 10569 10570
l 10738 10710
l 11097 11099
l 11211 11212
l 11165 11166
l 10587 10577
l 11171 11172
l 10722 10716
l 10545 10563
l 10520 10521
l 10832 10529
l 10544 10858
l 11408 11409
l 11466 11467
l 11474 11481
l 11473 11479
l 11497 11499
l 11519 11520
l 11550 11548
l 11618 11612
l 11570 11571
l 11594 11595
l 11596 11605
l 11630 11631
l 11632 11633
l 11684 11685
l 11656 11659
l 11734 11735
l 11760 11761
l 11750 11751
l 11731 11727
l 11727 11728
l 11772 11773
l 11774 11772
l 11774 11775
l 11789 11790
l 11879 11880
l 11864 11848
l 11861 11833
l 11951 11952
l 11831 11862
l 11844 11848
l 11919 11920
l 11842 11845
l 11923 11924
l 11838 11855
l 11907 11908
l 11975 11976
l 11983 11984
l 12100 12102
l 12162 12163
l 12160 12161
l 12140 12141
l 12136 12137
l 12124 12125
l 12020 12029
l 12217 12218
l 12209 12210
l 12213 12214
l 12189 12190
l 12205 12206
l 12199 12200
l 12174 12175
l 12056 12052
l 12245 12246
l 12258 12259
l 12258 12260
l 12277 12278
l 12300 12301
l 3 4
l 16 15
l 43 46
l 578 579
l 282 455
l 456 459
l 568 569
l 129 147
l 135 137
l 119 139
l 513 514
l 125 128
l 537 538
l 128 143
l 634 635
l 525 526
l 630 631
l 448 449
l 638 639
l 90 88
l 642 643
l 503 504
l 491 492
l 485 486
l 614 615
l 555 556
l 110 465
l 107 110
l 467 468
l 469 470
l 64 66
l 606 607
l 161 154
l 810 811
l 201 184
l 1098 1099
l 842 843
l 1024 1025
l 1020 1021
l 782 783
l 846 847
l 1012 1013
l 408 396
l 423 424
l 908 909
l 904 905
l 670 671
l 365 394
l 862 863
l 360 388
l 748 749
l 720 721
l 387 388
l 401 308
l 377 387
l 874 875
l 786 787
l 735 736
l 226 233
l 60 61
l 1018 1019
l 329 331
l 930 931
l 191 182
l 404 444
l 406 385
l 708 709
l 910 911
l 961 962
l 952 953
l 700 701
l 969 970
l 266 244
l 195 214
l 820 821
l 1000 1001
l 339 336
l 245 274
l 288 350
l 824 825
l 237 221
l 1086 1087
l 1136 1137
l 1140 1141
l 1149 1152
l 1158 1159
l 1176 1177
l 1187 1188
l 1213 1214
l 1210 1211
l 1223 1230
l 1242 1243
l 1244 1251
l 1256 1259
l 1263 1264
l 1270 1271
l 1278 1280
l 1278 1279
l 1285 1283
l 1374 1370
l 1305 1306
l 2263 2264
l 1903 1912
l 2350 2351
l 2355 2356
l 1943 1851
l 1476 1477
l 2348 2349
l 1321 1322
l 1865 1863
l 1855 1867
l 2091 2092
l 2086 2088
l 2320 2321
l 1701 1838
l 1566 1567
l 2273 2274
l 2254 2255
l 2093 2094
l 2250 2251
l 1502 1503
l 2191 2192
l 2277 2278
l 1598 1599
l 1582 1583
l 2057 2058
l 2073 2074
l 2242 2243
l 1630 1631
l 2059 2060
l 1681 1682
l 1337 1338
l 1748 1920
l 1751 1823
l 2230 2231
l 1518 1519
l 2288 2289
l 2401 2402
l 1884 1680
l 1534 1535
l 1550 1551
l 1460 1461
l 1780 1773
l 1771 1772
l 1614 1615
l 2124 2125
l 2134 2135
l 2296 2297
l 2292 2293
l 2317 2318
l 1414 1415
l 1492 1493
l 1444 1445
l 1646 1647
l 2167 2168
l 2112 2113
l 1809 1944
l 1428 1429
l 2004 2005
l 1826 1828
l 2101 2102
l 2171 2172
l 1353 1354
l 1981 1982
l 2106 2107
l 1725 1718
l 2010 2011
l 1933 1942
l 2045 2046
l 2468 2469
l 2433 2434
l 2435 2436
l 2428 2429
l 2424 2425
l 2452 2453
l 2443 2445
l 2470 2471
l 2474 2475
l 2521 2522
l 2518 2519
l 2533 2537
l 3051 3052
l 3068 3069
l 2629 2631
l 2977 2978
l 2965 2966
l 2685 2684
l 2600 2749
l 2989 2990
l 2997 2998
l 2985 2986
l 2735 2732
l 3084 3085
l 2564 2565
l 2775 2776
l 2777 2778
l 2779 2780
l 3074 3075
l 2773 2774
l 2667 2657
l 2783 2784
l 2789 2790
l 3096 3097
l 2660 2671
l 2625 2747
l 2742 2744
l 2686 2679
l 2787 2788
l 2819 2820
l 2859 2860
l 2899 2900
l 2643 2647
l 3018 3019
l 2674 2675
l 2850 2851
l 2883 2884
l 2915 2917
l 3092 3093
l 2909 2910
l 3106 3107
l 3101 3100
l 3117 3119
l 3121 3120
l 3134 3135
l 3510 3511
l 3536 3537
l 3540 3541
l 3456 3458
l 3181 3327
l 3426 3427
l 3190 3325
l 3484 3485
l 3312 3316
l 3490 3491
l 3400 3401
l 3317 3310
l 3375 3376
l 3371 3372
l 3355 3356
l 3202 3333
l 3257 3330
l 3646 3647
l 3450 3451
l 3632 3633
l 3279 3254
l 3345 3346
l 3276 3251
l 3422 3423
l 3341 3342
l 3143 3146
l 3578 3579
l 3628 3629
l 3220 3207
l 3580 3581
l 3582 3583
l 3217 3239
l 3622 3623
l 3655 3656
l 3658 3659
l 3696 3697
l 3817 3830
l 3887 3888
l 3930 3931
l 3916 3917
l 3895 3896
l 3796 3833
l 3952 3953
l 3821 3800
l 3936 3937
l 3864 3865
l 3932 3933
l 3746 3745
l 3780 3751
l 3832 3779
l 3958 3959
l 3948 3949
l 3807 3785
l 3734 3757
l 4028 4029
l 4003 4004
l 4010 4011
l 3827 3841
l 3772 3825
l 4072 4073
l 4191 4205
l 4379 4380
l 4399 4400
l 4084 4113
l 4062 4063
l 4113 4111
l 4089 4209
l 4421 4422
l 4316 4317
l 4375 4376
l 4346 4347
l 4161 4183
l 4360 4361
l 4335 4336
l 4320 4321
l 4235 4236
l 4226 4227
l 4144 4207
l 4137 4185
l 4298 4299
l 4282 4283
l 4465 4466
l 4474 4475
l 4555 4556
l 4504 4514
l 4489 4502
l 4539 4540
l 4574 4576
l 4595 4596
l 4566 4567
l 4608 4609
l 4614 4615
l 4770 4771
l 4685 4678
l 4756 4757
l 4850 4851
l 4746 4747
l 4766 4767
l 4689 4719
l 4818 4819
l 4656 4657
l 4894 4895
l 4918 4919
l 4924 4921
l 4949 4950
l 4955 4956
l 4979 4980
l 6144 6145
l 6140 6141
l 5305 5402
l 6186 6187
l 6162 6163
l 5200 5358
l 5750 5751
l 5440 5441
l 6112 6113
l 5048 5300
l 5752 5753
l 5469 5470
l 5760 5761
l 5775 5777
l 5885 5886
l 5225 5234
l 5459 5460
l 5881 5882
l 5224 5225
l 5472 5473
l 6070 6071
l 6046 6047
l 5798 5799
l 5642 5643
l 6074 6075
l 5831 5832
l 5673 5674
l 5823 5824
l 5478 5479
l 5663 5664
l 5644 5645
l 6032 6033
l 5709 5710
l 5510 5511
l 5404 5406
l 5257 5367
l 5506 5507
l 5660 5661
l 5929 5930
l 5512 5513
l 5652 5653
l 6000 6001
l 5807 5808
l 5654 5655
l 5239 5243
l 5093 5110
l 5498 5499
l 5502 5503
l 6006 6007
l 5275 5252
l 5337 5399
l 5835 5836
l 5952 5953
l 5627 5628
l 5347 5072
l 5548 5549
l 5079 5075
l 5800 5802
l 5866 5867
l 5919 5920
l 5954 5955
l 5588 5589
l 5350 5153
l 5800 5801
l 5558 5559
l 6010 6011
l 6078 6079
l 5536 5537
l 5415 5432
l 5181 5163
l 5613 5614
l 5288 5411
l 5408 5414
l 5145 5162
l 5600 5601
l 6082 6083
l 6262 6264
l 6319 6320
l 6256 6257
l 6289 6290
l 6311 6312
l 6224 6225
l 7010 7011
l 6976 6977
l 6972 6973
l 7028 7029
l 6982 6983
l 6584 6625
l 6925 6926
l 6572 6598
l 6943 6944
l 6390 6391
l 6762 6763
l 6409 6628
l 6732 6733
l 6756 6757
l 6760 6761
l 6914 6915
l 6738 6739
l 6892 6893
l 6783 6784
l 6641 6642
l 6683 6684
l 6418 6619
l 6898 6899
l 6699 6700
l 6405 6412
l 6686 6687
l 6679 6680
l 6534 6570
l 6691 6692
l 6703 6704
l 6455 6607
l 6841 6842
l 6708 6709
l 6789 6790
l 6799 6800
l 6502 6615
l 6519 6521
l 6498 6502
l 6509 6616
l 6522 6554
l 6506 6569
l 6953 6954
l 6927 6928
l 6561 6562
l 7044 7043
l 7061 7063
l 7077 7078
l 7089 7090
l 7140 7141
l 7169 7171
l 7179 7180
l 7195 7197
l 7205 7206
l 7208 7209
l 7238 7239
l 7369 7370
l 7400 7401
l 7430 7431
l 7386 7387
l 7366 7367
l 7320 7355
l 7365 7366
l 7384 7385
l 7458 7459
l 7300 7317
l 7489 7490
l 7339 7356
l 7438 7439
l 7298 7301
l 7270 7271
l 7414 7415
l 7462 7463
l 7472 7473
l 7516 7517
l 7536 7537
l 7546 7547
l 7563 7562
l 7570 7576
l 7611 7612
l 7623 7627
l 7619 7620
l 7674 7675
l 7699 7700
l 7705 7706
l 7770 7771
l 7785 7786
l 7794 7795
l 7870 7881
l 8099 8100
l 8103 8104
l 8095 8096
l 8023 8024
l 8014 8015
l 8018 7968
l 8121 8122
l 8074 8075
l 8000 8004
l 7910 8005
l 8242 8243
l 8220 8221
l 8107 8108
l 8117 8118
l 8143 8144
l 8224 8225
l 7943 8038
l 8238 8239
l 8214 8215
l 8203 8204
l 8246 8247
l 8192 8193
l 8228 8229
l 7897 7898
l 8208 8210
l 8290 8291
l 8316 8317
l 8319 8320
l 8328 8329
l 8368 8371
l 8390 8391
l 8658 8659
l 8706 8534
l 8664 8560
l 9387 9388
l 9332 9333
l 9391 9392
l 9238 9239
l 9307 9308
l 8527 8531
l 9130 9131
l 8501 8528
l 8497 8785
l 9234 9235
l 9367 9368
l 9328 9329
l 9397 9398
l 9375 9376
l 9144 9145
l 8440 8475
l 8662 8688
l 9355 9356
l 8896 8897
l 8720 8742
l 9176 9177
l 8894 8895
l 8430 8439
l 8754 8750
l 8536 8562
l 8755 8780
l 8910 8911
l 9230 9231
l 8512 8503
l 8874 8875
l 9166 9167
l 9220 9221
l 8970 8971
l 8906 8907
l 8436 8646
l 8866 8867
l 9095 9096
l 8730 8737
l 8956 8957
l 8930 8931
l 8411 8412
l 8952 8953
l 8573 8576
l 8807 8808
l 8709 8746
l 9028 9029
l 9064 9066
l 8938 8939
l 9202 9203
l 8669 8426
l 8835 8836
l 8978 8979
l 8594 8595
l 8978 8980
l 9053 9054
l 9000 9001
l 8619 8629
l 8994 8995
l 9003 9004
l 8621 8682
l 8990 8991
l 8992 8993
l 9277 9278
l 8416 8417
l 9019 9020
l 8647 8697
l 9293 9294
l 9416 9417
l 9435 9442
l 9439 9437
l 9475 9477
l 9480 9482
l 9504 9506
l 9507 9508
l 9547 9549
l 9537 9533
l 9800 9801
l 9637 9638
l 9784 9785
l 9558 9543
l 9601 9619
l 9796 9797
l 9551 9561
l 9786 9787
l 9770 9771
l 9608 9639
l 9603 9643
l 9697 9698
l 9569 9571
l 9764 9765
l 9692 9693
l 9739 9740
l 9720 9721
l 9653 9654
l 9667 9668
l 9524 9525
l 9682 9684
l 9682 9683
l 9588 9585
l 9741 9742
l 9716 9717
l 9852 9853
l 9866 9867
l 9880 9881
l 9911 9912
l 9901 9902
l 9915 9916
l 9947 9954
l 9941 9942
l 9944 9945
l 9965 9967
l 9984 9986
l 9997 9998
l 9987 9988
l 10011 10012
l 10021 10022
l 10050 10051
l 10064 10065
l 10109 10111
l 10108 10110
l 10137 10138
l 10179 10180
l 10383 10384
l 10347 10348
l 10369 10370
l 10319 10320
l 10306 10307
l 10343 10344
l 10329 10330
l 10292 10293
l 10296 10297
l 10396 10398
l 10403 10404
l 10415 10416
l 10420 10419
l 10424 10423
l 10431 10432
l 10436 10437
l 10451 10452
l 10461 10462
l 10472 10473
l 10764 10761
l 10771 10774
l 10847 10801
l 11397 11398
l 11458 11459
l 11424 11425
l 10478 10479
l 11235 11236
l 11137 11138
l 11412 11413
l 11416 11417
l 11061 11062
l 10872 10873
l 11272 11273
l 10868 10869
l 10654 10861
l 11063 11064
l 11065 11066
l 11020 11021
l 10667 10780
l 11056 11057
l 10494 10495
l 10946 10947
l 10950 10951
l 10678 10792
l 10921 10922
l 10979 10980
l 10605 10621
l 10927 10928
l 11004 11005
l 10706 10700
l 10828 10594
l 10689 10690
l 10697 10696
l 10795 10852
l 11086 11087
l 11105 11106
l 11113 11114
l 10694 10698
l 10510 10511
l 11129 11130
l 10829 10580
l 11088 11089
l 11096 11098
l 11123 11124
l 11101 11102
l 10711 10717
l 10616 10583
l 11194 11196
l 11163 11164
l 11201 11202
l 11365 11366
l 11327 11328
l 10534 10537
l 11334 11335
l 10532 10533
l 11321 11322
l 11484 11486
l 11475 11476
l 11498 11500
l 11501 11506
l 11511 11512
l 11536 11552
l 11554 11555
l 11525 11526
l 11560 11561
l 11617 11618
l 11576 11577
l 11597 11603
l 11638 11639
l 11717 11718
l 11642 11670
l 11707 11708
l 11661 11679
l 11711 11712
l 11654 11657
l 11703 11704
l 11736 11737
l 11735 11736
l 11731 11732
l 11766 11767
l 11744 11745
l 11809 11810
l 11814 11815
l 11889 11890
l 11873 11822
l 11895 11896
l 11807 11808
l 11963 11964
l 11835 11863
l 11795 11796
l 11947 11948
l 11913 11914
l 11927 11928
l 11850 11856
l 11994 11995
l 12050 12039
l 12225 12226
l 12170 12171
l 12096 12069
l 12118 12119
l 12114 12115
l 12084 12085
l 12005 12006
l 12256 12257
l 12252 12254
l 12278 12279
l 12271 12272
l 12306 12307
l 12 13
l 9 10
l 572 573
l 565 566
l 122 138
l 588 589
l 602 603
l 612 613
l 598 599
l 124 144
l 95 101
l 660 661
l 87 95
l 531 532
l 620 621
l 77 83
l 82 141
l 483 484
l 104 106
l 157 158
l 1038 1039
l 1030 1031
l 754 755
l 50 51
l 752 753
l 965 966
l 977 978
l 854 855
l 988 989
l 746 747
l 183 181
l 173 206
l 180 183
l 1070 1071
l 721 722
l 890 891
l 866 867
l 985 986
l 272 269
l 256 258
l 898 899
l 838 839
l 714 715
l 994 995
l 878 879
l 894 895
l 376 444
l 196 209
l 794 795
l 335 295
l 790 791
l 1052 1053
l 1144 1136
l 1124 1125
l 1160 1161
l 1163 1164
l 1173 1174
l 1207 1209
l 1203 1204
l 1210 1212
l 1225 1226
l 1219 1220
l 1237 1238
l 1296 1297
l 1311 1312
l 2371 2372
l 2234 2235
l 2367 2368
l 2369 2370
l 1910 1911
l 1850 1854
l 1604 1605
l 1482 1483
l 2385 2386
l 1450 1451
l 2238 2239
l 1860 1867
l 2086 2087
l 1853 1954
l 1404 1405
l 2257 2258
l 2337 2338
l 1498 1499
l 2198 2199
l 2271 2272
l 1556 1557
l 1745 1768
l 1524 1525
l 1731 1732
l 1327 1328
l 2035 2036
l 1540 1541
l 2191 2193
l 2278 2279
l 1620 1621
l 2246 2247
l 2069 2070
l 1752 1781
l 2329 2330
l 1694 1726
l 1747 1920
l 2025 2026
l 2189 2190
l 1754 1761
l 2139 2140
l 1343 1344
l 2137 2138
l 1839 1675
l 2145 2146
l 2131 2132
l 2128 2129
l 1837 1871
l 1400 1401
l 1774 1886
l 1466 1467
l 2299 2300
l 1508 1509
l 1636 1637
l 1800 1799
l 2159 2160
l 1928 1929
l 1434 1435
l 1572 1573
l 2395 2396
l 2179 2180
l 1588 1589
l 1816 1944
l 2389 2390
l 1977 1978
l 2097 2098
l 1714 1723
l 2375 2376
l 1985 1986
l 2015 2016
l 1359 1360
l 1935 1936
l 2426 2425
l 2419 2420
l 2450 2462
l 2480 2481
l 2534 2537
l 2540 2541
l 2705 2706
l 2580 2576
l 3026 3027
l 3047 3048
l 2709 2710
l 3022 3023
l 2582 2723
l 3030 3031
l 2971 2972
l 2554 2555
l 2942 2943
l 3008 3009
l 2733 2736
l 2934 2935
l 3014 3015
l 3072 3073
l 2801 2802
l 2881 2882
l 2793 2794
l 2820 2821
l 3082 3083
l 2811 2812
l 2940 2941
l 2841 2842
l 2638 2639
l 2823 2824
l 2879 2880
l 2875 2876
l 2672 2653
l 2757 2762
l 2905 2906
l 2756 2730
l 2570 2571
l 3102 3103
l 3124 3125
l 3176 3178
l 3232 3281
l 3464 3465
l 3234 3165
l 3544 3545
l 3514 3515
l 3379 3380
l 3468 3469
l 3494 3495
l 3434 3435
l 3168 3163
l 3349 3350
l 3195 3333
l 3351 3352
l 3365 3366
l 3454 3455
l 3252 3208
l 3338 3339
l 3274 3334
l 3363 3364
l 3568 3569
l 3206 3142
l 3642 3643
l 3614 3615
l 3586 3587
l 3592 3593
l 3674 3677
l 3681 3682
l 3667 3669
l 3665 3666
l 3651 3653
l 3705 3706
l 3701 3702
l 3710 3711
l 3914 3915
l 3901 3902
l 3763 3843
l 3875 3876
l 3834 3849
l 3920 3921
l 3891 3892
l 3937 3938
l 3787 3788
l 3731 3745
l 3782 3768
l 3758 3744
l 3741 3744
l 3997 3998
l 3721 3722
l 3756 3810
l 4425 4426
l 4437 4438
l 4449 4450
l 4383 4384
l 4339 4343
l 4367 4368
l 4441 4442
l 4393 4394
l 4329 4330
l 4350 4351
l 4354 4355
l 4107 4151
l 4159 4160
l 4201 4210
l 4403 4404
l 4358 4359
l 4079 4101
l 4163 4165
l 4175 4099
l 4136 4137
l 4286 4287
l 4264 4265
l 4288 4289
l 4431 4432
l 4173 4200
l 4451 4452
l 4461 4458
l 4470 4471
l 4457 4464
l 4476 4477
l 4483 4484
l 4549 4550
l 4533 4534
l 4519 4520
l 4494 4493
l 4529 4530
l 4572 4573
l 4582 4583
l 4588 4577
l 4591 4592
l 4842 4843
l 4846 4847
l 4716 4720
l 4647 4652
l 4714 4715
l 4726 4727
l 4760 4761
l 4750 4751
l 4774 4775
l 4802 4803
l 4830 4831
l 4838 4839
l 4834 4835
l 4826 4827
l 4690 4688
l 4798 4799
l 4667 4668
l 4794 4795
l 4786 4787
l 4701 4681
l 4810 4811
l 4858 4859
l 4868 4869
l 4881 4883
l 4911 4910
l 4920 4923
l 4931 4929
l 4936 4935
l 4964 4963
l 4967 4965
l 4975 4972
l 4973 4976
l 4970 4971
l 6176 6177
l 6172 6173
l 6148 6149
l 5304 5307
l 6166 6167
l 6180 6181
l 6120 6121
l 5213 5358
l 6116 6117
l 5778 5779
l 6134 6135
l 5891 5892
l 5764 5765
l 5784 5785
l 5923 5924
l 5208 5199
l 6124 6125
l 5720 5721
l 5232 5234
l 5732 5733
l 5788 5789
l 5004 5090
l 5722 5723
l 5463 5464
l 5641 5642
l 5792 5793
l 5184 5008
l 5024 5026
l 5259 5226
l 4995 5014
l 5905 5906
l 4987 4988
l 5667 5668
l 5856 5857
l 5332 5381
l 5933 5934
l 5813 5814
l 5269 5273
l 5811 5812
l 5257 5258
l 5909 5910
l 6024 6025
l 5986 5987
l 5508 5509
l 5055 5069
l 5962 5963
l 5113 5368
l 6036 6037
l 5516 5517
l 5340 5120
l 5687 5688
l 5492 5493
l 5149 5138
l 6018 6019
l 5978 5979
l 5520 5521
l 5691 5692
l 5171 5172
l 5966 5967
l 5149 5141
l 5994 5995
l 5621 5622
l 5552 5553
l 5118 5117
l 6058 6059
l 5556 5557
l 5114 5105
l 6012 6013
l 5082 5364
l 5266 5432
l 5605 5606
l 5108 5111
l 6098 6099
l 6108 6109
l 6086 6087
l 5576 5577
l 5603 5604
l 5611 5612
l 5617 5618
l 6090 6091
l 6266 6267
l 6329 6330
l 6373 6374
l 6233 6236
l 6239 6235
l 6293 6294
l 6239 6230
l 6259 6258
l 6282 6283
l 6333 6334
l 6215 6216
l 6301 6302
l 6349 6350
l 6217 6220
l 6248 6220
l 6218 6220
l 6254 6252
l 6240 6246
l 6363 6364
l 6277 6278
l 6586 6578
l 6597 6589
l 6596 6597
l 6583 6582
l 6580 6581
l 7026 7027
l 7002 7003
l 6965 6966
l 7014 7015
l 6435 6599
l 6780 6781
l 6961 6962
l 6621 6620
l 6742 6743
l 7032 7033
l 6754 6755
l 6918 6919
l 6787 6788
l 6529 6527
l 6714 6715
l 6748 6749
l 6716 6717
l 6750 6751
l 6639 6640
l 6684 6685
l 6886 6887
l 6793 6794
l 6665 6666
l 6706 6707
l 6396 6397
l 6421 6633
l 6845 6846
l 6826 6827
l 6804 6805
l 6818 6819
l 6808 6809
l 6830 6831
l 6830 6832
l 6497 6632
l 6959 6960
l 7068 7070
l 7065 7066
l 7071 7072
l 7085 7086
l 7091 7092
l 7080 7082
l 7128 7129
l 7157 7159
l 7191 7192
l 7199 7198
l 7214 7215
l 7206 7207
l 7250 7251
l 7373 7374
l 7253 7254
l 7423 7424
l 7421 7422
l 7491 7492
l 7346 7344
l 7380 7381
l 7417 7418
l 7331 7365
l 7378 7379
l 7406 7407
l 7323 7338
l 7460 7461
l 7506 7507
l 7452 7453
l 7487 7488
l 7264 7266
l 7510 7511
l 7528 7529
l 7357 7358
l 7566 7567
l 7569 7575
l 7584 7585
l 7591 7592
l 7597 7598
l 7633 7634
l 7615 7616
l 7638 7639
l 7660 7663
l 7666 7665
l 7685 7686
l 7693 7694
l 7695 7697
l 7703 7704
l 7742 7743
l 7766 7767
l 7772 7773
l 7774 7775
l 7778 7779
l 7819 7820
l 7825 7826
l 7805 7803
l 7868 7869
l 7882 7883
l 7887 7888
l 7989 8041
l 8040 8032
l 8276 8277
l 7962 8016
l 8024 8019
l 8091 8092
l 8059 8060
l 8135 8136
l 8168 8169
l 7957 7980
l 7911 8011
l 8266 8267
l 7964 7952
l 7950 7899
l 7934 7991
l 8039 7979
l 8184 8185
l 8280 8281
l 8190 8191
l 7920 7928
l 7977 7973
l 8250 8251
l 8244 8245
l 8311 8313
l 8306 8307
l 8320 8321
l 8369 8372
l 8373 8374
l 9352 9353
l 8444 8711
l 9336 9337
l 8785 8661
l 8446 8559
l 8567 8460
l 9371 9372
l 9271 9272
l 9346 9347
l 9401 9402
l 9107 9108
l 8468 8747
l 8453 8452
l 8564 8777
l 8524 8745
l 8916 8917
l 8882 8883
l 9091 9092
l 8878 8879
l 9103 9104
l 9214 9215
l 9297 9298
l 8516 8519
l 8797 8798
l 8799 8800
l 8801 8802
l 9099 9100
l 8555 8541
l 8935 8936
l 8603 8580
l 8555 8550
l 8846 8847
l 8617 8628
l 8587 8591
l 9037 9038
l 8982 8983
l 8942 8943
l 8645 8707
l 9056 9057
l 8625 8796
l 8644 8639
l 8681 8627
l 9287 9288
l 9281 9282
l 9409 9410
l 9441 9435
l 9424 9425
l 9452 9453
l 9457 9459
l 9462 9467
l 9471 9470
l 9480 9481
l 9489 9485
l 9497 9498
l 9512 9513
l 9822 9823
l 9828 9829
l 9804 9805
l 9514 9515
l 9808 9809
l 9751 9752
l 9766 9767
l 9760 9761
l 9657 9658
l 9737 9738
l 9669 9670
l 9584 9575
l 9724 9725
l 9616 9620
l 9683 9685
l 9710 9711
l 9595 9642
l 9628 9641
l 9848 9849
l 9870 9871
l 9897 9899
l 9904 9903
l 9918 9919
l 9925 9929
l 9924 9926
l 9934 9935
l 10001 10002
l 10009 10010
l 10033 10043
l 10045 10046
l 10031 10041
l 10082 10093
l 10095 10097
l 10061 10059
l 10080 10086
l 10135 10136
l 10117 10118
l 10121 10126
l 10138 10139
l 10154 10148
l 10170 10171
l 10174 10175
l 10179 10176
l 10197 10198
l 10265 10269
l 10260 10265
l 10263 10256
l 10214 10211
l 10351 10352
l 10363 10364
l 10272 10273
l 10276 10277
l 10280 10281
l 10284 10285
l 10337 10338
l 10239 10244
l 10333 10334
l 10394 10395
l 10421 10422
l 10449 10450
l 11454 11455
l 11444 11445
l 11448 11449
l 10765 10815
l 11400 11401
l 10819 10820
l 11252 11253
l 11372 11374
l 11418 11419
l 10775 10752
l 11225 11226
l 10726 10730
l 11079 11080
l 11440 11441
l 11141 11142
l 11359 11360
l 11231 11232
l 10652 10856
l 11043 11044
l 10484 10485
l 10811 10658
l 11040 11041
l 10732 10727
l 11036 11037
l 11414 11415
l 10808 10823
l 10907 10908
l 11010 11011
l 10892 10893
l 10624 10611
l 11058 11059
l 10619 10612
l 10886 10887
l 11006 11007
l 10939 10940
l 10939 10941
l 10951 10952
l 11069 11070
l 10598 10621
l 10500 10501
l 10701 10685
l 10992 10993
l 11073 11074
l 11290 11291
l 11177 11178
l 11083 11085
l 11083 11084
l 10581 10835
l 10699 10713
l 10571 10715
l 11155 11156
l 10516 10517
l 11276 11277
l 11350 11351
l 10566 10826
l 11286 11287
l 11338 11339
l 11307 11308
l 10526 10552
l 11534 11529
l 11544 11546
l 11566 11567
l 11591 11592
l 11600 11598
l 11582 11583
l 11628 11629
l 11692 11693
l 11721 11722
l 11688 11689
l 11696 11697
l 11649 11668
l 11699 11700
l 11660 11651
l 11748 11749
l 11756 11757
l 11725 11726
l 11788 11787
l 11871 11872
l 11818 11820
l 11967 11968
l 11887 11888
l 11823 11824
l 11959 11960
l 11941 11942
l 11937 11938
l 11801 11802
l 11933 11934
l 11980 11981
l 12101 12104
l 12166 12167
l 12009 12010
l 12154 12155
l 12099 12103
l 12002 12003
l 12150 12151
l 12134 12135
l 12112 12113
l 12237 12238
l 12183 12184
l 12181 12182
l 12081 12092
l 12082 12105
l 12000 12001
l 12241 12242
l 12247 12248
l 12256 12255
l 12265 12266
l 12275 12280
l 12269 12270
l 12284 12285
l 12294 12295
l 12296 12297
l 626 627
l 151 152
l 147 150
l 580 581
l 565 567
l 519 520
l 523 524
l 428 443
l 116 117
l 437 433
l 112 111
l 440 431
l 529 530
l 541 542
l 656 657
l 559 560
l 73 71
l 477 478
l 497 498
l 473 474
l 108 105
l 163 242
l 814 815
l 664 665
l 808 809
l 1120 1121
l 241 169
l 804 805
l 800 801
l 769 770
l 425 427
l 248 160
l 765 766
l 776 777
l 772 773
l 175 204
l 261 252
l 250 275
l 1040 1041
l 763 764
l 368 369
l 780 781
l 1010 1011
l 1042 1043
l 56 57
l 743 744
l 944 945
l 884 885
l 314 426
l 739 740
l 312 426
l 946 948
l 946 947
l 233 246
l 1064 1065
l 231 230
l 1068 1069
l 936 937
l 189 215
l 723 724
l 1016 1017
l 338 389
l 689 690
l 677 678
l 1147 1150
l 1225 1227
l 1231 1232
l 1233 1234
l 1236 1239
l 1259 1260
l 1275 1277
l 1294 1289
l 1380 1371
l 1301 1302
l 1530 1531
l 1862 1868
l 1901 1906
l 1626 1627
l 1913 1914
l 1852 1943
l 1317 1318
l 1610 1611
l 2405 2406
l 2363 2364
l 2206 2207
l 1514 1515
l 2043 2044
l 1410 1411
l 1730 1877
l 1578 1579
l 1700 1702
l 2194 2195
l 2049 2050
l 1642 1643
l 1392 1393
l 1739 1741
l 1689 1698
l 1546 1547
l 2080 2081
l 1751 1848
l 1456 1457
l 1333 1334
l 2076 2077
l 1472 1473
l 2063 2068
l 2063 2064
l 2023 2024
l 2143 2144
l 1424 1425
l 1756 1760
l 1677 1679
l 2118 2119
l 1396 1397
l 2151 2152
l 1488 1489
l 1562 1563
l 2324 2325
l 1663 1671
l 1989 1990
l 1650 1653
l 1349 1350
l 2185 2186
l 1825 1832
l 2175 2176
l 1440 1441
l 1813 1814
l 2169 2170
l 2307 2308
l 1594 1595
l 1997 1998
l 1817 1921
l 1965 1966
l 2381 2382
l 1713 1711
l 1715 1949
l 1365 1366
l 2430 2431
l 2409 2410
l 2416 2415
l 2446 2445
l 2441 2461
l 2486 2487
l 2514 2515
l 2544 2545
l 2575 2576
l 2705 2704
l 3066 3067
l 2698 2572
l 2703 2714
l 3059 3060
l 2581 2576
l 2712 2711
l 3001 3002
l 2967 2968
l 2610 2598
l 2958 2959
l 2752 2753
l 2993 2994
l 2954 2955
l 2593 2606
l 2560 2561
l 2587 2663
l 2805 2806
l 2683 2665
l 2938 2939
l 2837 2838
l 2932 2933
l 2847 2848
l 3036 3037
l 2829 2830
l 2895 2896
l 2613 2697
l 2737 2744
l 2614 2764
l 2622 2615
l 3039 3040
l 2928 2929
l 2885 2886
l 2759 2761
l 2632 2717
l 2645 2718
l 2930 2931
l 2891 2892
l 2871 2872
l 2922 2925
l 2922 2923
l 2731 2755
l 3114 3115
l 3130 3131
l 3550 3551
l 3522 3523
l 3299 3305
l 3526 3527
l 3188 3185
l 3318 3322
l 3183 3172
l 3438 3439
l 3518 3519
l 3391 3392
l 3416 3417
l 3476 3477
l 3396 3397
l 3385 3386
l 3391 3393
l 3288 3306
l 3410 3411
l 3470 3471
l 3480 3481
l 3293 3295
l 3383 3384
l 3160 3147
l 3272 3250
l 3137 3136
l 3612 3613
l 3596 3597
l 3608 3609
l 3598 3599
l 3673 3674
l 3671 3672
l 3685 3686
l 3649 3652
l 3652 3655
l 3675 3676
l 3924 3925
l 3837 3838
l 3885 3886
l 3835 3845
l 3879 3880
l 3748 3765
l 3748 3760
l 3747 3760
l 3903 3904
l 3928 3929
l 3791 3793
l 3981 3982
l 3962 3963
l 3985 3986
l 4048 4049
l 4044 4045
l 3803 3814
l 3991 3992
l 3810 3737
l 3727 3728
l 4022 4023
l 4040 4041
l 4058 4059
l 4415 4416
l 4407 4408
l 4083 4086
l 4158 4208
l 4097 4082
l 4306 4307
l 4397 4398
l 4296 4297
l 4411 4412
l 4308 4309
l 4101 4080
l 4247 4248
l 4194 4195
l 4333 4334
l 4126 4131
l 4302 4303
l 4182 4186
l 4179 4164
l 4254 4255
l 4068 4069
l 4277 4278
l 4100 4136
l 4292 4293
l 4280 4281
l 4153 4143
l 4453 4454
l 4513 4514
l 4493 4490
l 4545 4546
l 4559 4560
l 4579 4587
l 4583 4586
l 4605 4606
l 4621 4622
l 4732 4733
l 4730 4731
l 4643 4641
l 4822 4823
l 4630 4710
l 4666 4684
l 4784 4785
l 4814 4815
l 4856 4857
l 4697 4700
l 4858 4860
l 4863 4864
l 4870 4871
l 4875 4877
l 4892 4893
l 4900 4902
l 4926 4927
l 4947 4948
l 4959 4960
l 4974 4975
l 4978 4981
l 6174 6175
l 5218 5221
l 6138 6139
l 6152 6153
l 6184 6185
l 5782 5783
l 5193 5292
l 6128 6129
l 5306 5316
l 5726 5727
l 5773 5774
l 5049 5074
l 5895 5896
l 5022 5047
l 6054 6055
l 6030 6031
l 5858 5859
l 5937 5938
l 5976 5977
l 5821 5822
l 5058 5343
l 5476 5477
l 4993 4994
l 5677 5678
l 5960 5961
l 5089 5007
l 5158 5059
l 5970 5971
l 5051 5061
l 5257 5267
l 5941 5942
l 5068 5057
l 5839 5840
l 5061 5053
l 5025 5124
l 5254 5260
l 5633 5634
l 5094 5368
l 5875 5876
l 5482 5483
l 5631 5632
l 5946 5947
l 5486 5487
l 5095 5098
l 5990 5991
l 5176 5177
l 5542 5543
l 6050 6051
l 5104 5109
l 5362 5041
l 5948 5949
l 5037 5175
l 5247 5250
l 5913 5914
l 5116 5129
l 5430 5431
l 5357 5394
l 5564 5565
l 5582 5583
l 6080 6081
l 6264 6265
l 6261 6262
l 6239 6222
l 6305 6306
l 6337 6339
l 6228 6223
l 6271 6272
l 6209 6210
l 6577 6578
l 7008 7009
l 6996 6997
l 7018 7019
l 6971 6972
l 6992 6993
l 6986 6987
l 6594 6617
l 6471 6573
l 7022 7023
l 6553 6637
l 6774 6775
l 6906 6907
l 6612 6628
l 6629 6438
l 6890 6891
l 6720 6721
l 6659 6660
l 6653 6654
l 6675 6676
l 6937 6938
l 6645 6646
l 6880 6881
l 6797 6798
l 7036 7037
l 6493 6492
l 6812 6813
l 6558 6563
l 6947 6948
l 6955 6956
l 6490 6491
l 6554 6556
l 6559 6557
l 7040 7042
l 7044 7045
l 7048 7050
l 7051 7052
l 7055 7056
l 7074 7075
l 7093 7094
l 7098 7099
l 7115 7116
l 7111 7117
l 7123 7124
l 7200 7198
l 7207 7208
l 7224 7225
l 7223 7224
l 7244 7245
l 7512 7513
l 7429 7430
l 7390 7391
l 7307 7355
l 7427 7428
l 7456 7457
l 7442 7443
l 7396 7397
l 7436 7437
l 7259 7260
l 7520 7521
l 7540 7541
l 7283 7350
l 7268 7269
l 7565 7564
l 7564 7566
l 7572 7574
l 7579 7580
l 7601 7602
l 7605 7606
l 7603 7607
l 7643 7644
l 7652 7653
l 7650 7654
l 7667 7669
l 7670 7671
l 7664 7665
l 7687 7688
l 7695 7696
l 7818 7819
l 7801 7802
l 7817 7818
l 7812 7813
l 7852 7853
l 7854 7855
l 7866 7867
l 8020 8022
l 8115 8116
l 8006 8022
l 7969 8027
l 8125 8126
l 8141 8142
l 8028 8042
l 8272 8273
l 7893 7894
l 8049 8050
l 7994 7958
l 8047 8048
l 8045 8046
l 8157 8158
l 8201 8202
l 8157 8159
l 7999 7992
l 8236 8237
l 8172 8173
l 8145 8146
l 8198 8199
l 8162 8163
l 7978 7983
l 7917 7918
l 8286 8287
l 8256 8257
l 8295 8296
l 8323 8325
l 8346 8347
l 8350 8351
l 8361 8362
l 8377 8378
l 8392 8393
l 9340 9341
l 8509 8523
l 9247 9248
l 8668 8533
l 9117 9119
l 9395 9396
l 9344 9345
l 9138 9139
l 9326 9327
l 9124 9125
l 8715 8716
l 9405 9406
l 9243 9244
l 8476 8483
l 9311 9312
l 9113 9114
l 9111 9112
l 9241 9242
l 8407 8408
l 9170 9171
l 9206 9207
l 8488 8499
l 8914 8915
l 9188 9189
l 9275 9276
l 9192 9193
l 8886 8887
l 9150 9151
l 8902 8903
l 8890 8891
l 9182 9183
l 8968 8969
l 8545 8583
l 8421 8758
l 8920 8921
l 9011 9012
l 9164 9165
l 9196 9197
l 8960 8961
l 9058 9059
l 8819 8820
l 8848 8849
l 9085 9086
l 8821 8822
l 8934 8935
l 8671 8673
l 9064 9065
l 8829 8830
l 9067 9068
l 8690 8788
l 8852 8853
l 8981 8982
l 8839 8840
l 8864 8865
l 9081 9082
l 8629 8631
l 8946 8947
l 9210 9211
l 9257 9258
l 8622 8633
l 9414 9415
l 9420 9421
l 9431 9432
l 9454 9457
l 9460 9461
l 9483 9484
l 9495 9496
l 9499 9505
l 9501 9503
l 9832 9833
l 9816 9817
l 9779 9780
l 9745 9746
l 9844 9845
l 9753 9754
l 9749 9750
l 9792 9793
l 9520 9521
l 9693 9694
l 9536 9574
l 9567 9589
l 9616 9618
l 9591 9583
l 9662 9663
l 9688 9689
l 9676 9677
l 9699 9700
l 9594 9595
l 9858 9859
l 9862 9863
l 9876 9877
l 9898 9893
l 9896 9908
l 9893 9894
l 9887 9888
l 9959 9960
l 9961 9962
l 9982 9985
l 10017 10018
l 10032 10035
l 10036 10034
l 10038 10039
l 10060 10061
l 10066 10078
l 10072 10073
l 10100 10101
l 10116 10125
l 10115 10130
l 10158 10159
l 10172 10173
l 10168 10167
l 10163 10165
l 10163 10164
l 10164 10166
l 10184 10185
l 10201 10206
l 10229 10267
l 10379 10380
l 10317 10318
l 10310 10311
l 10325 10326
l 10308 10309
l 10359 10360
l 10210 10267
l 10302 10303
l 10268 10221
l 10233 10223
l 10286 10287
l 10238 10236
l 10399 10400
l 10404 10405
l 10407 10408
l 10446 10447
l 10461 10463
l 10468 10469
l 11450 11451
l 11430 11431
l 11410 11411
l 11402 11403
l 11390 11391
l 10802 10751
l 11250 11251
l 10799 10841
l 11373 11375
l 11380 11381
l 11256 11257
l 11242 11243
l 11238 11239
l 10783 10819
l 11229 11230
l 10854 10859
l 10813 10856
l 11049 11050
l 11147 11148
l 10902 10903
l 10898 10899
l 11034 11035
l 11030 11031
l 11015 11016
l 10881 10882
l 10961 10962
l 10490 10491
l 10647 10612
l 10963 10964
l 10944 10945
l 10998 10999
l 10968 10969
l 10942 10943
l 10912 10913
l 10981 10982
l 10933 10934
l 10601 10590
l 10925 10926
l 10918 10919
l 11077 11078
l 11135 11136
l 10506 10507
l 10691 10855
l 11093 11094
l 10746 10791
l 11217 11218
l 11169 11170
l 10834 10744
l 10557 10562
l 11330 11331
l 11311 11312
l 11296 11297
l 11332 11333
l 10522 10523
l 10549 10816
l 10540 10543
l 10526 10533
l 11300 11301
l 11319 11320
l 11342 11343
l 10526 10527
l 11348 11349
l 11468 11469
l 11513 11514
l 11540 11549
l 11521 11522
l 11532 11547
l 11621 11622
l 11616 11621
l 11572 11573
l 11599 11598
l 11625 11627
l 11634 11635
l 11682 11683
l 11671 11672
l 11678 11676
l 11653 11659
l 11738 11739
l 11728 11729
l 11762 11763
l 11752 11753
l 11770 11771
l 11791 11792
l 11785 11787
l 11781 11782
l 11803 11804
l 11883 11884
l 11812 11813
l 11819 11820
l 11893 11894
l 11827 11875
l 11921 11922
l 11903 11904
l 11899 11900
l 11945 11946
l 11847 11839
l 11911 11912
l 11977 11978
l 11985 11986
l 12098 12102
l 12042 12045
l 12223 12224
l 12088 12106
l 12142 12143
l 12130 12131
l 12046 12030
l 12128 12129
l 12022 12018
l 12138 12139
l 12211 12212
l 12193 12194
l 12063 12070
l 12079 12080
l 12178 12179
l 12080 12078
l 12249 12250
l 12249 12251
l 12261 12262
l 12285 12286
l 12288 12289
l 30 31
l 5 6
l 18 20
l 11 15
l 13 14
l 39 40
l 608 609
l 146 442
l 430 131
l 652 653
l 584 585
l 648 649
l 594 595
l 453 454
l 118 113
l 553 554
l 549 550
l 616 617
l 92 84
l 545 546
l 81 141
l 69 75
l 62 63
l 1100 1101
l 818 819
l 1080 1081
l 1092 1093
l 1106 1107
l 1088 1089
l 251 418
l 1062 1063
l 249 278
l 1004 1005
l 1084 1085
l 992 993
l 975 976
l 262 300
l 954 955
l 1014 1015
l 375 364
l 1008 1009
l 211 207
l 860 861
l 986 987
l 712 713
l 1110 1111
l 379 390
l 834 835
l 718 719
l 888 889
l 727 728
l 938 939
l 264 240
l 981 982
l 914 915
l 928 929
l 918 919
l 294 333
l 216 271
l 284 292
l 924 925
l 706 707
l 704 705
l 681 682
l 1056 1057
l 1034 1035
l 674 676
l 674 675
l 826 827
l 1138 1146
l 1144 1135
l 1166 1167
l 1179 1178
l 1185 1186
l 1180 1181
l 1202 1203
l 1265 1266
l 1262 1267
l 1307 1308
l 1858 1859
l 1905 1906
l 2352 2354
l 1709 1955
l 2089 2090
l 2343 2344
l 1897 1881
l 2261 2262
l 1552 1553
l 2333 2334
l 2200 2201
l 1323 1324
l 2228 2229
l 1847 1954
l 1520 1521
l 1584 1585
l 1616 1617
l 2084 2085
l 1838 1704
l 1632 1633
l 1730 1768
l 2196 2197
l 1600 1601
l 2222 2223
l 1693 1695
l 1494 1495
l 1735 1740
l 1782 1684
l 2073 2075
l 1420 1421
l 2029 2030
l 1744 1917
l 1339 1340
l 1430 1431
l 1784 1749
l 2286 2287
l 1446 1447
l 2116 2117
l 1568 1569
l 2290 2291
l 1478 1479
l 1995 1996
l 1794 1824
l 2161 2162
l 1656 1939
l 1961 1962
l 1536 1537
l 2148 2149
l 1462 1463
l 2165 2166
l 1830 1826
l 2303 2304
l 2311 2312
l 1927 1929
l 1504 1505
l 1969 1970
l 1676 1934
l 1963 1964
l 2393 2394
l 2103 2104
l 1355 1356
l 1922 1719
l 1717 1915
l 2008 2009
l 1383 1389
l 2017 2018
l 1381 1382
l 2466 2467
l 2412 2460
l 2411 2415
l 2451 2449
l 2446 2447
l 2440 2463
l 2476 2477
l 2495 2492
l 2506 2507
l 2510 2511
l 2536 2525
l 2532 2526
l 2547 2549
l 2546 2545
l 2550 2551
l 2629 2636
l 2702 2700
l 2979 2980
l 2987 2988
l 3034 3035
l 2586 2666
l 2803 2804
l 2734 2765
l 2952 2953
l 2601 2754
l 2948 2949
l 2637 2690
l 2856 2857
l 2566 2567
l 3094 3095
l 2946 2947
l 2612 2614
l 2648 2658
l 2650 2648
l 2817 2818
l 2833 2834
l 2845 2846
l 2863 2864
l 2849 2850
l 2654 2691
l 2913 2914
l 2914 2919
l 2725 2738
l 2729 2730
l 2923 2924
l 3113 3115
l 3175 3237
l 3442 3443
l 3318 3311
l 3530 3531
l 3420 3421
l 3189 3193
l 3402 3403
l 3500 3501
l 3387 3388
l 3394 3395
l 3398 3399
l 3151 3153
l 3359 3360
l 3558 3559
l 3414 3415
l 3554 3555
l 3304 3254
l 3339 3340
l 3444 3445
l 3564 3565
l 3242 3210
l 3590 3591
l 3602 3603
l 3269 3270
l 3626 3627
l 3261 3263
l 3638 3639
l 3606 3607
l 3670 3671
l 3669 3670
l 3648 3649
l 3661 3663
l 4016 4017
l 3839 3750
l 3899 3900
l 3869 3870
l 3852 3853
l 3941 3942
l 3905 3906
l 3956 3957
l 4008 4009
l 4001 4002
l 3973 3974
l 3969 3970
l 3739 3735
l 3995 3996
l 4020 4021
l 3846 3847
l 4030 4031
l 3826 3829
l 4423 4424
l 4395 4396
l 4391 4392
l 4447 4448
l 4157 4094
l 4075 4074
l 4076 4096
l 4312 4313
l 4377 4378
l 4318 4319
l 4064 4065
l 4258 4259
l 4227 4228
l 4273 4274
l 4250 4251
l 4171 4167
l 4435 4436
l 4462 4463
l 4508 4517
l 4557 4558
l 4515 4516
l 4523 4524
l 4537 4538
l 4564 4565
l 4568 4569
l 4575 4584
l 4602 4603
l 4682 4664
l 4744 4745
l 4738 4739
l 4852 4853
l 4754 4755
l 4764 4765
l 4779 4780
l 4790 4791
l 4806 4807
l 4701 4693
l 4628 4629
l 4886 4887
l 4884 4885
l 4888 4889
l 4903 4904
l 4907 4912
l 4939 4940
l 4939 4941
l 4937 4938
l 4943 4945
l 4965 4966
l 4983 4984
l 5296 5299
l 6156 6157
l 6190 6191
l 6194 6195
l 6132 6133
l 5445 5446
l 5437 5438
l 5758 5759
l 5742 5743
l 5190 5195
l 5303 5231
l 5719 5720
l 5736 5737
l 5235 5222
l 4999 5429
l 5899 5900
l 5467 5468
l 5748 5749
l 6068 6069
l 5453 5454
l 5379 5375
l 5681 5682
l 5023 5063
l 5998 5999
l 5849 5850
l 5187 5325
l 5648 5649
l 5879 5880
l 5715 5716
l 5017 5125
l 5833 5834
l 4997 5418
l 5070 5159
l 5958 5959
l 5817 5818
l 5084 5335
l 5903 5904
l 5927 5928
l 5334 5398
l 5843 5844
l 5699 5700
l 5243 5241
l 5805 5806
l 5140 5132
l 5695 5696
l 5950 5951
l 5524 5525
l 5623 5624
l 5246 5152
l 5996 5997
l 5342 5099
l 5532 5533
l 5043 5182
l 6064 6065
l 5703 5704
l 5570 5571
l 6096 6097
l 5364 5400
l 5562 5563
l 6104 6105
l 6198 6199
l 5353 5354
l 5179 5180
l 5601 5602
l 6342 6343
l 6323 6324
l 6369 6370
l 6299 6300
l 6235 6238
l 6309 6310
l 6287 6288
l 6335 6336
l 6357 6358
l 6353 6354
l 6219 6280
l 6379 6380
l 7000 7001
l 7006 7007
l 6990 6991
l 6768 6769
l 6922 6923
l 6758 6759
l 6778 6779
l 6920 6921
l 6392 6393
l 6712 6713
l 6549 6539
l 6736 6737
l 6847 6848
l 6430 6622
l 6526 6524
l 6724 6725
l 6538 6466
l 6657 6658
l 6852 6853
l 6627 6407
l 6862 6863
l 6460 6538
l 6451 6459
l 6428 6619
l 6695 6696
l 6856 6857
l 6874 6875
l 6870 6871
l 6866 6867
l 6669 6670
l 6647 6648
l 6444 6514
l 6439 6447
l 6512 6606
l 6835 6836
l 6951 6952
l 6555 6499
l 7030 7031
l 6910 6911
l 6931 6932
l 6941 6942
l 7048 7049
l 7054 7056
l 7059 7060
l 7072 7073
l 7076 7079
l 7087 7088
l 7101 7110
l 7103 7102
l 7122 7125
l 7150 7151
l 7161 7163
l 7173 7174
l 7203 7205
l 7212 7216
l 7230 7231
l 7234 7235
l 7241 7243
l 7249 7251
l 7410 7411
l 7341 7327
l 7503 7504
l 7412 7413
l 7444 7446
l 7323 7325
l 7478 7479
l 7466 7467
l 7354 7353
l 7499 7500
l 7334 7351
l 7288 7357
l 7514 7515
l 7548 7549
l 7544 7545
l 7552 7553
l 7592 7593
l 7600 7599
l 7611 7610
l 7628 7630
l 7622 7626
l 7617 7615
l 7648 7649
l 7678 7679
l 7689 7690
l 7714 7715
l 7724 7725
l 7708 7717
l 7740 7741
l 7761 7762
l 7750 7757
l 7782 7783
l 7796 7797
l 7816 7817
l 7821 7822
l 7846 7847
l 7856 7857
l 7878 7879
l 7874 7875
l 8111 8112
l 8264 8265
l 8026 8025
l 8093 8094
l 8030 7970
l 8078 8079
l 8036 8037
l 8178 8179
l 7956 7957
l 8065 8067
l 8065 8066
l 8149 8150
l 7900 7942
l 8129 8130
l 8053 8054
l 8083 8084
l 8139 8140
l 8166 8167
l 8009 7937
l 8146 8147
l 7982 8039
l 8230 8231
l 7978 7972
l 8209 8211
l 7987 7973
l 8292 8293
l 8301 8303
l 8301 8302
l 8318 8322
l 8326 8327
l 8330 8332
l 8349 8340
l 8341 8342
l 8355 8356
l 8375 8376
l 9381 9382
l 8661 8751
l 8568 8566
l 8785 8783
l 8494 8497
l 9365 9366
l 9320 9321
l 8569 8740
l 8771 8778
l 9174 9175
l 8892 8893
l 8562 8454
l 9208 9209
l 9200 9201
l 8470 8725
l 8728 8729
l 8872 8873
l 9015 9016
l 8543 8471
l 8738 8737
l 8502 8757
l 8974 8975
l 8924 8925
l 8518 8504
l 9224 9225
l 9009 9010
l 9075 9076
l 9035 9036
l 8811 8812
l 8691 8788
l 8413 8414
l 8839 8841
l 8597 8590
l 8860 8861
l 8833 8834
l 8631 8609
l 9158 9159
l 8855 8857
l 9005 9006
l 8602 8636
l 8998 8999
l 8986 8987
l 9048 9049
l 9305 9306
l 8653 8678
l 8654 8620
l 9031 9032
l 9385 9386
l 9291 9292
l 8648 8695
l 9410 9411
l 9412 9413
l 9442 9436
l 9446 9447
l 9491 9492
l 9487 9488
l 9508 9509
l 9510 9511
l 9836 9837
l 9812 9813
l 9774 9775
l 9637 9635
l 9758 9759
l 9612 9607
l 9782 9783
l 9578 9535
l 9553 9572
l 9733 9734
l 9695 9696
l 9661 9662
l 9680 9681
l 9714 9715
l 9663 9664
l 9665 9666
l 9565 9589
l 9589 9590
l 9703 9704
l 9622 9621
l 9526 9527
l 9846 9847
l 9882 9883
l 9884 9885
l 9904 9905
l 9900 9901
l 9913 9914
l 9930 9931
l 9996 9991
l 10013 10014
l 10023 10024
l 10052 10053
l 10062 10059
l 10078 10084
l 10064 10068
l 10069 10070
l 10128 10129
l 10120 10122
l 10147 10157
l 10147 10143
l 10149 10150
l 10188 10189
l 10207 10208
l 10199 10196
l 10375 10376
l 10262 10258
l 10255 10215
l 10371 10372
l 10219 10220
l 10227 10228
l 10355 10356
l 10231 10225
l 10234 10231
l 10290 10291
l 10385 10386
l 10396 10397
l 10409 10410
l 10417 10418
l 10414 10413
l 10424 10425
l 10429 10430
l 10434 10435
l 10438 10439
l 10442 10443
l 10772 10773
l 10845 10846
l 11460 11461
l 11464 11465
l 10848 10838
l 11422 11423
l 10758 10842
l 10475 10476
l 11384 11385
l 11388 11389
l 10475 10477
l 11246 11247
l 11436 11437
l 10480 10481
l 10757 10747
l 10755 10798
l 11294 11295
l 11244 11245
l 10748 10756
l 10776 10856
l 10640 10737
l 11153 11154
l 10818 10853
l 11230 11231
l 10796 10817
l 10870 10871
l 11038 11039
l 10645 10866
l 10633 10635
l 10876 10877
l 11026 11027
l 10667 10734
l 10909 10910
l 10628 10827
l 10659 10646
l 10879 10880
l 10964 10965
l 10890 10891
l 10916 10917
l 10966 10967
l 10496 10497
l 10937 10938
l 10596 10600
l 10974 10975
l 10919 10920
l 11182 11183
l 11075 11076
l 10617 10621
l 10703 10706
l 10620 10579
l 10990 10991
l 11002 11003
l 10794 10852
l 11209 11210
l 11117 11118
l 11145 11146
l 11215 11216
l 11089 11090
l 11221 11222
l 11127 11128
l 10512 10513
l 11194 11195
l 10743 10745
l 10568 10577
l 11280 11281
l 10551 10826
l 11325 11326
l 11355 11356
l 11305 11306
l 11303 11304
l 11369 11370
l 11543 11541
l 11527 11528
l 11562 11563
l 11613 11614
l 11578 11579
l 11640 11641
l 11664 11667
l 11652 11646
l 11668 11679
l 11701 11702
l 11663 11658
l 11715 11716
l 11732 11733
l 11811 11809
l 11969 11970
l 11877 11878
l 11816 11817
l 11806 11807
l 11869 11867
l 11953 11954
l 11797 11798
l 11905 11906
l 11925 11926
l 11857 11859
l 11851 11859
l 11996 11997
l 12158 12159
l 12089 12090
l 12229 12230
l 12003 12004
l 12219 12220
l 12065 12069
l 12029 12108
l 12122 12123
l 12085 12086
l 12172 12173
l 12191 12192
l 12207 12208
l 12203 12204
l 12197 12198
l 12076 12078
l 12253 12255
l 12252 12253
l 29 32
l 29 30
l 34 36
l 37 38
l 563 564
l 576 577
l 590 591
l 848 849
l 517 518
l 622 623
l 133 443
l 535 536
l 632 633
l 644 645
l 636 637
l 640 641
l 489 490
l 501 502
l 481 482
l 557 558
l 662 663
l 844 845
l 1114 1115
l 159 278
l 770 771
l 1022 1023
l 298 306
l 305 304
l 234 229
l 52 53
l 1096 1097
l 957 958
l 262 402
l 906 907
l 668 669
l 902 903
l 363 365
l 934 935
l 1078 1079
l 361 362
l 226 198
l 959 960
l 784 785
l 963 964
l 872 873
l 737 738
l 385 378
l 870 871
l 399 286
l 733 734
l 259 283
l 359 376
l 922 923
l 788 789
l 405 327
l 698 699
l 950 951
l 971 972
l 822 823
l 1074 1075
l 687 688
l 998 999
l 223 214
l 1028 1029
l 830 831
l 348 354
l 1126 1127
l 1152 1155
l 1164 1165
l 1165 1166
l 1169 1168
l 1170 1168
l 1175 1176
l 1181 1179
l 1180 1182
l 1196 1197
l 1194 1195
l 1193 1195
l 1221 1222
l 1240 1241
l 1252 1253
l 1257 1261
l 1288 1295
l 1379 1380
l 2391 2392
l 1907 1909
l 1436 1437
l 2346 2347
l 1500 1501
l 1313 1314
l 1913 1923
l 1590 1591
l 2269 2270
l 1638 1639
l 1574 1575
l 2211 2213
l 1606 1607
l 2211 2212
l 2319 2320
l 2272 2273
l 2219 2220
l 1705 1878
l 1558 1559
l 1622 1623
l 1542 1543
l 2282 2283
l 1329 1330
l 2055 2056
l 1702 1703
l 2244 2245
l 1692 1874
l 2061 2062
l 1770 1761
l 1762 1765
l 2315 2316
l 1654 1677
l 2066 2067
l 1526 1527
l 1805 1787
l 2126 2127
l 2297 2298
l 1674 1824
l 1345 1346
l 2294 2295
l 2155 2156
l 1795 1802
l 1959 1960
l 1806 1800
l 1390 1391
l 1803 1814
l 2149 2150
l 1406 1407
l 1416 1417
l 1484 1485
l 1813 1667
l 1835 1924
l 2379 2380
l 2002 2003
l 1998 1999
l 1468 1469
l 1510 1511
l 1452 1453
l 1975 1976
l 2012 2013
l 2012 2014
l 1979 1980
l 1721 1887
l 1361 1362
l 1993 1994
l 2387 2388
l 2431 2432
l 2432 2433
l 2435 2434
l 2429 2430
l 2455 2456
l 2451 2452
l 2439 2461
l 2501 2503
l 2482 2483
l 2491 2500
l 2542 2543
l 3063 3064
l 3049 3050
l 3024 3025
l 3045 3046
l 3020 3021
l 2964 2965
l 2975 2976
l 3006 3007
l 2983 2984
l 2556 2557
l 2991 2992
l 3077 3080
l 2597 2754
l 2608 2668
l 2770 2772
l 2603 2605
l 2770 2771
l 2661 2678
l 3090 3091
l 2781 2782
l 3037 3038
l 2809 2810
l 3086 3087
l 2688 2662
l 2815 2816
l 2785 2786
l 2746 2758
l 2760 2767
l 2619 2622
l 2825 2826
l 2854 2855
l 2852 2853
l 2867 2868
l 2903 2904
l 2907 2908
l 3104 3105
l 3108 3109
l 3126 3127
l 3199 3200
l 3300 3199
l 3508 3509
l 3534 3535
l 3634 3635
l 3506 3507
l 3538 3539
l 3504 3505
l 3424 3425
l 3286 3321
l 3548 3549
l 3287 3309
l 3516 3517
l 3227 3335
l 3154 3173
l 3152 3156
l 3373 3374
l 3369 3370
l 3482 3483
l 3196 3197
l 3630 3631
l 3353 3354
l 3145 3148
l 3347 3348
l 3240 3243
l 3336 3337
l 3343 3344
l 3203 3249
l 3140 3147
l 3139 3141
l 3268 3265
l 3574 3575
l 3576 3577
l 3620 3621
l 3584 3585
l 3678 3679
l 3654 3665
l 3692 3693
l 3664 3663
l 3662 3707
l 3897 3898
l 3830 3800
l 3909 3910
l 3797 3732
l 3950 3951
l 3760 3761
l 3954 3955
l 4012 4013
l 3943 3944
l 3946 3947
l 3767 3781
l 3803 3806
l 3775 3846
l 4052 4053
l 3723 3724
l 4026 4027
l 4032 4033
l 4054 4055
l 4419 4420
l 4120 4192
l 4381 4382
l 4401 4402
l 4340 4342
l 4362 4363
l 4323 4324
l 4337 4338
l 4304 4305
l 4371 4372
l 4213 4214
l 4373 4374
l 4104 4101
l 4119 4127
l 4222 4223
l 4229 4230
l 4224 4225
l 4098 4212
l 4348 4349
l 4239 4240
l 4233 4234
l 4181 4177
l 4241 4242
l 4268 4269
l 4243 4244
l 4262 4263
l 4252 4253
l 4145 4169
l 4266 4267
l 4473 4472
l 4485 4486
l 4505 4509
l 4553 4554
l 4541 4542
l 4527 4528
l 4615 4616
l 4662 4655
l 4716 4717
l 4844 4845
l 4772 4773
l 4742 4743
l 4713 4720
l 4748 4749
l 4768 4769
l 4674 4692
l 4633 4634
l 4707 4699
l 4645 4638
l 4627 4628
l 4868 4870
l 4908 4912
l 4946 4945
l 4951 4952
l 6142 6143
l 5221 5216
l 5309 5297
l 6188 6189
l 5319 5407
l 6164 6165
l 5073 5292
l 5202 5194
l 5197 5204
l 5442 5443
l 5449 5450
l 5437 5439
l 5853 5855
l 5868 5869
l 5868 5870
l 5331 5215
l 5724 5725
l 6160 6161
l 5853 5854
l 6110 6111
l 5451 5452
l 6076 6077
l 6062 6063
l 6040 6041
l 6044 6045
l 5457 5458
l 5461 5462
l 5746 5747
l 6072 6073
l 5011 5027
l 5675 5676
l 5974 5975
l 5984 5985
l 5639 5640
l 5883 5884
l 5829 5830
l 5662 5663
l 5383 5382
l 5088 5089
l 5650 5651
l 5268 5271
l 6042 6043
l 5931 5932
l 5917 5918
l 5122 5029
l 5480 5481
l 5385 5421
l 5062 5102
l 5490 5491
l 5504 5505
l 5500 5501
l 5112 5324
l 5496 5497
l 5671 5672
l 5685 5686
l 5864 5865
l 5707 5708
l 5809 5810
l 5080 5428
l 5030 5045
l 5152 5253
l 6002 6003
l 4989 4990
l 5540 5541
l 5035 5401
l 6016 6017
l 5625 5626
l 6008 6009
l 5796 5797
l 5921 5922
l 5550 5551
l 6004 6005
l 5168 5170
l 5038 5291
l 5586 5587
l 5615 5616
l 5560 5561
l 5609 5610
l 5598 5599
l 5287 5288
l 5178 5326
l 5410 5289
l 6317 6318
l 6234 6242
l 6339 6340
l 6375 6376
l 6263 6281
l 6297 6298
l 6214 6273
l 6313 6314
l 6365 6366
l 6361 6362
l 6202 6203
l 6321 6322
l 6268 6253
l 6327 6328
l 6228 6245
l 6205 6208
l 6207 6208
l 6383 6385
l 6388 6389
l 6980 6981
l 6978 6979
l 6576 6579
l 6974 6975
l 6590 6588
l 6485 6473
l 7012 7013
l 6924 6925
l 6791 6792
l 6766 6767
l 6621 6603
l 6764 6765
l 6740 6741
l 6912 6913
l 6730 6731
l 6539 6548
l 6785 6786
l 6531 6479
l 6526 6528
l 6663 6664
l 6900 6901
l 6860 6861
l 6701 6702
l 6693 6694
l 6651 6652
l 6681 6682
l 6649 6650
l 6570 6462
l 6896 6897
l 6450 6456
l 6705 6706
l 6904 6905
l 6878 6879
l 6839 6840
l 6398 6399
l 6600 6509
l 6822 6823
l 6816 6817
l 7130 7131
l 7132 7134
l 7149 7151
l 7210 7211
l 7203 7204
l 7218 7219
l 7222 7227
l 7524 7525
l 7526 7527
l 7308 7310
l 7255 7256
l 7450 7451
l 7440 7441
l 7375 7376
l 7434 7435
l 7432 7433
l 7375 7377
l 7470 7471
l 7330 7290
l 7265 7268
l 7534 7535
l 7556 7557
l 7588 7591
l 7631 7632
l 7635 7636
l 7638 7640
l 7682 7683
l 7682 7684
l 7720 7721
l 7728 7729
l 7751 7755
l 7753 7752
l 7761 7763
l 7746 7747
l 7780 7781
l 7788 7787
l 7815 7816
l 7798 7799
l 7799 7800
l 7808 7810
l 7830 7831
l 7827 7828
l 7828 7832
l 7832 7833
l 7837 7836
l 7850 7851
l 7871 7874
l 7873 7884
l 7889 7890
l 8119 8120
l 8022 8019
l 8097 8098
l 8101 8102
l 8072 8073
l 8068 8069
l 8055 8056
l 7994 7942
l 7908 7936
l 8155 8156
l 8182 8183
l 8260 8261
l 7948 7902
l 8133 8134
l 7947 8029
l 8194 8195
l 8226 8227
l 7945 7946
l 8160 8161
l 8039 8034
l 8218 8219
l 8222 8223
l 8240 8241
l 8294 8295
l 8308 8309
l 8323 8324
l 8336 8337
l 8342 8349
l 8352 8354
l 8361 8363
l 8380 8381
l 8383 8384
l 8396 8398
l 8399 8400
l 8403 8404
l 9389 9390
l 9357 9358
l 9353 9354
l 9330 9331
l 9239 9240
l 8586 8765
l 9142 9143
l 8473 8482
l 9236 9237
l 9324 9325
l 9373 9374
l 8782 8786
l 9128 9129
l 8474 8667
l 9186 9187
l 9350 9351
l 8779 8770
l 9301 9302
l 8484 8557
l 8966 8967
l 8870 8871
l 8432 8500
l 8442 8438
l 8964 8965
l 9168 9169
l 8904 8905
l 8908 8909
l 9232 9233
l 9228 9229
l 8876 8877
l 8928 8929
l 9218 9219
l 9204 9205
l 8431 8423
l 8954 8955
l 9361 9362
l 8958 8959
l 8950 8951
l 8844 8845
l 8686 8588
l 8940 8941
l 9255 9256
l 8805 8806
l 9029 9030
l 8414 8415
l 8825 8826
l 9377 9378
l 9263 9264
l 8996 8997
l 8988 8989
l 9279 9280
l 8701 8704
l 9285 9286
l 9418 9419
l 9426 9427
l 9473 9475
l 9469 9468
l 9504 9505
l 9820 9821
l 9634 9644
l 9775 9776
l 9826 9827
l 9516 9517
l 9798 9799
l 9790 9791
l 9780 9781
l 9546 9539
l 9772 9773
l 9768 9769
l 9840 9841
l 9568 9560
l 9735 9736
l 9646 9647
l 9659 9660
l 9651 9652
l 9671 9672
l 9718 9719
l 9729 9730
l 9850 9851
l 9872 9873
l 9917 9918
l 9930 9924
l 9928 9932
l 9931 9933
l 9939 9940
l 9955 9956
l 9946 9945
l 9949 9952
l 9978 9977
l 9968 9969
l 9974 9975
l 10030 10033
l 10048 10049
l 10055 10056
l 10088 10089
l 10062 10063
l 10141 10142
l 10150 10153
l 10167 10169
l 10203 10204
l 10345 10346
l 10213 10217
l 10270 10271
l 10341 10342
l 10331 10332
l 10232 10247
l 10294 10295
l 10367 10368
l 10190 10191
l 10387 10388
l 10389 10390
l 10391 10392
l 10401 10400
l 10426 10427
l 10428 10429
l 10455 10456
l 10458 10459
l 10470 10471
l 11438 11439
l 11391 11392
l 11236 11237
l 11395 11396
l 10749 10755
l 11233 11234
l 10781 10782
l 11406 11407
l 11363 11364
l 11456 11457
l 11270 11271
l 11139 11140
l 10634 10782
l 10867 10868
l 10637 10627
l 11047 11048
l 11263 11264
l 10486 10487
l 10807 10823
l 11054 11055
l 10910 10911
l 11022 11023
l 11067 11068
l 10958 10959
l 10675 10671
l 10837 10862
l 10970 10971
l 10977 10978
l 10996 10997
l 10598 10615
l 10502 10503
l 11274 11275
l 10987 10988
l 10793 10705
l 10578 10794
l 10709 10707
l 10708 10709
l 11199 11200
l 10572 10714
l 11103 11104
l 11190 11191
l 11125 11126
l 11175 11176
l 11121 11122
l 11159 11160
l 11167 11168
l 10719 10562
l 11204 11206
l 10518 10519
l 11288 11289
l 11329 11330
l 10530 10565
l 11301 11302
l 11336 11337
l 11357 11358
l 10548 10858
l 11477 11480
l 11487 11488
l 11492 11493
l 11542 11543
l 11517 11518
l 11620 11621
l 11568 11569
l 11584 11585
l 11623 11626
l 11673 11669
l 11686 11687
l 11690 11691
l 11705 11706
l 11709 11710
l 11742 11743
l 11768 11769
l 11758 11759
l 11776 11773
l 11783 11785
l 11957 11958
l 11866 11876
l 11949 11950
l 11852 11860
l 11929 11930
l 11850 11851
l 11973 11974
l 11979 11980
l 12164 12165
l 12044 12045
l 12007 12008
l 12168 12169
l 12047 12036
l 12026 12037
l 12126 12127
l 12013 12015
l 12016 12015
l 12116 12117
l 12019 12024
l 12022 12023
l 12068 12109
l 12215 12216
l 12060 12061
l 12053 12054
l 12187 12188
l 12176 12177
l 12243 12244
l 12273 12274
l 12298 12299
l 12301 12303
